pybullet build time: Sep 19 2026 08:27:33
✅ 既存の重み(ev3way_w1.npy, ev3way_w2.npy)をActorのwarm startとして読み込みました(v9の最終重みを引き継ぎ、log_std/Criticは新規初期化)
開始時点(warm start)の評価: best_reward = 1164.7
  iter   1/2000: rollout平均ep報酬=  -591.4 (エピソード数 15) policy_loss=-0.0009 value_loss=3168.158 entropy=-0.159 (この反復   2.7秒, 累計   0.0分)
  iter   2/2000: rollout平均ep報酬=  -354.2 (エピソード数  8) policy_loss=-0.0083 value_loss= 362.244 entropy=-0.131 (この反復   2.5秒, 累計   0.1分)
  iter   3/2000: rollout平均ep報酬=  -506.5 (エピソード数 12) policy_loss=+0.0593 value_loss=1644.285 entropy=-0.133 (この反復   2.2秒, 累計   0.1分)
  iter   4/2000: rollout平均ep報酬=  -475.6 (エピソード数 18) policy_loss=+0.0058 value_loss=1566.722 entropy=-0.133 (この反復   2.2秒, 累計   0.2分)
  iter   5/2000: rollout平均ep報酬=  -463.9 (エピソード数 14) policy_loss=-0.0001 value_loss=2621.637 entropy=-0.129 (この反復   2.1秒, 累計   0.2分)
    → 決定的方策の評価: best_reward候補 = 812.9 (これまでのベスト = 1164.7)
  iter   6/2000: rollout平均ep報酬=  -391.8 (エピソード数 13) policy_loss=+0.0708 value_loss=1433.741 entropy=-0.122 (この反復   2.1秒, 累計   0.3分)
  iter   7/2000: rollout平均ep報酬=  -530.1 (エピソード数  7) policy_loss=+0.0311 value_loss= 360.390 entropy=-0.147 (この反復   2.1秒, 累計   0.3分)
  iter   8/2000: rollout平均ep報酬=  -891.0 (エピソード数  9) policy_loss=+0.0109 value_loss=1621.997 entropy=-0.153 (この反復   2.0秒, 累計   0.3分)
  iter   9/2000: rollout平均ep報酬=  -419.2 (エピソード数 15) policy_loss=-0.0092 value_loss= 702.733 entropy=-0.150 (この反復   2.0秒, 累計   0.4分)
  iter  10/2000: rollout平均ep報酬=  -452.7 (エピソード数 12) policy_loss=-0.0207 value_loss= 815.371 entropy=-0.150 (この反復   2.3秒, 累計   0.4分)
    → 決定的方策の評価: best_reward候補 = 690.9 (これまでのベスト = 1164.7)
  [checkpoint] これまでのベスト重みを ev3way_w1.npy/ev3way_w2.npy に中間保存しました
  iter  11/2000: rollout平均ep報酬=  -704.4 (エピソード数 12) policy_loss=-0.0170 value_loss=2654.712 entropy=-0.140 (この反復   2.1秒, 累計   0.5分)
  iter  12/2000: rollout平均ep報酬=  -393.3 (エピソード数 18) policy_loss=-0.0202 value_loss=1392.940 entropy=-0.143 (この反復   2.1秒, 累計   0.5分)
  iter  13/2000: rollout平均ep報酬=  -554.9 (エピソード数 29) policy_loss=+0.0234 value_loss=4590.375 entropy=-0.145 (この反復   2.2秒, 累計   0.6分)
  iter  14/2000: rollout平均ep報酬=  -416.8 (エピソード数 29) policy_loss=+0.0392 value_loss=2276.875 entropy=-0.143 (この反復   2.0秒, 累計   0.6分)
  iter  15/2000: rollout平均ep報酬=  -368.0 (エピソード数 17) policy_loss=-0.0379 value_loss= 710.143 entropy=-0.129 (この反復   2.0秒, 累計   0.6分)
    → 決定的方策の評価: best_reward候補 = 590.7 (これまでのベスト = 1164.7)
  iter  16/2000: rollout平均ep報酬=  -504.8 (エピソード数 11) policy_loss=+0.0131 value_loss= 590.364 entropy=-0.119 (この反復   2.2秒, 累計   0.7分)
  iter  17/2000: rollout平均ep報酬=  -543.9 (エピソード数 21) policy_loss=-0.0143 value_loss=2008.967 entropy=-0.120 (この反復   2.0秒, 累計   0.8分)
  iter  18/2000: rollout平均ep報酬=  -538.2 (エピソード数 17) policy_loss=-0.0086 value_loss=1942.527 entropy=-0.113 (この反復   1.9秒, 累計   0.8分)
  iter  19/2000: rollout平均ep報酬=  -585.6 (エピソード数 16) policy_loss=-0.0826 value_loss=1129.234 entropy=-0.113 (この反復   2.1秒, 累計   0.8分)
  iter  20/2000: rollout平均ep報酬=  -404.2 (エピソード数 16) policy_loss=-0.0726 value_loss= 737.337 entropy=-0.118 (この反復   2.0秒, 累計   0.9分)
    → 決定的方策の評価: best_reward候補 = 522.8 (これまでのベスト = 1164.7)
  [checkpoint] これまでのベスト重みを ev3way_w1.npy/ev3way_w2.npy に中間保存しました
  iter  21/2000: rollout平均ep報酬=  -470.1 (エピソード数 17) policy_loss=+0.0287 value_loss=1279.381 entropy=-0.124 (この反復   1.9秒, 累計   0.9分)
  iter  22/2000: rollout平均ep報酬=  -670.8 (エピソード数  5) policy_loss=+0.0121 value_loss= 224.487 entropy=-0.153 (この反復   2.0秒, 累計   1.0分)
  iter  23/2000: rollout平均ep報酬=  -397.3 (エピソード数 18) policy_loss=+0.0029 value_loss=1284.092 entropy=-0.152 (この反復   2.0秒, 累計   1.0分)
  iter  24/2000: rollout平均ep報酬=  -432.4 (エピソード数 22) policy_loss=-0.0157 value_loss=1571.421 entropy=-0.164 (この反復   1.9秒, 累計   1.0分)
  iter  25/2000: rollout平均ep報酬=  -435.1 (エピソード数 29) policy_loss=-0.0428 value_loss=2361.541 entropy=-0.160 (この反復   1.9秒, 累計   1.1分)
    → 決定的方策の評価: best_reward候補 = 238.4 (これまでのベスト = 1164.7)
  iter  26/2000: rollout平均ep報酬=  -327.5 (エピソード数 40) policy_loss=+0.0353 value_loss=1900.319 entropy=-0.154 (この反復   2.1秒, 累計   1.1分)
  iter  27/2000: rollout平均ep報酬=  -393.0 (エピソード数 23) policy_loss=-0.0599 value_loss= 824.271 entropy=-0.155 (この反復   1.8秒, 累計   1.2分)
  iter  28/2000: rollout平均ep報酬=  -355.3 (エピソード数 38) policy_loss=-0.0710 value_loss=1578.415 entropy=-0.158 (この反復   2.1秒, 累計   1.2分)
  iter  29/2000: rollout平均ep報酬=  -345.2 (エピソード数 35) policy_loss=-0.0284 value_loss=1477.363 entropy=-0.162 (この反復   2.0秒, 累計   1.2分)
  iter  30/2000: rollout平均ep報酬=  -284.3 (エピソード数 24) policy_loss=-0.0419 value_loss= 815.393 entropy=-0.177 (この反復   2.1秒, 累計   1.3分)
    → 決定的方策の評価: best_reward候補 = 534.5 (これまでのベスト = 1164.7)
  [checkpoint] これまでのベスト重みを ev3way_w1.npy/ev3way_w2.npy に中間保存しました
  iter  31/2000: rollout平均ep報酬=  -388.0 (エピソード数 21) policy_loss=+0.0220 value_loss=1418.297 entropy=-0.172 (この反復   2.0秒, 累計   1.4分)
  iter  32/2000: rollout平均ep報酬=  -387.9 (エピソード数 25) policy_loss=-0.0246 value_loss=1743.008 entropy=-0.158 (この反復   2.1秒, 累計   1.4分)
  iter  33/2000: rollout平均ep報酬=  -314.7 (エピソード数 42) policy_loss=-0.0814 value_loss=1531.230 entropy=-0.163 (この反復   2.1秒, 累計   1.4分)
  iter  34/2000: rollout平均ep報酬=  -370.3 (エピソード数 28) policy_loss=-0.0395 value_loss=1301.964 entropy=-0.174 (この反復   2.1秒, 累計   1.5分)
  iter  35/2000: rollout平均ep報酬=  -365.5 (エピソード数 29) policy_loss=-0.0399 value_loss=1186.117 entropy=-0.168 (この反復   2.7秒, 累計   1.5分)
    → 決定的方策の評価: best_reward候補 = 447.9 (これまでのベスト = 1164.7)
  iter  36/2000: rollout平均ep報酬=  -367.0 (エピソード数 48) policy_loss=+0.0560 value_loss=3339.732 entropy=-0.157 (この反復   2.8秒, 累計   1.6分)
  iter  37/2000: rollout平均ep報酬=  -398.5 (エピソード数 31) policy_loss=+0.0673 value_loss=2151.907 entropy=-0.152 (この反復   2.5秒, 累計   1.7分)
  iter  38/2000: rollout平均ep報酬=  -536.3 (エピソード数 16) policy_loss=-0.0399 value_loss= 854.231 entropy=-0.158 (この反復   2.2秒, 累計   1.7分)
  iter  39/2000: rollout平均ep報酬=  -422.1 (エピソード数 26) policy_loss=+0.0452 value_loss=1214.516 entropy=-0.166 (この反復   1.9秒, 累計   1.7分)
  iter  40/2000: rollout平均ep報酬=  -350.9 (エピソード数 35) policy_loss=+0.0487 value_loss=1686.373 entropy=-0.151 (この反復   2.1秒, 累計   1.8分)
    → 決定的方策の評価: best_reward候補 = 477.6 (これまでのベスト = 1164.7)
  [checkpoint] これまでのベスト重みを ev3way_w1.npy/ev3way_w2.npy に中間保存しました
  iter  41/2000: rollout平均ep報酬=  -251.4 (エピソード数 28) policy_loss=+0.0211 value_loss= 817.745 entropy=-0.125 (この反復   2.0秒, 累計   1.8分)
  iter  42/2000: rollout平均ep報酬=  -400.7 (エピソード数 35) policy_loss=-0.0574 value_loss=1395.382 entropy=-0.115 (この反復   2.2秒, 累計   1.9分)
  iter  43/2000: rollout平均ep報酬=  -341.1 (エピソード数 39) policy_loss=-0.0301 value_loss=1354.620 entropy=-0.114 (この反復   2.1秒, 累計   1.9分)
  iter  44/2000: rollout平均ep報酬=  -421.5 (エピソード数 39) policy_loss=+0.0113 value_loss=1961.072 entropy=-0.109 (この反復   2.1秒, 累計   2.0分)
  iter  45/2000: rollout平均ep報酬=  -292.0 (エピソード数 51) policy_loss=-0.0284 value_loss=1621.727 entropy=-0.110 (この反復   2.0秒, 累計   2.0分)
    → 決定的方策の評価: best_reward候補 = 570.4 (これまでのベスト = 1164.7)
  iter  46/2000: rollout平均ep報酬=  -438.7 (エピソード数 26) policy_loss=+0.0365 value_loss=1292.632 entropy=-0.117 (この反復   3.7秒, 累計   2.1分)
  iter  47/2000: rollout平均ep報酬=  -319.9 (エピソード数 42) policy_loss=-0.0381 value_loss=1646.562 entropy=-0.104 (この反復   5.1秒, 累計   2.2分)
  iter  48/2000: rollout平均ep報酬=  -359.6 (エピソード数 38) policy_loss=-0.0971 value_loss=1613.818 entropy=-0.107 (この反復   2.0秒, 累計   2.2分)
  iter  49/2000: rollout平均ep報酬=  -316.4 (エピソード数 48) policy_loss=-0.0181 value_loss=2180.113 entropy=-0.104 (この反復   2.1秒, 累計   2.3分)
  iter  50/2000: rollout平均ep報酬=  -303.9 (エピソード数 57) policy_loss=+0.0627 value_loss=2278.514 entropy=-0.100 (この反復   1.9秒, 累計   2.3分)
    → 決定的方策の評価: best_reward候補 = 678.8 (これまでのベスト = 1164.7)
  [checkpoint] これまでのベスト重みを ev3way_w1.npy/ev3way_w2.npy に中間保存しました
  iter  51/2000: rollout平均ep報酬=  -369.3 (エピソード数 42) policy_loss=-0.0243 value_loss=1680.250 entropy=-0.089 (この反復   2.0秒, 累計   2.4分)
  iter  52/2000: rollout平均ep報酬=  -279.5 (エピソード数 69) policy_loss=-0.0327 value_loss=1993.818 entropy=-0.082 (この反復   2.6秒, 累計   2.4分)
  iter  53/2000: rollout平均ep報酬=  -299.6 (エピソード数 39) policy_loss=-0.0540 value_loss=1190.006 entropy=-0.078 (この反復   2.6秒, 累計   2.4分)
  iter  54/2000: rollout平均ep報酬=  -301.6 (エピソード数 38) policy_loss=-0.0862 value_loss= 978.557 entropy=-0.063 (この反復   2.2秒, 累計   2.5分)
  iter  55/2000: rollout平均ep報酬=  -326.6 (エピソード数 47) policy_loss=+0.0062 value_loss=1859.307 entropy=-0.073 (この反復   2.1秒, 累計   2.5分)
    → 決定的方策の評価: best_reward候補 = 273.6 (これまでのベスト = 1164.7)
  iter  56/2000: rollout平均ep報酬=  -297.3 (エピソード数 70) policy_loss=-0.0559 value_loss=2413.723 entropy=-0.081 (この反復   2.1秒, 累計   2.6分)
  iter  57/2000: rollout平均ep報酬=  -264.4 (エピソード数 92) policy_loss=+0.0397 value_loss=2781.254 entropy=-0.080 (この反復   2.1秒, 累計   2.6分)
  iter  58/2000: rollout平均ep報酬=  -266.1 (エピソード数 96) policy_loss=-0.0441 value_loss=2716.502 entropy=-0.081 (この反復   2.8秒, 累計   2.7分)
  iter  59/2000: rollout平均ep報酬=  -279.2 (エピソード数 93) policy_loss=+0.0675 value_loss=3257.403 entropy=-0.082 (この反復   3.9秒, 累計   2.7分)
  iter  60/2000: rollout平均ep報酬=  -297.4 (エピソード数 87) policy_loss=-0.0480 value_loss=2979.947 entropy=-0.085 (この反復   2.4秒, 累計   2.8分)
    → 決定的方策の評価: best_reward候補 = -60.4 (これまでのベスト = 1164.7)
  [checkpoint] これまでのベスト重みを ev3way_w1.npy/ev3way_w2.npy に中間保存しました
  iter  61/2000: rollout平均ep報酬=  -277.7 (エピソード数 96) policy_loss=-0.0083 value_loss=3077.372 entropy=-0.078 (この反復   2.1秒, 累計   2.9分)
  iter  62/2000: rollout平均ep報酬=  -276.4 (エピソード数 96) policy_loss=-0.0581 value_loss=2906.300 entropy=-0.079 (この反復   2.0秒, 累計   2.9分)
  iter  63/2000: rollout平均ep報酬=  -274.9 (エピソード数 95) policy_loss=+0.1088 value_loss=3217.293 entropy=-0.069 (この反復   2.0秒, 累計   2.9分)
  iter  64/2000: rollout平均ep報酬=  -255.7 (エピソード数100) policy_loss=+0.0566 value_loss=2787.723 entropy=-0.078 (この反復   2.0秒, 累計   3.0分)
  iter  65/2000: rollout平均ep報酬=  -253.9 (エピソード数103) policy_loss=-0.0776 value_loss=2512.084 entropy=-0.080 (この反復   2.0秒, 累計   3.0分)
    → 決定的方策の評価: best_reward候補 = -302.8 (これまでのベスト = 1164.7)
  iter  66/2000: rollout平均ep報酬=  -264.4 (エピソード数 96) policy_loss=-0.0517 value_loss=2557.119 entropy=-0.072 (この反復   2.0秒, 累計   3.0分)
  iter  67/2000: rollout平均ep報酬=  -251.5 (エピソード数105) policy_loss=-0.0054 value_loss=2876.636 entropy=-0.073 (この反復   2.0秒, 累計   3.1分)
  iter  68/2000: rollout平均ep報酬=  -250.7 (エピソード数106) policy_loss=-0.0222 value_loss=2736.434 entropy=-0.057 (この反復   2.4秒, 累計   3.1分)
  iter  69/2000: rollout平均ep報酬=  -231.6 (エピソード数105) policy_loss=-0.0015 value_loss=2243.875 entropy=-0.052 (この反復   2.1秒, 累計   3.1分)
  iter  70/2000: rollout平均ep報酬=  -241.6 (エピソード数116) policy_loss=+0.0645 value_loss=3305.292 entropy=-0.038 (この反復   2.0秒, 累計   3.2分)
    → 決定的方策の評価: best_reward候補 = -175.1 (これまでのベスト = 1164.7)
  [checkpoint] これまでのベスト重みを ev3way_w1.npy/ev3way_w2.npy に中間保存しました
  iter  71/2000: rollout平均ep報酬=  -230.5 (エピソード数114) policy_loss=-0.0482 value_loss=2295.328 entropy=-0.035 (この反復   2.0秒, 累計   3.2分)
  iter  72/2000: rollout平均ep報酬=  -224.6 (エピソード数114) policy_loss=+0.0180 value_loss=2342.155 entropy=-0.025 (この反復   2.0秒, 累計   3.2分)
  iter  73/2000: rollout平均ep報酬=  -207.7 (エピソード数111) policy_loss=+0.0242 value_loss=1805.508 entropy=-0.010 (この反復   2.0秒, 累計   3.3分)
  iter  74/2000: rollout平均ep報酬=  -192.5 (エピソード数122) policy_loss=+0.0479 value_loss=1644.400 entropy=+0.000 (この反復   2.0秒, 累計   3.3分)
  iter  75/2000: rollout平均ep報酬=  -182.7 (エピソード数124) policy_loss=-0.0177 value_loss=1244.394 entropy=+0.027 (この反復   2.1秒, 累計   3.3分)
    → 決定的方策の評価: best_reward候補 = -99.3 (これまでのベスト = 1164.7)
  iter  76/2000: rollout平均ep報酬=  -165.7 (エピソード数132) policy_loss=+0.0572 value_loss=1106.879 entropy=+0.013 (この反復   2.1秒, 累計   3.4分)
  iter  77/2000: rollout平均ep報酬=  -162.6 (エピソード数134) policy_loss=+0.0193 value_loss= 846.985 entropy=+0.003 (この反復   2.2秒, 累計   3.4分)
  iter  78/2000: rollout平均ep報酬=  -148.8 (エピソード数138) policy_loss=+0.0472 value_loss= 751.580 entropy=+0.013 (この反復   2.1秒, 累計   3.4分)
  iter  79/2000: rollout平均ep報酬=  -146.3 (エピソード数140) policy_loss=+0.0334 value_loss= 607.253 entropy=-0.017 (この反復   2.1秒, 累計   3.5分)
  iter  80/2000: rollout平均ep報酬=  -143.8 (エピソード数140) policy_loss=-0.0527 value_loss= 455.431 entropy=-0.012 (この反復   2.1秒, 累計   3.5分)
    → 決定的方策の評価: best_reward候補 = -90.1 (これまでのベスト = 1164.7)
  [checkpoint] これまでのベスト重みを ev3way_w1.npy/ev3way_w2.npy に中間保存しました
  iter  81/2000: rollout平均ep報酬=  -139.6 (エピソード数140) policy_loss=-0.0140 value_loss= 435.985 entropy=-0.014 (この反復   2.1秒, 累計   3.6分)
  iter  82/2000: rollout平均ep報酬=  -135.3 (エピソード数150) policy_loss=-0.0083 value_loss= 392.672 entropy=-0.047 (この反復   2.2秒, 累計   3.6分)
  iter  83/2000: rollout平均ep報酬=  -134.3 (エピソード数142) policy_loss=+0.0556 value_loss= 382.642 entropy=-0.080 (この反復   2.2秒, 累計   3.6分)
  iter  84/2000: rollout平均ep報酬=  -133.9 (エピソード数141) policy_loss=-0.0711 value_loss= 320.722 entropy=-0.104 (この反復   2.1秒, 累計   3.7分)
  iter  85/2000: rollout平均ep報酬=  -130.8 (エピソード数145) policy_loss=-0.0090 value_loss= 310.648 entropy=-0.110 (この反復   2.2秒, 累計   3.7分)
    → 決定的方策の評価: best_reward候補 = -86.1 (これまでのベスト = 1164.7)
  iter  86/2000: rollout平均ep報酬=  -125.8 (エピソード数137) policy_loss=-0.0657 value_loss= 278.129 entropy=-0.120 (この反復   2.2秒, 累計   3.7分)
  iter  87/2000: rollout平均ep報酬=  -127.7 (エピソード数142) policy_loss=+0.1040 value_loss= 280.670 entropy=-0.122 (この反復   2.1秒, 累計   3.8分)
  iter  88/2000: rollout平均ep報酬=  -127.7 (エピソード数144) policy_loss=+0.0007 value_loss= 247.721 entropy=-0.145 (この反復   2.2秒, 累計   3.8分)
  iter  89/2000: rollout平均ep報酬=  -131.8 (エピソード数145) policy_loss=+0.0209 value_loss= 262.823 entropy=-0.156 (この反復   2.2秒, 累計   3.8分)
  iter  90/2000: rollout平均ep報酬=  -128.1 (エピソード数143) policy_loss=+0.0772 value_loss= 242.441 entropy=-0.178 (この反復   2.2秒, 累計   3.9分)
    → 決定的方策の評価: best_reward候補 = -75.7 (これまでのベスト = 1164.7)
  [checkpoint] これまでのベスト重みを ev3way_w1.npy/ev3way_w2.npy に中間保存しました
  iter  91/2000: rollout平均ep報酬=  -129.6 (エピソード数140) policy_loss=+0.0929 value_loss= 241.580 entropy=-0.192 (この反復   2.2秒, 累計   3.9分)
  iter  92/2000: rollout平均ep報酬=  -126.2 (エピソード数141) policy_loss=-0.0673 value_loss= 213.009 entropy=-0.192 (この反復   2.2秒, 累計   4.0分)
  iter  93/2000: rollout平均ep報酬=  -128.5 (エピソード数140) policy_loss=+0.0391 value_loss= 205.770 entropy=-0.212 (この反復   2.3秒, 累計   4.0分)
  iter  94/2000: rollout平均ep報酬=  -124.8 (エピソード数147) policy_loss=-0.0403 value_loss= 144.039 entropy=-0.219 (この反復   2.2秒, 累計   4.0分)
  iter  95/2000: rollout平均ep報酬=  -126.1 (エピソード数145) policy_loss=-0.0277 value_loss= 154.659 entropy=-0.225 (この反復   2.2秒, 累計   4.1分)
    → 決定的方策の評価: best_reward候補 = -88.7 (これまでのベスト = 1164.7)
  iter  96/2000: rollout平均ep報酬=  -123.2 (エピソード数150) policy_loss=+0.0232 value_loss= 152.116 entropy=-0.220 (この反復   2.2秒, 累計   4.1分)
  iter  97/2000: rollout平均ep報酬=  -124.1 (エピソード数145) policy_loss=-0.0444 value_loss= 127.208 entropy=-0.234 (この反復   2.2秒, 累計   4.1分)
  iter  98/2000: rollout平均ep報酬=  -122.8 (エピソード数147) policy_loss=+0.0405 value_loss= 115.347 entropy=-0.243 (この反復   2.2秒, 累計   4.2分)
  iter  99/2000: rollout平均ep報酬=  -125.4 (エピソード数143) policy_loss=+0.0915 value_loss= 114.552 entropy=-0.261 (この反復   2.2秒, 累計   4.2分)
  iter 100/2000: rollout平均ep報酬=  -119.0 (エピソード数139) policy_loss=+0.0421 value_loss=  84.864 entropy=-0.299 (この反復   2.2秒, 累計   4.3分)
    → 決定的方策の評価: best_reward候補 = 175.1 (これまでのベスト = 1164.7)
  [checkpoint] これまでのベスト重みを ev3way_w1.npy/ev3way_w2.npy に中間保存しました
  iter 101/2000: rollout平均ep報酬=  -125.5 (エピソード数132) policy_loss=-0.0234 value_loss= 103.921 entropy=-0.316 (この反復   2.2秒, 累計   4.3分)
  iter 102/2000: rollout平均ep報酬=  -120.2 (エピソード数129) policy_loss=-0.0274 value_loss=  73.128 entropy=-0.348 (この反復   2.2秒, 累計   4.3分)
  iter 103/2000: rollout平均ep報酬=  -119.6 (エピソード数137) policy_loss=+0.0936 value_loss= 287.175 entropy=-0.371 (この反復   2.2秒, 累計   4.4分)
  iter 104/2000: rollout平均ep報酬=  -118.6 (エピソード数139) policy_loss=-0.0221 value_loss= 109.644 entropy=-0.371 (この反復   2.2秒, 累計   4.4分)
  iter 105/2000: rollout平均ep報酬=  -118.1 (エピソード数137) policy_loss=+0.0596 value_loss= 133.924 entropy=-0.369 (この反復   2.2秒, 累計   4.4分)
    → 決定的方策の評価: best_reward候補 = -82.9 (これまでのベスト = 1164.7)
  iter 106/2000: rollout平均ep報酬=  -118.8 (エピソード数120) policy_loss=+0.0375 value_loss= 163.571 entropy=-0.363 (この反復   2.2秒, 累計   4.5分)
  iter 107/2000: rollout平均ep報酬=  -117.7 (エピソード数135) policy_loss=+0.0330 value_loss= 127.426 entropy=-0.380 (この反復   2.2秒, 累計   4.5分)
  iter 108/2000: rollout平均ep報酬=  -119.2 (エピソード数131) policy_loss=+0.0406 value_loss= 150.757 entropy=-0.400 (この反復   2.3秒, 累計   4.6分)
  iter 109/2000: rollout平均ep報酬=  -119.9 (エピソード数112) policy_loss=-0.0678 value_loss= 124.226 entropy=-0.422 (この反復   2.3秒, 累計   4.6分)
  iter 110/2000: rollout平均ep報酬=  -120.2 (エピソード数116) policy_loss=-0.0504 value_loss=  77.480 entropy=-0.445 (この反復   2.2秒, 累計   4.6分)
    → 決定的方策の評価: best_reward候補 = -92.4 (これまでのベスト = 1164.7)
  [checkpoint] これまでのベスト重みを ev3way_w1.npy/ev3way_w2.npy に中間保存しました
  iter 111/2000: rollout平均ep報酬=  -119.1 (エピソード数114) policy_loss=-0.0594 value_loss= 154.522 entropy=-0.440 (この反復   2.2秒, 累計   4.7分)
  iter 112/2000: rollout平均ep報酬=  -118.0 (エピソード数120) policy_loss=-0.0554 value_loss=  87.730 entropy=-0.463 (この反復   2.2秒, 累計   4.7分)
  iter 113/2000: rollout平均ep報酬=  -119.3 (エピソード数109) policy_loss=+0.0417 value_loss= 173.643 entropy=-0.470 (この反復   2.2秒, 累計   4.7分)
  iter 114/2000: rollout平均ep報酬=  -120.0 (エピソード数130) policy_loss=+0.0364 value_loss= 157.244 entropy=-0.500 (この反復   2.2秒, 累計   4.8分)
  iter 115/2000: rollout平均ep報酬=  -122.0 (エピソード数112) policy_loss=+0.0139 value_loss= 272.693 entropy=-0.498 (この反復   2.2秒, 累計   4.8分)
    → 決定的方策の評価: best_reward候補 = -77.0 (これまでのベスト = 1164.7)
  iter 116/2000: rollout平均ep報酬=  -120.0 (エピソード数118) policy_loss=+0.0617 value_loss= 123.124 entropy=-0.525 (この反復   2.2秒, 累計   4.9分)
  iter 117/2000: rollout平均ep報酬=  -116.2 (エピソード数115) policy_loss=-0.0557 value_loss= 175.683 entropy=-0.526 (この反復   2.2秒, 累計   4.9分)
  iter 118/2000: rollout平均ep報酬=  -117.4 (エピソード数119) policy_loss=-0.0275 value_loss= 190.139 entropy=-0.530 (この反復   2.3秒, 累計   4.9分)
  iter 119/2000: rollout平均ep報酬=  -116.4 (エピソード数107) policy_loss=-0.0186 value_loss= 115.160 entropy=-0.541 (この反復   2.2秒, 累計   5.0分)
  iter 120/2000: rollout平均ep報酬=  -117.8 (エピソード数114) policy_loss=-0.0258 value_loss= 141.421 entropy=-0.563 (この反復   2.3秒, 累計   5.0分)
    → 決定的方策の評価: best_reward候補 = -4.2 (これまでのベスト = 1164.7)
  [checkpoint] これまでのベスト重みを ev3way_w1.npy/ev3way_w2.npy に中間保存しました
  iter 121/2000: rollout平均ep報酬=  -118.4 (エピソード数113) policy_loss=-0.0248 value_loss= 232.518 entropy=-0.550 (この反復   2.2秒, 累計   5.1分)
  iter 122/2000: rollout平均ep報酬=  -119.4 (エピソード数107) policy_loss=+0.0205 value_loss= 131.837 entropy=-0.567 (この反復   2.2秒, 累計   5.1分)
  iter 123/2000: rollout平均ep報酬=  -117.4 (エピソード数107) policy_loss=-0.0372 value_loss= 142.076 entropy=-0.582 (この反復   2.2秒, 累計   5.1分)
  iter 124/2000: rollout平均ep報酬=  -119.5 (エピソード数110) policy_loss=+0.1009 value_loss= 182.750 entropy=-0.584 (この反復   2.2秒, 累計   5.2分)
  iter 125/2000: rollout平均ep報酬=  -119.2 (エピソード数105) policy_loss=-0.0279 value_loss= 126.737 entropy=-0.595 (この反復   2.2秒, 累計   5.2分)
    → 決定的方策の評価: best_reward候補 = -99.3 (これまでのベスト = 1164.7)
  iter 126/2000: rollout平均ep報酬=  -121.4 (エピソード数117) policy_loss=-0.0384 value_loss= 217.356 entropy=-0.599 (この反復   2.2秒, 累計   5.2分)
  iter 127/2000: rollout平均ep報酬=  -120.1 (エピソード数110) policy_loss=-0.0590 value_loss= 140.534 entropy=-0.624 (この反復   2.3秒, 累計   5.3分)
  iter 128/2000: rollout平均ep報酬=  -116.3 (エピソード数109) policy_loss=-0.0238 value_loss= 167.367 entropy=-0.617 (この反復   2.2秒, 累計   5.3分)
  iter 129/2000: rollout平均ep報酬=  -115.5 (エピソード数114) policy_loss=+0.0911 value_loss= 229.789 entropy=-0.621 (この反復   2.2秒, 累計   5.4分)
  iter 130/2000: rollout平均ep報酬=  -115.1 (エピソード数104) policy_loss=-0.0316 value_loss= 230.830 entropy=-0.628 (この反復   2.3秒, 累計   5.4分)
    → 決定的方策の評価: best_reward候補 = -102.7 (これまでのベスト = 1164.7)
  [checkpoint] これまでのベスト重みを ev3way_w1.npy/ev3way_w2.npy に中間保存しました
  iter 131/2000: rollout平均ep報酬=  -119.3 (エピソード数 92) policy_loss=-0.0164 value_loss= 176.219 entropy=-0.625 (この反復   2.2秒, 累計   5.4分)
  iter 132/2000: rollout平均ep報酬=  -123.0 (エピソード数 95) policy_loss=-0.0820 value_loss= 169.525 entropy=-0.627 (この反復   2.2秒, 累計   5.5分)
  iter 133/2000: rollout平均ep報酬=  -120.0 (エピソード数111) policy_loss=+0.0613 value_loss= 239.967 entropy=-0.631 (この反復   2.2秒, 累計   5.5分)
  iter 134/2000: rollout平均ep報酬=  -121.9 (エピソード数113) policy_loss=-0.0170 value_loss= 149.591 entropy=-0.629 (この反復   2.2秒, 累計   5.5分)
  iter 135/2000: rollout平均ep報酬=  -121.5 (エピソード数105) policy_loss=-0.0801 value_loss= 162.490 entropy=-0.628 (この反復   2.2秒, 累計   5.6分)
    → 決定的方策の評価: best_reward候補 = -99.4 (これまでのベスト = 1164.7)
  iter 136/2000: rollout平均ep報酬=  -119.8 (エピソード数101) policy_loss=+0.0080 value_loss= 163.602 entropy=-0.643 (この反復   2.2秒, 累計   5.6分)
  iter 137/2000: rollout平均ep報酬=  -119.7 (エピソード数 92) policy_loss=+0.0979 value_loss= 208.127 entropy=-0.646 (この反復   2.2秒, 累計   5.7分)
  iter 138/2000: rollout平均ep報酬=  -120.0 (エピソード数 98) policy_loss=-0.0578 value_loss= 110.086 entropy=-0.661 (この反復   2.2秒, 累計   5.7分)
  iter 139/2000: rollout平均ep報酬=  -121.3 (エピソード数101) policy_loss=-0.0868 value_loss= 130.209 entropy=-0.682 (この反復   2.2秒, 累計   5.7分)
  iter 140/2000: rollout平均ep報酬=  -119.7 (エピソード数 96) policy_loss=-0.0731 value_loss= 224.346 entropy=-0.706 (この反復   2.2秒, 累計   5.8分)
    → 決定的方策の評価: best_reward候補 = -103.6 (これまでのベスト = 1164.7)
  [checkpoint] これまでのベスト重みを ev3way_w1.npy/ev3way_w2.npy に中間保存しました
  iter 141/2000: rollout平均ep報酬=  -121.7 (エピソード数103) policy_loss=+0.0079 value_loss= 202.832 entropy=-0.704 (この反復   2.2秒, 累計   5.8分)
  iter 142/2000: rollout平均ep報酬=  -119.0 (エピソード数 99) policy_loss=-0.0337 value_loss= 153.801 entropy=-0.698 (この反復   2.2秒, 累計   5.8分)
  iter 143/2000: rollout平均ep報酬=  -116.0 (エピソード数 91) policy_loss=+0.0136 value_loss= 166.592 entropy=-0.713 (この反復   2.2秒, 累計   5.9分)
  iter 144/2000: rollout平均ep報酬=  -117.9 (エピソード数 87) policy_loss=+0.0901 value_loss= 222.051 entropy=-0.716 (この反復   2.3秒, 累計   5.9分)
  iter 145/2000: rollout平均ep報酬=  -124.0 (エピソード数 97) policy_loss=+0.0237 value_loss= 208.600 entropy=-0.719 (この反復   2.2秒, 累計   6.0分)
    → 決定的方策の評価: best_reward候補 = -101.7 (これまでのベスト = 1164.7)
  iter 146/2000: rollout平均ep報酬=  -117.3 (エピソード数 97) policy_loss=+0.0319 value_loss= 183.951 entropy=-0.727 (この反復   2.2秒, 累計   6.0分)
  iter 147/2000: rollout平均ep報酬=  -120.1 (エピソード数115) policy_loss=-0.0430 value_loss= 112.334 entropy=-0.748 (この反復   2.2秒, 累計   6.0分)
  iter 148/2000: rollout平均ep報酬=  -117.5 (エピソード数 92) policy_loss=+0.0681 value_loss= 237.167 entropy=-0.746 (この反復   2.2秒, 累計   6.1分)
  iter 149/2000: rollout平均ep報酬=  -118.9 (エピソード数 92) policy_loss=-0.0575 value_loss= 123.723 entropy=-0.759 (この反復   2.2秒, 累計   6.1分)
  iter 150/2000: rollout平均ep報酬=  -115.2 (エピソード数 91) policy_loss=-0.0998 value_loss= 176.412 entropy=-0.757 (この反復   2.3秒, 累計   6.1分)
    → 決定的方策の評価: best_reward候補 = -100.0 (これまでのベスト = 1164.7)
  [checkpoint] これまでのベスト重みを ev3way_w1.npy/ev3way_w2.npy に中間保存しました
  iter 151/2000: rollout平均ep報酬=  -118.9 (エピソード数 92) policy_loss=-0.0176 value_loss= 224.647 entropy=-0.772 (この反復   2.3秒, 累計   6.2分)
  iter 152/2000: rollout平均ep報酬=  -113.3 (エピソード数 96) policy_loss=+0.0090 value_loss= 170.770 entropy=-0.762 (この反復   2.3秒, 累計   6.2分)
  iter 153/2000: rollout平均ep報酬=  -116.0 (エピソード数 88) policy_loss=+0.0470 value_loss= 174.104 entropy=-0.770 (この反復   2.2秒, 累計   6.3分)
  iter 154/2000: rollout平均ep報酬=  -118.2 (エピソード数 82) policy_loss=-0.0400 value_loss= 139.442 entropy=-0.767 (この反復   2.2秒, 累計   6.3分)
  iter 155/2000: rollout平均ep報酬=  -120.2 (エピソード数 75) policy_loss=+0.0208 value_loss= 221.117 entropy=-0.778 (この反復   2.2秒, 累計   6.3分)
    → 決定的方策の評価: best_reward候補 = -99.3 (これまでのベスト = 1164.7)
  iter 156/2000: rollout平均ep報酬=  -118.0 (エピソード数 94) policy_loss=-0.0013 value_loss= 208.330 entropy=-0.783 (この反復   2.4秒, 累計   6.4分)
  iter 157/2000: rollout平均ep報酬=  -109.9 (エピソード数 56) policy_loss=-0.0459 value_loss= 172.796 entropy=-0.782 (この反復   2.1秒, 累計   6.4分)
  iter 158/2000: rollout平均ep報酬=  -117.8 (エピソード数 57) policy_loss=+0.0096 value_loss= 210.310 entropy=-0.784 (この反復   2.2秒, 累計   6.4分)
  iter 159/2000: rollout平均ep報酬=  -108.5 (エピソード数 63) policy_loss=+0.0688 value_loss= 222.745 entropy=-0.786 (この反復   2.2秒, 累計   6.5分)
  iter 160/2000: rollout平均ep報酬=  -102.0 (エピソード数 56) policy_loss=-0.0067 value_loss= 175.173 entropy=-0.791 (この反復   2.3秒, 累計   6.5分)
    → 決定的方策の評価: best_reward候補 = -95.1 (これまでのベスト = 1164.7)
  [checkpoint] これまでのベスト重みを ev3way_w1.npy/ev3way_w2.npy に中間保存しました
  iter 161/2000: rollout平均ep報酬=  -103.8 (エピソード数 41) policy_loss=+0.0050 value_loss= 178.743 entropy=-0.797 (この反復   2.1秒, 累計   6.6分)
  iter 162/2000: rollout平均ep報酬=  -124.2 (エピソード数 87) policy_loss=-0.0130 value_loss= 138.793 entropy=-0.796 (この反復   2.2秒, 累計   6.6分)
  iter 163/2000: rollout平均ep報酬=  -122.0 (エピソード数 69) policy_loss=+0.0879 value_loss= 152.981 entropy=-0.797 (この反復   2.1秒, 累計   6.6分)
  iter 164/2000: rollout平均ep報酬=   -95.8 (エピソード数 46) policy_loss=+0.0291 value_loss= 191.017 entropy=-0.798 (この反復   2.2秒, 累計   6.7分)
  iter 165/2000: rollout平均ep報酬=  -121.6 (エピソード数 92) policy_loss=+0.0227 value_loss= 207.276 entropy=-0.789 (この反復   2.2秒, 累計   6.7分)
    → 決定的方策の評価: best_reward候補 = -94.0 (これまでのベスト = 1164.7)
  iter 166/2000: rollout平均ep報酬=  -108.5 (エピソード数 67) policy_loss=-0.0092 value_loss= 162.160 entropy=-0.801 (この反復   2.1秒, 累計   6.7分)
  iter 167/2000: rollout平均ep報酬=  -118.9 (エピソード数 80) policy_loss=+0.0533 value_loss= 187.428 entropy=-0.806 (この反復   2.2秒, 累計   6.8分)
  iter 168/2000: rollout平均ep報酬=  -114.4 (エピソード数 66) policy_loss=-0.0939 value_loss= 212.627 entropy=-0.799 (この反復   2.2秒, 累計   6.8分)
  iter 169/2000: rollout平均ep報酬=  -116.3 (エピソード数 48) policy_loss=+0.0120 value_loss= 164.818 entropy=-0.798 (この反復   2.1秒, 累計   6.8分)
  iter 170/2000: rollout平均ep報酬=   -62.9 (エピソード数 16) policy_loss=-0.0721 value_loss= 130.378 entropy=-0.798 (この反復   2.1秒, 累計   6.9分)
    → 決定的方策の評価: best_reward候補 = -90.3 (これまでのベスト = 1164.7)
  [checkpoint] これまでのベスト重みを ev3way_w1.npy/ev3way_w2.npy に中間保存しました
  iter 171/2000: rollout平均ep報酬=   -85.5 (エピソード数 28) policy_loss=+0.0506 value_loss= 173.294 entropy=-0.792 (この反復   2.1秒, 累計   6.9分)
  iter 172/2000: rollout平均ep報酬=   -85.7 (エピソード数 37) policy_loss=+0.0057 value_loss= 194.108 entropy=-0.789 (この反復   2.2秒, 累計   7.0分)
  iter 173/2000: rollout平均ep報酬=  -133.4 (エピソード数 30) policy_loss=-0.0159 value_loss= 107.572 entropy=-0.809 (この反復   1.9秒, 累計   7.0分)
  iter 174/2000: rollout平均ep報酬=  -113.0 (エピソード数 39) policy_loss=-0.0494 value_loss=  90.966 entropy=-0.809 (この反復   2.0秒, 累計   7.0分)
  iter 175/2000: rollout平均ep報酬=   -97.9 (エピソード数 36) policy_loss=+0.0372 value_loss= 140.341 entropy=-0.803 (この反復   2.1秒, 累計   7.1分)
    → 決定的方策の評価: best_reward候補 = -91.5 (これまでのベスト = 1164.7)
  iter 176/2000: rollout平均ep報酬=   -55.2 (エピソード数 30) policy_loss=+0.0604 value_loss= 249.981 entropy=-0.804 (この反復   2.2秒, 累計   7.1分)
  iter 177/2000: rollout平均ep報酬=  -114.2 (エピソード数 34) policy_loss=+0.0176 value_loss= 171.341 entropy=-0.804 (この反復   2.1秒, 累計   7.1分)
  iter 178/2000: rollout平均ep報酬=  -138.3 (エピソード数 54) policy_loss=-0.0249 value_loss= 220.775 entropy=-0.811 (この反復   2.1秒, 累計   7.2分)
  iter 179/2000: rollout平均ep報酬=   -78.2 (エピソード数 39) policy_loss=-0.0265 value_loss= 201.793 entropy=-0.812 (この反復   2.2秒, 累計   7.2分)
  iter 180/2000: rollout平均ep報酬=  -105.1 (エピソード数 43) policy_loss=+0.0295 value_loss= 184.169 entropy=-0.823 (この反復   2.1秒, 累計   7.2分)
    → 決定的方策の評価: best_reward候補 = -74.3 (これまでのベスト = 1164.7)
  [checkpoint] これまでのベスト重みを ev3way_w1.npy/ev3way_w2.npy に中間保存しました
  iter 181/2000: rollout平均ep報酬=  -122.6 (エピソード数 29) policy_loss=-0.1075 value_loss= 181.262 entropy=-0.836 (この反復   2.1秒, 累計   7.3分)
  iter 182/2000: rollout平均ep報酬=   -99.4 (エピソード数 43) policy_loss=-0.0051 value_loss= 187.742 entropy=-0.852 (この反復   2.0秒, 累計   7.3分)
  iter 183/2000: rollout平均ep報酬=  -108.8 (エピソード数 26) policy_loss=-0.0478 value_loss= 104.072 entropy=-0.854 (この反復   2.4秒, 累計   7.3分)
  iter 184/2000: rollout平均ep報酬=   -71.0 (エピソード数 28) policy_loss=-0.0774 value_loss= 104.934 entropy=-0.862 (この反復   2.1秒, 累計   7.4分)
  iter 185/2000: rollout平均ep報酬=   -65.1 (エピソード数 26) policy_loss=-0.0607 value_loss=  86.270 entropy=-0.861 (この反復   2.1秒, 累計   7.4分)
    → 決定的方策の評価: best_reward候補 = 348.1 (これまでのベスト = 1164.7)
  iter 186/2000: rollout平均ep報酬=  -110.4 (エピソード数 25) policy_loss=-0.0250 value_loss= 151.780 entropy=-0.876 (この反復   2.1秒, 累計   7.5分)
  iter 187/2000: rollout平均ep報酬=   -74.7 (エピソード数 32) policy_loss=-0.0273 value_loss= 189.395 entropy=-0.876 (この反復   2.1秒, 累計   7.5分)
  iter 188/2000: rollout平均ep報酬=   -80.3 (エピソード数 21) policy_loss=+0.0263 value_loss= 185.141 entropy=-0.880 (この反復   2.1秒, 累計   7.5分)
  iter 189/2000: rollout平均ep報酬=   -80.2 (エピソード数 35) policy_loss=+0.0233 value_loss= 162.482 entropy=-0.868 (この反復   2.2秒, 累計   7.6分)
  iter 190/2000: rollout平均ep報酬=   -90.9 (エピソード数 41) policy_loss=-0.0442 value_loss= 160.192 entropy=-0.868 (この反復   2.1秒, 累計   7.6分)
    → 決定的方策の評価: best_reward候補 = 106.5 (これまでのベスト = 1164.7)
  [checkpoint] これまでのベスト重みを ev3way_w1.npy/ev3way_w2.npy に中間保存しました
  iter 191/2000: rollout平均ep報酬=  -128.3 (エピソード数 16) policy_loss=+0.0664 value_loss= 130.582 entropy=-0.877 (この反復   2.1秒, 累計   7.7分)
  iter 192/2000: rollout平均ep報酬=   -51.6 (エピソード数 24) policy_loss=-0.0057 value_loss= 188.463 entropy=-0.873 (この反復   2.1秒, 累計   7.7分)
  iter 193/2000: rollout平均ep報酬=  -140.9 (エピソード数 19) policy_loss=-0.0582 value_loss= 166.090 entropy=-0.885 (この反復   2.0秒, 累計   7.7分)
  iter 194/2000: rollout平均ep報酬=   -61.8 (エピソード数 22) policy_loss=-0.0510 value_loss= 127.344 entropy=-0.876 (この反復   2.3秒, 累計   7.8分)
  iter 195/2000: rollout平均ep報酬=  -122.0 (エピソード数 25) policy_loss=+0.0467 value_loss= 139.144 entropy=-0.870 (この反復   2.2秒, 累計   7.8分)
    → 決定的方策の評価: best_reward候補 = 326.1 (これまでのベスト = 1164.7)
  iter 196/2000: rollout平均ep報酬=  -112.6 (エピソード数 23) policy_loss=-0.0141 value_loss= 173.951 entropy=-0.902 (この反復   2.0秒, 累計   7.9分)
  iter 197/2000: rollout平均ep報酬=   -63.6 (エピソード数 24) policy_loss=+0.0108 value_loss= 152.557 entropy=-0.917 (この反復   2.2秒, 累計   7.9分)
  iter 198/2000: rollout平均ep報酬=   -95.7 (エピソード数 24) policy_loss=+0.0500 value_loss= 188.806 entropy=-0.917 (この反復   2.2秒, 累計   7.9分)
  iter 199/2000: rollout平均ep報酬=  -116.0 (エピソード数 11) policy_loss=+0.0154 value_loss=  65.028 entropy=-0.940 (この反復   2.0秒, 累計   8.0分)
  iter 200/2000: rollout平均ep報酬=   -30.8 (エピソード数 25) policy_loss=+0.0152 value_loss= 244.001 entropy=-0.935 (この反復   2.1秒, 累計   8.0分)
    → 決定的方策の評価: best_reward候補 = 123.9 (これまでのベスト = 1164.7)
  [checkpoint] これまでのベスト重みを ev3way_w1.npy/ev3way_w2.npy に中間保存しました
  iter 201/2000: rollout平均ep報酬=  -103.7 (エピソード数 42) policy_loss=+0.0410 value_loss= 317.835 entropy=-0.929 (この反復   2.2秒, 累計   8.0分)
  iter 202/2000: rollout平均ep報酬=  -123.3 (エピソード数 35) policy_loss=-0.1080 value_loss= 161.576 entropy=-0.948 (この反復   2.1秒, 累計   8.1分)
  iter 203/2000: rollout平均ep報酬=  -114.7 (エピソード数 36) policy_loss=-0.0259 value_loss= 124.857 entropy=-0.947 (この反復   2.1秒, 累計   8.1分)
  iter 204/2000: rollout平均ep報酬=  -134.3 (エピソード数 25) policy_loss=+0.0378 value_loss= 151.631 entropy=-0.947 (この反復   2.1秒, 累計   8.2分)
  iter 205/2000: rollout平均ep報酬=   -91.7 (エピソード数 28) policy_loss=-0.0063 value_loss= 191.657 entropy=-0.949 (この反復   2.2秒, 累計   8.2分)
    → 決定的方策の評価: best_reward候補 = 112.0 (これまでのベスト = 1164.7)
  iter 206/2000: rollout平均ep報酬=  -135.0 (エピソード数 18) policy_loss=-0.0005 value_loss= 176.234 entropy=-0.959 (この反復   2.1秒, 累計   8.2分)
  iter 207/2000: rollout平均ep報酬=   -62.3 (エピソード数 16) policy_loss=-0.0619 value_loss= 113.072 entropy=-0.953 (この反復   2.1秒, 累計   8.3分)
  iter 208/2000: rollout平均ep報酬=   -53.2 (エピソード数 19) policy_loss=-0.0342 value_loss= 221.110 entropy=-0.954 (この反復   2.1秒, 累計   8.3分)
  iter 209/2000: rollout平均ep報酬=   -88.5 (エピソード数 13) policy_loss=+0.0938 value_loss= 197.655 entropy=-0.943 (この反復   2.0秒, 累計   8.3分)
  iter 210/2000: rollout平均ep報酬=  -117.5 (エピソード数 39) policy_loss=-0.0690 value_loss= 246.709 entropy=-0.938 (この反復   2.2秒, 累計   8.4分)
    → 決定的方策の評価: best_reward候補 = 101.2 (これまでのベスト = 1164.7)
  [checkpoint] これまでのベスト重みを ev3way_w1.npy/ev3way_w2.npy に中間保存しました
  iter 211/2000: rollout平均ep報酬=  -133.0 (エピソード数 67) policy_loss=-0.0308 value_loss= 371.659 entropy=-0.940 (この反復   2.3秒, 累計   8.4分)
  iter 212/2000: rollout平均ep報酬=  -105.9 (エピソード数 38) policy_loss=-0.0384 value_loss= 327.252 entropy=-0.931 (この反復   2.1秒, 累計   8.5分)
  iter 213/2000: rollout平均ep報酬=  -129.7 (エピソード数 66) policy_loss=+0.0122 value_loss= 506.150 entropy=-0.930 (この反復   2.2秒, 累計   8.5分)
  iter 214/2000: rollout平均ep報酬=  -176.8 (エピソード数 23) policy_loss=-0.0599 value_loss= 249.689 entropy=-0.935 (この反復   2.0秒, 累計   8.5分)
  iter 215/2000: rollout平均ep報酬=  -140.3 (エピソード数 54) policy_loss=-0.0581 value_loss= 402.138 entropy=-0.931 (この反復   2.4秒, 累計   8.6分)
    → 決定的方策の評価: best_reward候補 = 108.0 (これまでのベスト = 1164.7)
  iter 216/2000: rollout平均ep報酬=  -142.4 (エピソード数 30) policy_loss=+0.0280 value_loss= 246.960 entropy=-0.947 (この反復   2.0秒, 累計   8.6分)
  iter 217/2000: rollout平均ep報酬=  -138.0 (エピソード数 27) policy_loss=-0.0091 value_loss= 213.511 entropy=-0.949 (この反復   2.1秒, 累計   8.6分)
  iter 218/2000: rollout平均ep報酬=   -87.2 (エピソード数 17) policy_loss=-0.0366 value_loss= 237.095 entropy=-0.957 (この反復   2.0秒, 累計   8.7分)
  iter 219/2000: rollout平均ep報酬=  -128.9 (エピソード数 41) policy_loss=+0.0253 value_loss= 387.187 entropy=-0.957 (この反復   2.1秒, 累計   8.7分)
  iter 220/2000: rollout平均ep報酬=  -122.9 (エピソード数 22) policy_loss=-0.1057 value_loss= 176.659 entropy=-0.958 (この反復   2.1秒, 累計   8.8分)
    → 決定的方策の評価: best_reward候補 = 103.5 (これまでのベスト = 1164.7)
  [checkpoint] これまでのベスト重みを ev3way_w1.npy/ev3way_w2.npy に中間保存しました
  iter 221/2000: rollout平均ep報酬=  -106.7 (エピソード数 16) policy_loss=+0.0554 value_loss= 220.738 entropy=-0.968 (この反復   2.0秒, 累計   8.8分)
  iter 222/2000: rollout平均ep報酬=  -147.5 (エピソード数 13) policy_loss=-0.0260 value_loss= 192.424 entropy=-0.989 (この反復   2.0秒, 累計   8.8分)
  iter 223/2000: rollout平均ep報酬=  -152.0 (エピソード数 59) policy_loss=+0.0395 value_loss= 534.398 entropy=-0.988 (この反復   2.1秒, 累計   8.9分)
  iter 224/2000: rollout平均ep報酬=  -135.6 (エピソード数 26) policy_loss=-0.0313 value_loss= 230.866 entropy=-1.007 (この反復   2.1秒, 累計   8.9分)
  iter 225/2000: rollout平均ep報酬=  -116.4 (エピソード数 23) policy_loss=+0.0069 value_loss= 176.480 entropy=-1.013 (この反復   2.0秒, 累計   8.9分)
    → 決定的方策の評価: best_reward候補 = 104.9 (これまでのベスト = 1164.7)
  iter 226/2000: rollout平均ep報酬=   -78.4 (エピソード数 25) policy_loss=+0.0258 value_loss= 228.719 entropy=-1.018 (この反復   2.0秒, 累計   9.0分)
  iter 227/2000: rollout平均ep報酬=  -124.0 (エピソード数 48) policy_loss=+0.0505 value_loss= 445.868 entropy=-1.005 (この反復   2.3秒, 累計   9.0分)
  iter 228/2000: rollout平均ep報酬=  -147.2 (エピソード数 37) policy_loss=+0.0047 value_loss= 388.136 entropy=-0.994 (この反復   2.1秒, 累計   9.1分)
  iter 229/2000: rollout平均ep報酬=  -135.2 (エピソード数 43) policy_loss=-0.0127 value_loss= 293.807 entropy=-1.001 (この反復   2.1秒, 累計   9.1分)
  iter 230/2000: rollout平均ep報酬=  -106.5 (エピソード数 42) policy_loss=+0.0496 value_loss= 307.970 entropy=-0.991 (この反復   2.2秒, 累計   9.1分)
    → 決定的方策の評価: best_reward候補 = 111.2 (これまでのベスト = 1164.7)
  [checkpoint] これまでのベスト重みを ev3way_w1.npy/ev3way_w2.npy に中間保存しました
  iter 231/2000: rollout平均ep報酬=  -117.5 (エピソード数 30) policy_loss=+0.0148 value_loss= 304.129 entropy=-1.006 (この反復   2.1秒, 累計   9.2分)
  iter 232/2000: rollout平均ep報酬=  -135.9 (エピソード数 30) policy_loss=+0.0075 value_loss= 229.468 entropy=-0.986 (この反復   2.1秒, 累計   9.2分)
  iter 233/2000: rollout平均ep報酬=   -62.4 (エピソード数 27) policy_loss=-0.0976 value_loss= 143.387 entropy=-0.983 (この反復   2.2秒, 累計   9.2分)
  iter 234/2000: rollout平均ep報酬=  -112.8 (エピソード数 36) policy_loss=-0.0442 value_loss= 161.408 entropy=-0.985 (この反復   2.2秒, 累計   9.3分)
  iter 235/2000: rollout平均ep報酬=   -84.5 (エピソード数 25) policy_loss=-0.0384 value_loss= 156.534 entropy=-0.969 (この反復   2.2秒, 累計   9.3分)
    → 決定的方策の評価: best_reward候補 = 506.1 (これまでのベスト = 1164.7)
  iter 236/2000: rollout平均ep報酬=   -98.3 (エピソード数 14) policy_loss=-0.0263 value_loss=  73.558 entropy=-0.997 (この反復   2.2秒, 累計   9.4分)
  iter 237/2000: rollout平均ep報酬=   114.6 (エピソード数 11) policy_loss=+0.0523 value_loss= 103.165 entropy=-1.005 (この反復   2.1秒, 累計   9.4分)
  iter 238/2000: rollout平均ep報酬=  -136.9 (エピソード数 16) policy_loss=-0.0000 value_loss= 143.274 entropy=-0.999 (この反復   2.1秒, 累計   9.5分)
  iter 239/2000: rollout平均ep報酬=   -60.3 (エピソード数 26) policy_loss=-0.0733 value_loss=  85.041 entropy=-0.994 (この反復   2.1秒, 累計   9.5分)
  iter 240/2000: rollout平均ep報酬=   -96.6 (エピソード数 19) policy_loss=-0.0461 value_loss= 148.563 entropy=-0.982 (この反復   2.1秒, 累計   9.5分)
    → 決定的方策の評価: best_reward候補 = 530.4 (これまでのベスト = 1164.7)
  [checkpoint] これまでのベスト重みを ev3way_w1.npy/ev3way_w2.npy に中間保存しました
  iter 241/2000: rollout平均ep報酬=   138.4 (エピソード数  8) policy_loss=-0.0050 value_loss= 126.909 entropy=-0.969 (この反復   2.1秒, 累計   9.6分)
  iter 242/2000: rollout平均ep報酬=   -75.5 (エピソード数 26) policy_loss=-0.0416 value_loss= 143.072 entropy=-0.978 (この反復   2.0秒, 累計   9.6分)
  iter 243/2000: rollout平均ep報酬=   -34.9 (エピソード数 20) policy_loss=+0.0378 value_loss= 241.951 entropy=-0.969 (この反復   2.3秒, 累計   9.7分)
  iter 244/2000: rollout平均ep報酬=  -127.0 (エピソード数 25) policy_loss=+0.0064 value_loss= 131.983 entropy=-0.981 (この反復   2.0秒, 累計   9.7分)
  iter 245/2000: rollout平均ep報酬=   -24.8 (エピソード数 11) policy_loss=-0.0741 value_loss=  90.337 entropy=-1.003 (この反復   2.1秒, 累計   9.7分)
    → 決定的方策の評価: best_reward候補 = 587.0 (これまでのベスト = 1164.7)
  iter 246/2000: rollout平均ep報酬=   -71.6 (エピソード数 23) policy_loss=-0.1340 value_loss= 103.550 entropy=-1.001 (この反復   2.1秒, 累計   9.8分)
  iter 247/2000: rollout平均ep報酬=   -37.9 (エピソード数 20) policy_loss=+0.0789 value_loss= 162.543 entropy=-0.998 (この反復   2.1秒, 累計   9.8分)
  iter 248/2000: rollout平均ep報酬=   -65.7 (エピソード数 21) policy_loss=-0.0151 value_loss= 179.412 entropy=-0.982 (この反復   2.1秒, 累計   9.9分)
  iter 249/2000: rollout平均ep報酬=   -71.5 (エピソード数 29) policy_loss=+0.0046 value_loss= 195.400 entropy=-0.990 (この反復   2.2秒, 累計   9.9分)
  iter 250/2000: rollout平均ep報酬=    -9.9 (エピソード数 19) policy_loss=-0.0563 value_loss=  95.520 entropy=-0.991 (この反復   2.2秒, 累計   9.9分)
    → 決定的方策の評価: best_reward候補 = 587.9 (これまでのベスト = 1164.7)
  [checkpoint] これまでのベスト重みを ev3way_w1.npy/ev3way_w2.npy に中間保存しました
  iter 251/2000: rollout平均ep報酬=   -78.3 (エピソード数 15) policy_loss=+0.0295 value_loss=  86.226 entropy=-1.005 (この反復   2.2秒, 累計  10.0分)
  iter 252/2000: rollout平均ep報酬=   167.9 (エピソード数  8) policy_loss=+0.0355 value_loss=  75.946 entropy=-1.023 (この反復   2.2秒, 累計  10.0分)
  iter 253/2000: rollout平均ep報酬=   -33.5 (エピソード数 23) policy_loss=-0.0042 value_loss= 138.544 entropy=-1.012 (この反復   2.2秒, 累計  10.1分)
  iter 254/2000: rollout平均ep報酬=    46.4 (エピソード数 13) policy_loss=+0.0362 value_loss= 229.206 entropy=-1.012 (この反復   2.2秒, 累計  10.1分)
  iter 255/2000: rollout平均ep報酬=     2.5 (エピソード数 19) policy_loss=-0.0155 value_loss= 151.759 entropy=-1.009 (この反復   2.2秒, 累計  10.1分)
    → 決定的方策の評価: best_reward候補 = 588.2 (これまでのベスト = 1164.7)
  iter 256/2000: rollout平均ep報酬=    46.5 (エピソード数 11) policy_loss=+0.0182 value_loss= 158.610 entropy=-1.008 (この反復   2.1秒, 累計  10.2分)
  iter 257/2000: rollout平均ep報酬=   -81.6 (エピソード数 17) policy_loss=-0.0282 value_loss= 120.046 entropy=-1.024 (この反復   2.1秒, 累計  10.2分)
  iter 258/2000: rollout平均ep報酬=   -84.3 (エピソード数 19) policy_loss=+0.0715 value_loss= 180.039 entropy=-1.051 (この反復   2.0秒, 累計  10.3分)
  iter 259/2000: rollout平均ep報酬=   -49.9 (エピソード数 15) policy_loss=+0.0151 value_loss= 112.851 entropy=-1.065 (この反復   2.1秒, 累計  10.3分)
  iter 260/2000: rollout平均ep報酬=  -105.0 (エピソード数 30) policy_loss=-0.0131 value_loss= 249.614 entropy=-1.065 (この反復   2.1秒, 累計  10.3分)
    → 決定的方策の評価: best_reward候補 = 344.5 (これまでのベスト = 1164.7)
  [checkpoint] これまでのベスト重みを ev3way_w1.npy/ev3way_w2.npy に中間保存しました
  iter 261/2000: rollout平均ep報酬=  -111.3 (エピソード数 21) policy_loss=+0.0031 value_loss= 207.612 entropy=-1.074 (この反復   2.1秒, 累計  10.4分)
  iter 262/2000: rollout平均ep報酬=   -77.2 (エピソード数 29) policy_loss=+0.0041 value_loss= 117.163 entropy=-1.076 (この反復   2.2秒, 累計  10.4分)
  iter 263/2000: rollout平均ep報酬=   -31.8 (エピソード数 19) policy_loss=+0.0173 value_loss= 151.861 entropy=-1.063 (この反復   2.1秒, 累計  10.5分)
  iter 264/2000: rollout平均ep報酬=   -31.8 (エピソード数 20) policy_loss=+0.0507 value_loss= 174.115 entropy=-1.068 (この反復   2.2秒, 累計  10.5分)
  iter 265/2000: rollout平均ep報酬=   -87.1 (エピソード数 23) policy_loss=-0.0374 value_loss= 119.255 entropy=-1.059 (この反復   2.1秒, 累計  10.5分)
    → 決定的方策の評価: best_reward候補 = 559.7 (これまでのベスト = 1164.7)
  iter 266/2000: rollout平均ep報酬=   -93.9 (エピソード数 23) policy_loss=-0.0111 value_loss= 285.298 entropy=-1.067 (この反復   2.2秒, 累計  10.6分)
  iter 267/2000: rollout平均ep報酬=  -119.9 (エピソード数 20) policy_loss=-0.0755 value_loss= 104.187 entropy=-1.072 (この反復   2.1秒, 累計  10.6分)
  iter 268/2000: rollout平均ep報酬=   -82.5 (エピソード数 38) policy_loss=+0.0075 value_loss= 199.087 entropy=-1.062 (この反復   2.2秒, 累計  10.7分)
  iter 269/2000: rollout平均ep報酬=    36.4 (エピソード数 13) policy_loss=-0.0316 value_loss=  84.391 entropy=-1.073 (この反復   2.1秒, 累計  10.7分)
  iter 270/2000: rollout平均ep報酬=  -121.0 (エピソード数 31) policy_loss=+0.0189 value_loss= 292.710 entropy=-1.075 (この反復   2.1秒, 累計  10.8分)
    → 決定的方策の評価: best_reward候補 = 317.3 (これまでのベスト = 1164.7)
  [checkpoint] これまでのベスト重みを ev3way_w1.npy/ev3way_w2.npy に中間保存しました
  iter 271/2000: rollout平均ep報酬=   -99.3 (エピソード数 40) policy_loss=+0.0164 value_loss= 244.330 entropy=-1.084 (この反復   2.1秒, 累計  10.8分)
  iter 272/2000: rollout平均ep報酬=  -109.1 (エピソード数 25) policy_loss=-0.0652 value_loss= 140.770 entropy=-1.087 (この反復   2.1秒, 累計  10.8分)
  iter 273/2000: rollout平均ep報酬=   -72.1 (エピソード数 23) policy_loss=-0.0179 value_loss= 227.266 entropy=-1.072 (この反復   2.2秒, 累計  10.9分)
  iter 274/2000: rollout平均ep報酬=   -60.7 (エピソード数 24) policy_loss=+0.1054 value_loss= 264.141 entropy=-1.075 (この反復   2.1秒, 累計  10.9分)
  iter 275/2000: rollout平均ep報酬=  -100.7 (エピソード数 39) policy_loss=+0.0094 value_loss= 291.647 entropy=-1.077 (この反復   2.2秒, 累計  10.9分)
    → 決定的方策の評価: best_reward候補 = 571.1 (これまでのベスト = 1164.7)
  iter 276/2000: rollout平均ep報酬=   -59.5 (エピソード数 23) policy_loss=+0.0335 value_loss= 293.773 entropy=-1.042 (この反復   2.2秒, 累計  11.0分)
  iter 277/2000: rollout平均ep報酬=   201.5 (エピソード数  9) policy_loss=+0.0336 value_loss=  66.625 entropy=-1.043 (この反復   2.2秒, 累計  11.0分)
  iter 278/2000: rollout平均ep報酬=   -91.9 (エピソード数 27) policy_loss=+0.0067 value_loss= 179.171 entropy=-1.038 (この反復   2.2秒, 累計  11.1分)
  iter 279/2000: rollout平均ep報酬=   -65.0 (エピソード数 20) policy_loss=+0.0145 value_loss= 238.197 entropy=-1.032 (この反復   2.2秒, 累計  11.1分)
  iter 280/2000: rollout平均ep報酬=   -53.4 (エピソード数 28) policy_loss=-0.0382 value_loss= 199.828 entropy=-1.034 (この反復   2.2秒, 累計  11.2分)
    → 決定的方策の評価: best_reward候補 = 571.5 (これまでのベスト = 1164.7)
  [checkpoint] これまでのベスト重みを ev3way_w1.npy/ev3way_w2.npy に中間保存しました
  iter 281/2000: rollout平均ep報酬=   117.7 (エピソード数  8) policy_loss=+0.0294 value_loss=  58.374 entropy=-1.028 (この反復   2.2秒, 累計  11.2分)
  iter 282/2000: rollout平均ep報酬=    -5.6 (エピソード数 19) policy_loss=-0.0113 value_loss= 220.322 entropy=-1.019 (この反復   2.1秒, 累計  11.3分)
  iter 283/2000: rollout平均ep報酬=   -73.0 (エピソード数 19) policy_loss=-0.0031 value_loss=  68.573 entropy=-1.034 (この反復   2.0秒, 累計  11.3分)
  iter 284/2000: rollout平均ep報酬=   -64.5 (エピソード数 23) policy_loss=+0.0036 value_loss= 139.518 entropy=-1.025 (この反復   2.2秒, 累計  11.3分)
  iter 285/2000: rollout平均ep報酬=   -94.1 (エピソード数 20) policy_loss=+0.0388 value_loss= 163.886 entropy=-1.018 (この反復   2.0秒, 累計  11.4分)
    → 決定的方策の評価: best_reward候補 = 333.4 (これまでのベスト = 1164.7)
  iter 286/2000: rollout平均ep報酬=    22.3 (エピソード数 12) policy_loss=+0.0028 value_loss=  74.253 entropy=-1.020 (この反復   2.1秒, 累計  11.4分)
  iter 287/2000: rollout平均ep報酬=    16.3 (エピソード数 20) policy_loss=-0.0749 value_loss= 176.236 entropy=-1.020 (この反復   2.2秒, 累計  11.5分)
  iter 288/2000: rollout平均ep報酬=   -19.4 (エピソード数 17) policy_loss=-0.0895 value_loss= 106.141 entropy=-1.010 (この反復   2.1秒, 累計  11.5分)
  iter 289/2000: rollout平均ep報酬=    66.3 (エピソード数 14) policy_loss=-0.0745 value_loss=  44.747 entropy=-1.009 (この反復   2.1秒, 累計  11.5分)
  iter 290/2000: rollout平均ep報酬=   142.5 (エピソード数 10) policy_loss=+0.0269 value_loss=  87.283 entropy=-1.013 (この反復   2.1秒, 累計  11.6分)
    → 決定的方策の評価: best_reward候補 = 572.1 (これまでのベスト = 1164.7)
  [checkpoint] これまでのベスト重みを ev3way_w1.npy/ev3way_w2.npy に中間保存しました
  iter 291/2000: rollout平均ep報酬=    -0.3 (エピソード数 15) policy_loss=-0.0503 value_loss=  61.716 entropy=-1.011 (この反復   2.2秒, 累計  11.6分)
  iter 292/2000: rollout平均ep報酬=   -23.7 (エピソード数 19) policy_loss=-0.0088 value_loss= 149.167 entropy=-1.007 (この反復   2.2秒, 累計  11.7分)
  iter 293/2000: rollout平均ep報酬=   385.2 (エピソード数  4) policy_loss=+0.0101 value_loss=  92.012 entropy=-1.024 (この反復   2.2秒, 累計  11.7分)
  iter 294/2000: rollout平均ep報酬=   -68.9 (エピソード数 11) policy_loss=-0.0410 value_loss= 139.741 entropy=-1.020 (この反復   2.1秒, 累計  11.7分)
  iter 295/2000: rollout平均ep報酬=   -82.9 (エピソード数 14) policy_loss=+0.0085 value_loss= 165.142 entropy=-1.023 (この反復   2.0秒, 累計  11.8分)
    → 決定的方策の評価: best_reward候補 = 521.2 (これまでのベスト = 1164.7)
  iter 296/2000: rollout平均ep報酬=    56.8 (エピソード数 13) policy_loss=+0.0368 value_loss= 127.790 entropy=-1.018 (この反復   2.2秒, 累計  11.8分)
  iter 297/2000: rollout平均ep報酬=   -76.7 (エピソード数 10) policy_loss=-0.0846 value_loss=  21.484 entropy=-1.043 (この反復   2.3秒, 累計  11.9分)
  iter 298/2000: rollout平均ep報酬=  -134.4 (エピソード数 10) policy_loss=-0.0501 value_loss=  80.606 entropy=-1.041 (この反復   2.1秒, 累計  11.9分)
  iter 299/2000: rollout平均ep報酬=    75.8 (エピソード数 13) policy_loss=+0.0808 value_loss= 274.653 entropy=-1.030 (この反復   2.2秒, 累計  11.9分)
  iter 300/2000: rollout平均ep報酬=   -84.3 (エピソード数 29) policy_loss=+0.0506 value_loss= 537.037 entropy=-1.011 (この反復   2.2秒, 累計  12.0分)
    → 決定的方策の評価: best_reward候補 = 490.8 (これまでのベスト = 1164.7)
  [checkpoint] これまでのベスト重みを ev3way_w1.npy/ev3way_w2.npy に中間保存しました
  iter 301/2000: rollout平均ep報酬=  -104.9 (エピソード数 32) policy_loss=+0.0290 value_loss= 375.450 entropy=-1.003 (この反復   2.1秒, 累計  12.0分)
  iter 302/2000: rollout平均ep報酬=   -41.5 (エピソード数 13) policy_loss=+0.0015 value_loss=  78.624 entropy=-0.997 (この反復   2.2秒, 累計  12.1分)
  iter 303/2000: rollout平均ep報酬=    31.7 (エピソード数 15) policy_loss=-0.0197 value_loss= 210.574 entropy=-0.997 (この反復   2.2秒, 累計  12.1分)
  iter 304/2000: rollout平均ep報酬=  -140.3 (エピソード数 15) policy_loss=-0.0459 value_loss= 199.640 entropy=-1.004 (この反復   2.1秒, 累計  12.1分)
  iter 305/2000: rollout平均ep報酬=    58.7 (エピソード数 17) policy_loss=+0.0313 value_loss= 127.017 entropy=-0.993 (この反復   2.3秒, 累計  12.2分)
    → 決定的方策の評価: best_reward候補 = 547.7 (これまでのベスト = 1164.7)
  iter 306/2000: rollout平均ep報酬=   -94.7 (エピソード数 16) policy_loss=+0.0560 value_loss= 168.287 entropy=-1.013 (この反復   2.0秒, 累計  12.2分)
  iter 307/2000: rollout平均ep報酬=   -88.3 (エピソード数 12) policy_loss=+0.0180 value_loss= 213.222 entropy=-1.041 (この反復   2.1秒, 累計  12.3分)
  iter 308/2000: rollout平均ep報酬=    41.0 (エピソード数 15) policy_loss=+0.0440 value_loss= 183.653 entropy=-1.040 (この反復   2.1秒, 累計  12.3分)
  iter 309/2000: rollout平均ep報酬=   164.7 (エピソード数  9) policy_loss=+0.0336 value_loss=  57.051 entropy=-1.054 (この反復   2.2秒, 累計  12.3分)
  iter 310/2000: rollout平均ep報酬=   133.2 (エピソード数  7) policy_loss=+0.0294 value_loss=  28.482 entropy=-1.090 (この反復   2.1秒, 累計  12.4分)
    → 決定的方策の評価: best_reward候補 = 552.7 (これまでのベスト = 1164.7)
  [checkpoint] これまでのベスト重みを ev3way_w1.npy/ev3way_w2.npy に中間保存しました
  iter 311/2000: rollout平均ep報酬=   -32.5 (エピソード数 20) policy_loss=-0.0252 value_loss=  93.137 entropy=-1.091 (この反復   2.1秒, 累計  12.4分)
  iter 312/2000: rollout平均ep報酬=   -46.7 (エピソード数 25) policy_loss=+0.0526 value_loss= 253.182 entropy=-1.098 (この反復   2.1秒, 累計  12.5分)
  iter 313/2000: rollout平均ep報酬=   205.4 (エピソード数  5) policy_loss=+0.0417 value_loss=  77.666 entropy=-1.111 (この反復   2.2秒, 累計  12.5分)
  iter 314/2000: rollout平均ep報酬=   106.1 (エピソード数  7) policy_loss=+0.0693 value_loss= 110.963 entropy=-1.113 (この反復   2.1秒, 累計  12.6分)
  iter 315/2000: rollout平均ep報酬=    63.6 (エピソード数 12) policy_loss=-0.0055 value_loss=  56.591 entropy=-1.117 (この反復   2.2秒, 累計  12.6分)
    → 決定的方策の評価: best_reward候補 = 561.8 (これまでのベスト = 1164.7)
  iter 316/2000: rollout平均ep報酬=   -10.1 (エピソード数 16) policy_loss=-0.0271 value_loss=  61.578 entropy=-1.108 (この反復   2.2秒, 累計  12.7分)
  iter 317/2000: rollout平均ep報酬=    67.3 (エピソード数 10) policy_loss=+0.0397 value_loss=  93.347 entropy=-1.121 (この反復   2.2秒, 累計  12.7分)
  iter 318/2000: rollout平均ep報酬=   -78.5 (エピソード数 32) policy_loss=+0.0463 value_loss=  98.205 entropy=-1.135 (この反復   2.1秒, 累計  12.7分)
  iter 319/2000: rollout平均ep報酬=   -23.5 (エピソード数 18) policy_loss=+0.0789 value_loss= 212.885 entropy=-1.138 (この反復   2.2秒, 累計  12.8分)
  iter 320/2000: rollout平均ep報酬=     4.2 (エピソード数 17) policy_loss=-0.0343 value_loss=  32.816 entropy=-1.150 (この反復   2.2秒, 累計  12.8分)
    → 決定的方策の評価: best_reward候補 = 583.4 (これまでのベスト = 1164.7)
  [checkpoint] これまでのベスト重みを ev3way_w1.npy/ev3way_w2.npy に中間保存しました
  iter 321/2000: rollout平均ep報酬=    53.0 (エピソード数 11) policy_loss=+0.0384 value_loss= 146.944 entropy=-1.153 (この反復   2.2秒, 累計  12.9分)
  iter 322/2000: rollout平均ep報酬=    52.2 (エピソード数 12) policy_loss=-0.0761 value_loss=  67.676 entropy=-1.172 (この反復   2.2秒, 累計  12.9分)
  iter 323/2000: rollout平均ep報酬=     3.4 (エピソード数 14) policy_loss=-0.0295 value_loss= 152.043 entropy=-1.158 (この反復   2.2秒, 累計  12.9分)
  iter 324/2000: rollout平均ep報酬=    60.4 (エピソード数  5) policy_loss=+0.0471 value_loss= 106.840 entropy=-1.160 (この反復   2.1秒, 累計  13.0分)
  iter 325/2000: rollout平均ep報酬=    47.1 (エピソード数  9) policy_loss=-0.0250 value_loss= 107.969 entropy=-1.212 (この反復   2.1秒, 累計  13.0分)
    → 決定的方策の評価: best_reward候補 = 585.2 (これまでのベスト = 1164.7)
  iter 326/2000: rollout平均ep報酬=   -28.1 (エピソード数 17) policy_loss=-0.0514 value_loss=  40.989 entropy=-1.218 (この反復   2.1秒, 累計  13.1分)
  iter 327/2000: rollout平均ep報酬=    -4.9 (エピソード数 19) policy_loss=-0.0739 value_loss= 105.276 entropy=-1.221 (この反復   2.1秒, 累計  13.1分)
  iter 328/2000: rollout平均ep報酬=   -18.9 (エピソード数 16) policy_loss=-0.0104 value_loss=  29.644 entropy=-1.239 (この反復   2.3秒, 累計  13.1分)
  iter 329/2000: rollout平均ep報酬=   153.9 (エピソード数 13) policy_loss=-0.0800 value_loss=  25.830 entropy=-1.250 (この反復   2.2秒, 累計  13.2分)
  iter 330/2000: rollout平均ep報酬=   -56.5 (エピソード数 19) policy_loss=-0.0224 value_loss=  69.855 entropy=-1.245 (この反復   2.2秒, 累計  13.2分)
    → 決定的方策の評価: best_reward候補 = 584.5 (これまでのベスト = 1164.7)
  [checkpoint] これまでのベスト重みを ev3way_w1.npy/ev3way_w2.npy に中間保存しました
  iter 331/2000: rollout平均ep報酬=    43.8 (エピソード数 15) policy_loss=-0.0641 value_loss= 111.898 entropy=-1.225 (この反復   2.2秒, 累計  13.3分)
  iter 332/2000: rollout平均ep報酬=   -74.8 (エピソード数 19) policy_loss=-0.0265 value_loss= 234.834 entropy=-1.217 (この反復   2.1秒, 累計  13.3分)
  iter 333/2000: rollout平均ep報酬=    81.3 (エピソード数 15) policy_loss=+0.0550 value_loss=  53.986 entropy=-1.215 (この反復   2.2秒, 累計  13.4分)
  iter 334/2000: rollout平均ep報酬=   220.5 (エピソード数  8) policy_loss=+0.1742 value_loss= 107.848 entropy=-1.227 (この反復   2.3秒, 累計  13.4分)
  iter 335/2000: rollout平均ep報酬=   -81.0 (エピソード数 31) policy_loss=+0.0188 value_loss= 233.851 entropy=-1.227 (この反復   2.3秒, 累計  13.4分)
    → 決定的方策の評価: best_reward候補 = 553.5 (これまでのベスト = 1164.7)
  iter 336/2000: rollout平均ep報酬=    47.6 (エピソード数 10) policy_loss=-0.0361 value_loss=  72.750 entropy=-1.234 (この反復   2.2秒, 累計  13.5分)
  iter 337/2000: rollout平均ep報酬=    65.7 (エピソード数 10) policy_loss=-0.0034 value_loss=  67.017 entropy=-1.231 (この反復   2.2秒, 累計  13.5分)
  iter 338/2000: rollout平均ep報酬=    99.6 (エピソード数 10) policy_loss=-0.0129 value_loss=  91.242 entropy=-1.239 (この反復   2.2秒, 累計  13.6分)
  iter 339/2000: rollout平均ep報酬=    32.7 (エピソード数 16) policy_loss=+0.0188 value_loss= 170.248 entropy=-1.242 (この反復   2.2秒, 累計  13.6分)
  iter 340/2000: rollout平均ep報酬=    56.1 (エピソード数 15) policy_loss=+0.0329 value_loss=  58.494 entropy=-1.255 (この反復   2.2秒, 累計  13.6分)
    → 決定的方策の評価: best_reward候補 = 581.4 (これまでのベスト = 1164.7)
  [checkpoint] これまでのベスト重みを ev3way_w1.npy/ev3way_w2.npy に中間保存しました
  iter 341/2000: rollout平均ep報酬=    21.9 (エピソード数 21) policy_loss=-0.0115 value_loss= 102.326 entropy=-1.249 (この反復   2.3秒, 累計  13.7分)
  iter 342/2000: rollout平均ep報酬=   -36.7 (エピソード数 21) policy_loss=+0.0389 value_loss= 224.585 entropy=-1.250 (この反復   2.2秒, 累計  13.8分)
  iter 343/2000: rollout平均ep報酬=    -8.1 (エピソード数 20) policy_loss=-0.0548 value_loss=  63.466 entropy=-1.249 (この反復   2.2秒, 累計  13.8分)
  iter 344/2000: rollout平均ep報酬=    34.6 (エピソード数 17) policy_loss=+0.0454 value_loss=  70.527 entropy=-1.259 (この反復   2.2秒, 累計  13.8分)
  iter 345/2000: rollout平均ep報酬=  -131.3 (エピソード数 18) policy_loss=-0.0290 value_loss=  77.751 entropy=-1.272 (この反復   2.2秒, 累計  13.9分)
    → 決定的方策の評価: best_reward候補 = 590.5 (これまでのベスト = 1164.7)
  iter 346/2000: rollout平均ep報酬=    44.8 (エピソード数 13) policy_loss=-0.0905 value_loss=  54.724 entropy=-1.276 (この反復   2.1秒, 累計  13.9分)
  iter 347/2000: rollout平均ep報酬=   -39.2 (エピソード数 23) policy_loss=+0.0352 value_loss= 158.915 entropy=-1.281 (この反復   2.1秒, 累計  14.0分)
  iter 348/2000: rollout平均ep報酬=    45.1 (エピソード数 15) policy_loss=-0.0149 value_loss= 188.874 entropy=-1.263 (この反復   2.3秒, 累計  14.0分)
  iter 349/2000: rollout平均ep報酬=   334.6 (エピソード数  6) policy_loss=+0.0059 value_loss= 105.551 entropy=-1.247 (この反復   2.2秒, 累計  14.0分)
  iter 350/2000: rollout平均ep報酬=   -65.9 (エピソード数 15) policy_loss=-0.0111 value_loss= 146.057 entropy=-1.245 (この反復   2.2秒, 累計  14.1分)
    → 決定的方策の評価: best_reward候補 = 781.0 (これまでのベスト = 1164.7)
  [checkpoint] これまでのベスト重みを ev3way_w1.npy/ev3way_w2.npy に中間保存しました
  iter 351/2000: rollout平均ep報酬=   -70.7 (エピソード数 17) policy_loss=-0.0346 value_loss=  43.047 entropy=-1.245 (この反復   2.2秒, 累計  14.2分)
  iter 352/2000: rollout平均ep報酬=    56.6 (エピソード数 13) policy_loss=-0.0307 value_loss= 114.894 entropy=-1.251 (この反復   2.2秒, 累計  14.2分)
  iter 353/2000: rollout平均ep報酬=   151.9 (エピソード数 10) policy_loss=+0.0574 value_loss= 202.057 entropy=-1.242 (この反復   2.2秒, 累計  14.2分)
  iter 354/2000: rollout平均ep報酬=    48.3 (エピソード数 14) policy_loss=-0.0490 value_loss=  65.636 entropy=-1.235 (この反復   2.2秒, 累計  14.3分)
  iter 355/2000: rollout平均ep報酬=   138.5 (エピソード数  6) policy_loss=+0.0915 value_loss=  69.733 entropy=-1.246 (この反復   2.2秒, 累計  14.3分)
    → 決定的方策の評価: best_reward候補 = 579.6 (これまでのベスト = 1164.7)
  iter 356/2000: rollout平均ep報酬=   104.5 (エピソード数 13) policy_loss=+0.0278 value_loss= 162.479 entropy=-1.249 (この反復   2.3秒, 累計  14.4分)
  iter 357/2000: rollout平均ep報酬=   -45.9 (エピソード数 10) policy_loss=-0.0235 value_loss=  85.727 entropy=-1.259 (この反復   2.1秒, 累計  14.4分)
  iter 358/2000: rollout平均ep報酬=   286.9 (エピソード数  7) policy_loss=+0.0890 value_loss=  58.913 entropy=-1.265 (この反復   2.2秒, 累計  14.4分)
  iter 359/2000: rollout平均ep報酬=   -15.5 (エピソード数 18) policy_loss=-0.0280 value_loss=  92.398 entropy=-1.267 (この反復   2.1秒, 累計  14.5分)
  iter 360/2000: rollout平均ep報酬=   448.5 (エピソード数  4) policy_loss=-0.0369 value_loss=  71.719 entropy=-1.268 (この反復   2.2秒, 累計  14.5分)
    → 決定的方策の評価: best_reward候補 = 807.3 (これまでのベスト = 1164.7)
  [checkpoint] これまでのベスト重みを ev3way_w1.npy/ev3way_w2.npy に中間保存しました
  iter 361/2000: rollout平均ep報酬=    82.4 (エピソード数 15) policy_loss=-0.0526 value_loss=  57.911 entropy=-1.267 (この反復   2.3秒, 累計  14.6分)
  iter 362/2000: rollout平均ep報酬=     8.8 (エピソード数 18) policy_loss=+0.0669 value_loss= 181.196 entropy=-1.282 (この反復   2.2秒, 累計  14.6分)
  iter 363/2000: rollout平均ep報酬=   179.2 (エピソード数  9) policy_loss=-0.0254 value_loss=  96.167 entropy=-1.286 (この反復   2.2秒, 累計  14.6分)
  iter 364/2000: rollout平均ep報酬=   -12.9 (エピソード数 17) policy_loss=+0.0064 value_loss=  67.637 entropy=-1.310 (この反復   2.0秒, 累計  14.7分)
  iter 365/2000: rollout平均ep報酬=   382.2 (エピソード数  6) policy_loss=-0.0727 value_loss=  36.610 entropy=-1.315 (この反復   2.2秒, 累計  14.7分)
    → 決定的方策の評価: best_reward候補 = 589.5 (これまでのベスト = 1164.7)
  iter 366/2000: rollout平均ep報酬=   184.1 (エピソード数  7) policy_loss=-0.0543 value_loss=  32.451 entropy=-1.312 (この反復   2.2秒, 累計  14.8分)
  iter 367/2000: rollout平均ep報酬=   264.0 (エピソード数  5) policy_loss=-0.0045 value_loss=  82.642 entropy=-1.304 (この反復   2.1秒, 累計  14.8分)
  iter 368/2000: rollout平均ep報酬=   105.7 (エピソード数 12) policy_loss=+0.0433 value_loss= 139.180 entropy=-1.307 (この反復   2.2秒, 累計  14.9分)
  iter 369/2000: rollout平均ep報酬=    23.1 (エピソード数 13) policy_loss=-0.0728 value_loss= 134.894 entropy=-1.305 (この反復   2.0秒, 累計  14.9分)
  iter 370/2000: rollout平均ep報酬=   100.9 (エピソード数 11) policy_loss=+0.1337 value_loss= 287.897 entropy=-1.317 (この反復   2.1秒, 累計  14.9分)
    → 決定的方策の評価: best_reward候補 = 602.4 (これまでのベスト = 1164.7)
  [checkpoint] これまでのベスト重みを ev3way_w1.npy/ev3way_w2.npy に中間保存しました
  iter 371/2000: rollout平均ep報酬=   166.2 (エピソード数  9) policy_loss=-0.0697 value_loss=  28.822 entropy=-1.316 (この反復   2.1秒, 累計  15.0分)
  iter 372/2000: rollout平均ep報酬=   131.0 (エピソード数 10) policy_loss=-0.0144 value_loss= 153.290 entropy=-1.314 (この反復   2.1秒, 累計  15.0分)
  iter 373/2000: rollout平均ep報酬=   -63.9 (エピソード数 10) policy_loss=-0.0198 value_loss= 193.813 entropy=-1.312 (この反復   2.2秒, 累計  15.1分)
  iter 374/2000: rollout平均ep報酬=     0.9 (エピソード数 17) policy_loss=-0.0045 value_loss= 151.339 entropy=-1.312 (この反復   2.2秒, 累計  15.1分)
  iter 375/2000: rollout平均ep報酬=   -33.0 (エピソード数 22) policy_loss=-0.0245 value_loss= 106.984 entropy=-1.304 (この反復   2.1秒, 累計  15.1分)
    → 決定的方策の評価: best_reward候補 = 581.7 (これまでのベスト = 1164.7)
  iter 376/2000: rollout平均ep報酬=    11.4 (エピソード数 19) policy_loss=+0.0226 value_loss= 300.503 entropy=-1.295 (この反復   2.3秒, 累計  15.2分)
  iter 377/2000: rollout平均ep報酬=    40.9 (エピソード数 13) policy_loss=+0.0662 value_loss= 172.972 entropy=-1.305 (この反復   2.1秒, 累計  15.2分)
  iter 378/2000: rollout平均ep報酬=   -87.5 (エピソード数 16) policy_loss=-0.0496 value_loss= 128.220 entropy=-1.305 (この反復   2.2秒, 累計  15.3分)
  iter 379/2000: rollout平均ep報酬=   -63.0 (エピソード数 32) policy_loss=-0.0568 value_loss= 226.959 entropy=-1.306 (この反復   2.1秒, 累計  15.3分)
  iter 380/2000: rollout平均ep報酬=   -63.8 (エピソード数 26) policy_loss=+0.0648 value_loss= 385.297 entropy=-1.299 (この反復   2.1秒, 累計  15.3分)
    → 決定的方策の評価: best_reward候補 = 364.2 (これまでのベスト = 1164.7)
  [checkpoint] これまでのベスト重みを ev3way_w1.npy/ev3way_w2.npy に中間保存しました
  iter 381/2000: rollout平均ep報酬=   -21.3 (エピソード数 17) policy_loss=-0.0337 value_loss= 225.708 entropy=-1.295 (この反復   2.3秒, 累計  15.4分)
  iter 382/2000: rollout平均ep報酬=    32.1 (エピソード数 14) policy_loss=+0.0385 value_loss= 263.520 entropy=-1.292 (この反復   2.1秒, 累計  15.4分)
  iter 383/2000: rollout平均ep報酬=  -108.9 (エピソード数 21) policy_loss=+0.0419 value_loss= 314.772 entropy=-1.287 (この反復   2.1秒, 累計  15.5分)
  iter 384/2000: rollout平均ep報酬=   -16.2 (エピソード数 10) policy_loss=-0.0506 value_loss= 141.800 entropy=-1.300 (この反復   2.1秒, 累計  15.5分)
  iter 385/2000: rollout平均ep報酬=   -33.5 (エピソード数 15) policy_loss=-0.0059 value_loss= 221.679 entropy=-1.311 (この反復   2.2秒, 累計  15.5分)
    → 決定的方策の評価: best_reward候補 = 366.6 (これまでのベスト = 1164.7)
  iter 386/2000: rollout平均ep報酬=   -68.7 (エピソード数 20) policy_loss=-0.0319 value_loss= 209.133 entropy=-1.311 (この反復   2.1秒, 累計  15.6分)
  iter 387/2000: rollout平均ep報酬=   -85.0 (エピソード数 14) policy_loss=-0.0208 value_loss= 128.428 entropy=-1.315 (この反復   2.0秒, 累計  15.6分)
  iter 388/2000: rollout平均ep報酬=   127.7 (エピソード数 10) policy_loss=-0.0057 value_loss=  83.278 entropy=-1.310 (この反復   2.1秒, 累計  15.7分)
  iter 389/2000: rollout平均ep報酬=    60.6 (エピソード数 13) policy_loss=-0.0029 value_loss=  59.316 entropy=-1.313 (この反復   2.2秒, 累計  15.7分)
  iter 390/2000: rollout平均ep報酬=   495.3 (エピソード数  5) policy_loss=-0.0087 value_loss=  83.090 entropy=-1.292 (この反復   2.3秒, 累計  15.8分)
    → 決定的方策の評価: best_reward候補 = 586.6 (これまでのベスト = 1164.7)
  [checkpoint] これまでのベスト重みを ev3way_w1.npy/ev3way_w2.npy に中間保存しました
  iter 391/2000: rollout平均ep報酬=    54.1 (エピソード数  5) policy_loss=+0.0171 value_loss=  50.120 entropy=-1.301 (この反復   2.2秒, 累計  15.8分)
  iter 392/2000: rollout平均ep報酬=    -2.9 (エピソード数 12) policy_loss=+0.0076 value_loss= 109.516 entropy=-1.299 (この反復   2.1秒, 累計  15.8分)
  iter 393/2000: rollout平均ep報酬=    56.6 (エピソード数  8) policy_loss=+0.0028 value_loss= 142.465 entropy=-1.289 (この反復   2.2秒, 累計  15.9分)
  iter 394/2000: rollout平均ep報酬=    22.1 (エピソード数 14) policy_loss=-0.0086 value_loss= 108.685 entropy=-1.292 (この反復   2.1秒, 累計  15.9分)
  iter 395/2000: rollout平均ep報酬=    74.4 (エピソード数 14) policy_loss=-0.0384 value_loss= 158.956 entropy=-1.292 (この反復   2.3秒, 累計  16.0分)
    → 決定的方策の評価: best_reward候補 = 604.3 (これまでのベスト = 1164.7)
  iter 396/2000: rollout平均ep報酬=   -44.2 (エピソード数 16) policy_loss=+0.0120 value_loss= 154.215 entropy=-1.280 (この反復   2.2秒, 累計  16.0分)
  iter 397/2000: rollout平均ep報酬=    26.2 (エピソード数 16) policy_loss=-0.0449 value_loss= 146.787 entropy=-1.278 (この反復   2.1秒, 累計  16.1分)
  iter 398/2000: rollout平均ep報酬=    60.3 (エピソード数 12) policy_loss=-0.0064 value_loss= 119.003 entropy=-1.293 (この反復   2.2秒, 累計  16.1分)
  iter 399/2000: rollout平均ep報酬=   181.4 (エピソード数  8) policy_loss=-0.0160 value_loss= 101.908 entropy=-1.300 (この反復   2.2秒, 累計  16.1分)
  iter 400/2000: rollout平均ep報酬=   309.2 (エピソード数  7) policy_loss=+0.0188 value_loss=  39.390 entropy=-1.320 (この反復   2.3秒, 累計  16.2分)
    → 決定的方策の評価: best_reward候補 = 603.7 (これまでのベスト = 1164.7)
  [checkpoint] これまでのベスト重みを ev3way_w1.npy/ev3way_w2.npy に中間保存しました
  iter 401/2000: rollout平均ep報酬=   -52.4 (エピソード数 15) policy_loss=-0.0116 value_loss= 111.552 entropy=-1.329 (この反復   2.2秒, 累計  16.2分)
  iter 402/2000: rollout平均ep報酬=   245.3 (エピソード数  5) policy_loss=-0.0430 value_loss=  31.672 entropy=-1.331 (この反復   2.2秒, 累計  16.3分)
  iter 403/2000: rollout平均ep報酬=   225.8 (エピソード数  7) policy_loss=-0.0554 value_loss=  20.801 entropy=-1.336 (この反復   2.3秒, 累計  16.3分)
  iter 404/2000: rollout平均ep報酬=   110.9 (エピソード数  6) policy_loss=+0.0166 value_loss=  75.621 entropy=-1.335 (この反復   2.2秒, 累計  16.3分)
  iter 405/2000: rollout平均ep報酬=   205.8 (エピソード数  9) policy_loss=-0.0636 value_loss=  22.014 entropy=-1.329 (この反復   2.2秒, 累計  16.4分)
    → 決定的方策の評価: best_reward候補 = 605.0 (これまでのベスト = 1164.7)
  iter 406/2000: rollout平均ep報酬=   148.0 (エピソード数  8) policy_loss=+0.0150 value_loss=  54.255 entropy=-1.330 (この反復   2.2秒, 累計  16.4分)
  iter 407/2000: rollout平均ep報酬=   -82.3 (エピソード数 16) policy_loss=-0.1361 value_loss=  40.407 entropy=-1.343 (この反復   2.1秒, 累計  16.5分)
  iter 408/2000: rollout平均ep報酬=   344.0 (エピソード数  6) policy_loss=-0.0101 value_loss=  59.729 entropy=-1.337 (この反復   2.2秒, 累計  16.5分)
  iter 409/2000: rollout平均ep報酬=   -96.1 (エピソード数 18) policy_loss=-0.0012 value_loss= 136.306 entropy=-1.356 (この反復   2.1秒, 累計  16.6分)
  iter 410/2000: rollout平均ep報酬=   -65.3 (エピソード数 23) policy_loss=-0.0348 value_loss= 129.625 entropy=-1.356 (この反復   2.2秒, 累計  16.6分)
    → 決定的方策の評価: best_reward候補 = 596.1 (これまでのベスト = 1164.7)
  [checkpoint] これまでのベスト重みを ev3way_w1.npy/ev3way_w2.npy に中間保存しました
  iter 411/2000: rollout平均ep報酬=   194.4 (エピソード数  8) policy_loss=-0.0440 value_loss=  22.946 entropy=-1.366 (この反復   2.2秒, 累計  16.7分)
  iter 412/2000: rollout平均ep報酬=   -34.2 (エピソード数 12) policy_loss=-0.0086 value_loss=  82.404 entropy=-1.378 (この反復   2.1秒, 累計  16.7分)
  iter 413/2000: rollout平均ep報酬=   -31.2 (エピソード数 13) policy_loss=-0.0156 value_loss=  65.478 entropy=-1.371 (この反復   2.2秒, 累計  16.7分)
  iter 414/2000: rollout平均ep報酬=    96.2 (エピソード数 14) policy_loss=-0.0223 value_loss=  46.613 entropy=-1.369 (この反復   2.3秒, 累計  16.8分)
  iter 415/2000: rollout平均ep報酬=    68.9 (エピソード数 13) policy_loss=+0.0818 value_loss= 134.130 entropy=-1.363 (この反復   2.2秒, 累計  16.8分)
    → 決定的方策の評価: best_reward候補 = 602.9 (これまでのベスト = 1164.7)
  iter 416/2000: rollout平均ep報酬=   222.7 (エピソード数  8) policy_loss=-0.0290 value_loss=  95.115 entropy=-1.367 (この反復   2.3秒, 累計  16.9分)
  iter 417/2000: rollout平均ep報酬=    80.6 (エピソード数 10) policy_loss=+0.0223 value_loss= 123.122 entropy=-1.368 (この反復   2.2秒, 累計  16.9分)
  iter 418/2000: rollout平均ep報酬=    63.6 (エピソード数 14) policy_loss=-0.0453 value_loss= 109.273 entropy=-1.364 (この反復   2.2秒, 累計  16.9分)
  iter 419/2000: rollout平均ep報酬=   362.7 (エピソード数  6) policy_loss=+0.0996 value_loss=  49.087 entropy=-1.369 (この反復   2.2秒, 累計  17.0分)
  iter 420/2000: rollout平均ep報酬=    16.9 (エピソード数 13) policy_loss=-0.0368 value_loss= 145.110 entropy=-1.363 (この反復   2.3秒, 累計  17.0分)
    → 決定的方策の評価: best_reward候補 = 600.6 (これまでのベスト = 1164.7)
  [checkpoint] これまでのベスト重みを ev3way_w1.npy/ev3way_w2.npy に中間保存しました
  iter 421/2000: rollout平均ep報酬=   116.1 (エピソード数 11) policy_loss=-0.0274 value_loss=  55.351 entropy=-1.366 (この反復   2.3秒, 累計  17.1分)
  iter 422/2000: rollout平均ep報酬=   -25.6 (エピソード数 16) policy_loss=+0.0204 value_loss= 137.449 entropy=-1.368 (この反復   2.2秒, 累計  17.1分)
  iter 423/2000: rollout平均ep報酬=   -23.3 (エピソード数 10) policy_loss=+0.0587 value_loss= 227.934 entropy=-1.366 (この反復   2.1秒, 累計  17.2分)
  iter 424/2000: rollout平均ep報酬=   177.4 (エピソード数 11) policy_loss=-0.0497 value_loss= 113.291 entropy=-1.368 (この反復   2.2秒, 累計  17.2分)
  iter 425/2000: rollout平均ep報酬=   123.3 (エピソード数  9) policy_loss=-0.0083 value_loss=  32.829 entropy=-1.367 (この反復   2.3秒, 累計  17.2分)
    → 決定的方策の評価: best_reward候補 = 554.6 (これまでのベスト = 1164.7)
  iter 426/2000: rollout平均ep報酬=    44.5 (エピソード数 18) policy_loss=+0.0029 value_loss=  49.572 entropy=-1.379 (この反復   2.2秒, 累計  17.3分)
  iter 427/2000: rollout平均ep報酬=    55.4 (エピソード数 15) policy_loss=-0.0167 value_loss=  20.757 entropy=-1.380 (この反復   2.3秒, 累計  17.3分)
  iter 428/2000: rollout平均ep報酬=   133.9 (エピソード数  9) policy_loss=-0.0424 value_loss=  50.421 entropy=-1.394 (この反復   2.2秒, 累計  17.4分)
  iter 429/2000: rollout平均ep報酬=    81.9 (エピソード数 14) policy_loss=-0.0823 value_loss=  60.575 entropy=-1.396 (この反復   2.2秒, 累計  17.4分)
  iter 430/2000: rollout平均ep報酬=    -1.2 (エピソード数 16) policy_loss=-0.0179 value_loss=  26.808 entropy=-1.414 (この反復   2.1秒, 累計  17.4分)
    → 決定的方策の評価: best_reward候補 = 605.4 (これまでのベスト = 1164.7)
  [checkpoint] これまでのベスト重みを ev3way_w1.npy/ev3way_w2.npy に中間保存しました
  iter 431/2000: rollout平均ep報酬=   254.4 (エピソード数  9) policy_loss=+0.0720 value_loss=  71.744 entropy=-1.424 (この反復   2.2秒, 累計  17.5分)
  iter 432/2000: rollout平均ep報酬=    73.4 (エピソード数 15) policy_loss=+0.0131 value_loss= 102.546 entropy=-1.420 (この反復   2.2秒, 累計  17.6分)
  iter 433/2000: rollout平均ep報酬=    37.0 (エピソード数 12) policy_loss=-0.0068 value_loss=  44.795 entropy=-1.418 (この反復   2.3秒, 累計  17.6分)
  iter 434/2000: rollout平均ep報酬=    26.4 (エピソード数 15) policy_loss=-0.0024 value_loss=  46.831 entropy=-1.421 (この反復   2.3秒, 累計  17.6分)
  iter 435/2000: rollout平均ep報酬=    -1.3 (エピソード数 21) policy_loss=+0.0614 value_loss=  91.024 entropy=-1.436 (この反復   2.2秒, 累計  17.7分)
    → 決定的方策の評価: best_reward候補 = 829.4 (これまでのベスト = 1164.7)
  iter 436/2000: rollout平均ep報酬=   116.8 (エピソード数 10) policy_loss=-0.0217 value_loss=  13.389 entropy=-1.445 (この反復   2.3秒, 累計  17.7分)
  iter 437/2000: rollout平均ep報酬=   -32.0 (エピソード数 18) policy_loss=-0.0614 value_loss=  58.369 entropy=-1.446 (この反復   2.2秒, 累計  17.8分)
  iter 438/2000: rollout平均ep報酬=   288.5 (エピソード数  7) policy_loss=+0.1045 value_loss= 113.043 entropy=-1.456 (この反復   2.2秒, 累計  17.8分)
  iter 439/2000: rollout平均ep報酬=   225.3 (エピソード数  8) policy_loss=-0.0543 value_loss=  18.452 entropy=-1.477 (この反復   2.3秒, 累計  17.8分)
  iter 440/2000: rollout平均ep報酬=   167.6 (エピソード数  9) policy_loss=-0.0408 value_loss=  50.290 entropy=-1.470 (この反復   2.2秒, 累計  17.9分)
    → 決定的方策の評価: best_reward候補 = 604.2 (これまでのベスト = 1164.7)
  [checkpoint] これまでのベスト重みを ev3way_w1.npy/ev3way_w2.npy に中間保存しました
  iter 441/2000: rollout平均ep報酬=    47.4 (エピソード数 15) policy_loss=-0.0071 value_loss=  63.388 entropy=-1.467 (この反復   2.2秒, 累計  18.0分)
  iter 442/2000: rollout平均ep報酬=   235.4 (エピソード数  7) policy_loss=-0.1511 value_loss=  22.124 entropy=-1.463 (この反復   2.3秒, 累計  18.0分)
  iter 443/2000: rollout平均ep報酬=    12.7 (エピソード数 22) policy_loss=+0.0693 value_loss= 109.413 entropy=-1.468 (この反復   2.2秒, 累計  18.0分)
  iter 444/2000: rollout平均ep報酬=    62.6 (エピソード数 14) policy_loss=+0.0872 value_loss= 160.131 entropy=-1.471 (この反復   2.2秒, 累計  18.1分)
  iter 445/2000: rollout平均ep報酬=   -16.4 (エピソード数 17) policy_loss=+0.0531 value_loss=  99.100 entropy=-1.472 (この反復   2.1秒, 累計  18.1分)
    → 決定的方策の評価: best_reward候補 = 608.4 (これまでのベスト = 1164.7)
  iter 446/2000: rollout平均ep報酬=   -16.5 (エピソード数 19) policy_loss=+0.0057 value_loss=  93.439 entropy=-1.482 (この反復   2.2秒, 累計  18.2分)
  iter 447/2000: rollout平均ep報酬=   157.7 (エピソード数  9) policy_loss=+0.0261 value_loss=  85.975 entropy=-1.513 (この反復   2.2秒, 累計  18.2分)
  iter 448/2000: rollout平均ep報酬=   -17.5 (エピソード数 28) policy_loss=-0.0284 value_loss=  62.228 entropy=-1.506 (この反復   2.3秒, 累計  18.2分)
  iter 449/2000: rollout平均ep報酬=    14.0 (エピソード数 18) policy_loss=+0.0193 value_loss=  93.793 entropy=-1.504 (この反復   2.2秒, 累計  18.3分)
  iter 450/2000: rollout平均ep報酬=    21.5 (エピソード数 19) policy_loss=-0.0290 value_loss= 168.374 entropy=-1.492 (この反復   2.2秒, 累計  18.3分)
    → 決定的方策の評価: best_reward候補 = 358.5 (これまでのベスト = 1164.7)
  [checkpoint] これまでのベスト重みを ev3way_w1.npy/ev3way_w2.npy に中間保存しました
  iter 451/2000: rollout平均ep報酬=    16.1 (エピソード数 10) policy_loss=-0.0898 value_loss= 123.963 entropy=-1.496 (この反復   2.1秒, 累計  18.4分)
  iter 452/2000: rollout平均ep報酬=    50.1 (エピソード数 16) policy_loss=-0.0078 value_loss=  47.925 entropy=-1.495 (この反復   2.2秒, 累計  18.4分)
  iter 453/2000: rollout平均ep報酬=     9.7 (エピソード数 24) policy_loss=-0.0168 value_loss= 176.268 entropy=-1.488 (この反復   2.2秒, 累計  18.4分)
  iter 454/2000: rollout平均ep報酬=    30.0 (エピソード数 19) policy_loss=+0.0009 value_loss=  81.765 entropy=-1.493 (この反復   2.2秒, 累計  18.5分)
  iter 455/2000: rollout平均ep報酬=    71.8 (エピソード数 17) policy_loss=+0.0532 value_loss=  96.388 entropy=-1.508 (この反復   2.2秒, 累計  18.5分)
    → 決定的方策の評価: best_reward候補 = 578.3 (これまでのベスト = 1164.7)
  iter 456/2000: rollout平均ep報酬=   108.0 (エピソード数 13) policy_loss=+0.0512 value_loss= 122.379 entropy=-1.525 (この反復   2.3秒, 累計  18.6分)
  iter 457/2000: rollout平均ep報酬=   223.6 (エピソード数  8) policy_loss=+0.0277 value_loss=  64.015 entropy=-1.526 (この反復   2.3秒, 累計  18.6分)
  iter 458/2000: rollout平均ep報酬=   409.5 (エピソード数  5) policy_loss=+0.0501 value_loss=  84.498 entropy=-1.543 (この反復   2.1秒, 累計  18.7分)
  iter 459/2000: rollout平均ep報酬=   -72.1 (エピソード数 24) policy_loss=-0.0375 value_loss= 137.429 entropy=-1.554 (この反復   2.1秒, 累計  18.7分)
  iter 460/2000: rollout平均ep報酬=    60.9 (エピソード数 12) policy_loss=+0.0424 value_loss= 101.587 entropy=-1.551 (この反復   2.2秒, 累計  18.7分)
    → 決定的方策の評価: best_reward候補 = 608.1 (これまでのベスト = 1164.7)
  [checkpoint] これまでのベスト重みを ev3way_w1.npy/ev3way_w2.npy に中間保存しました
  iter 461/2000: rollout平均ep報酬=   372.7 (エピソード数  5) policy_loss=+0.0243 value_loss=  32.692 entropy=-1.572 (この反復   2.2秒, 累計  18.8分)
  iter 462/2000: rollout平均ep報酬=    84.2 (エピソード数 15) policy_loss=+0.0694 value_loss= 123.304 entropy=-1.567 (この反復   2.3秒, 累計  18.8分)
  iter 463/2000: rollout平均ep報酬=    23.1 (エピソード数 16) policy_loss=+0.0223 value_loss=  59.048 entropy=-1.570 (この反復   2.1秒, 累計  18.9分)
  iter 464/2000: rollout平均ep報酬=    19.9 (エピソード数 17) policy_loss=+0.0048 value_loss=  45.257 entropy=-1.571 (この反復   2.3秒, 累計  18.9分)
  iter 465/2000: rollout平均ep報酬=   103.0 (エピソード数 10) policy_loss=+0.0164 value_loss=  63.498 entropy=-1.578 (この反復   2.1秒, 累計  18.9分)
    → 決定的方策の評価: best_reward候補 = 614.9 (これまでのベスト = 1164.7)
  iter 466/2000: rollout平均ep報酬=   225.7 (エピソード数  8) policy_loss=-0.0766 value_loss=  48.072 entropy=-1.580 (この反復   2.1秒, 累計  19.0分)
  iter 467/2000: rollout平均ep報酬=    64.0 (エピソード数 11) policy_loss=+0.0399 value_loss=  52.216 entropy=-1.571 (この反復   2.2秒, 累計  19.0分)
  iter 468/2000: rollout平均ep報酬=   112.1 (エピソード数 13) policy_loss=+0.0175 value_loss=  68.396 entropy=-1.567 (この反復   2.4秒, 累計  19.1分)
  iter 469/2000: rollout平均ep報酬=   489.8 (エピソード数  5) policy_loss=+0.0470 value_loss=  29.398 entropy=-1.588 (この反復   2.2秒, 累計  19.1分)
  iter 470/2000: rollout平均ep報酬=    74.7 (エピソード数 12) policy_loss=+0.0625 value_loss= 104.034 entropy=-1.597 (この反復   2.2秒, 累計  19.2分)
    → 決定的方策の評価: best_reward候補 = 604.8 (これまでのベスト = 1164.7)
  [checkpoint] これまでのベスト重みを ev3way_w1.npy/ev3way_w2.npy に中間保存しました
  iter 471/2000: rollout平均ep報酬=    97.1 (エピソード数  8) policy_loss=+0.0148 value_loss=  37.969 entropy=-1.597 (この反復   2.1秒, 累計  19.2分)
  iter 472/2000: rollout平均ep報酬=   483.0 (エピソード数  4) policy_loss=-0.0796 value_loss=  48.681 entropy=-1.580 (この反復   2.2秒, 累計  19.3分)
  iter 473/2000: rollout平均ep報酬=   374.1 (エピソード数  7) policy_loss=+0.0415 value_loss=  69.921 entropy=-1.576 (この反復   2.1秒, 累計  19.3分)
  iter 474/2000: rollout平均ep報酬=    17.9 (エピソード数 18) policy_loss=-0.0714 value_loss=  49.683 entropy=-1.567 (この反復   2.3秒, 累計  19.3分)
  iter 475/2000: rollout平均ep報酬=   182.2 (エピソード数 11) policy_loss=+0.0316 value_loss= 138.523 entropy=-1.547 (この反復   2.2秒, 累計  19.4分)
    → 決定的方策の評価: best_reward候補 = 596.9 (これまでのベスト = 1164.7)
  iter 476/2000: rollout平均ep報酬=   173.6 (エピソード数 11) policy_loss=-0.0400 value_loss=  12.292 entropy=-1.522 (この反復   2.3秒, 累計  19.4分)
  iter 477/2000: rollout平均ep報酬=    58.0 (エピソード数 11) policy_loss=+0.0163 value_loss=  45.463 entropy=-1.525 (この反復   2.2秒, 累計  19.5分)
  iter 478/2000: rollout平均ep報酬=   200.4 (エピソード数  8) policy_loss=-0.0284 value_loss=  37.626 entropy=-1.535 (この反復   2.3秒, 累計  19.5分)
  iter 479/2000: rollout平均ep報酬=    86.7 (エピソード数 12) policy_loss=+0.0194 value_loss=  81.020 entropy=-1.544 (この反復   2.3秒, 累計  19.5分)
  iter 480/2000: rollout平均ep報酬=    13.5 (エピソード数 25) policy_loss=+0.1156 value_loss= 186.335 entropy=-1.529 (この反復   2.2秒, 累計  19.6分)
    → 決定的方策の評価: best_reward候補 = 586.7 (これまでのベスト = 1164.7)
  [checkpoint] これまでのベスト重みを ev3way_w1.npy/ev3way_w2.npy に中間保存しました
  iter 481/2000: rollout平均ep報酬=   156.5 (エピソード数 12) policy_loss=+0.0270 value_loss= 113.047 entropy=-1.526 (この反復   2.3秒, 累計  19.6分)
  iter 482/2000: rollout平均ep報酬=    45.2 (エピソード数 19) policy_loss=+0.0254 value_loss= 142.172 entropy=-1.519 (この反復   2.2秒, 累計  19.7分)
  iter 483/2000: rollout平均ep報酬=   -16.8 (エピソード数 26) policy_loss=-0.0625 value_loss=  38.117 entropy=-1.522 (この反復   2.3秒, 累計  19.7分)
  iter 484/2000: rollout平均ep報酬=   171.5 (エピソード数 12) policy_loss=+0.0036 value_loss=  36.416 entropy=-1.523 (この反復   2.3秒, 累計  19.8分)
  iter 485/2000: rollout平均ep報酬=   268.3 (エピソード数  7) policy_loss=-0.0636 value_loss=  28.682 entropy=-1.541 (この反復   2.2秒, 累計  19.8分)
    → 決定的方策の評価: best_reward候補 = 829.2 (これまでのベスト = 1164.7)
  iter 486/2000: rollout平均ep報酬=   251.8 (エピソード数  8) policy_loss=+0.0685 value_loss=  62.375 entropy=-1.527 (この反復   2.3秒, 累計  19.9分)
  iter 487/2000: rollout平均ep報酬=   263.9 (エピソード数  8) policy_loss=+0.0480 value_loss=  34.977 entropy=-1.555 (この反復   2.3秒, 累計  19.9分)
  iter 488/2000: rollout平均ep報酬=    28.6 (エピソード数 17) policy_loss=+0.0131 value_loss= 110.629 entropy=-1.567 (この反復   2.2秒, 累計  19.9分)
  iter 489/2000: rollout平均ep報酬=    26.2 (エピソード数 17) policy_loss=-0.0184 value_loss=  34.277 entropy=-1.571 (この反復   2.3秒, 累計  20.0分)
  iter 490/2000: rollout平均ep報酬=   199.1 (エピソード数  7) policy_loss=+0.0037 value_loss=  64.269 entropy=-1.556 (この反復   2.3秒, 累計  20.0分)
    → 決定的方策の評価: best_reward候補 = 1058.8 (これまでのベスト = 1164.7)
  [checkpoint] これまでのベスト重みを ev3way_w1.npy/ev3way_w2.npy に中間保存しました
  iter 491/2000: rollout平均ep報酬=     3.5 (エピソード数 20) policy_loss=-0.0415 value_loss=  34.184 entropy=-1.557 (この反復   2.4秒, 累計  20.1分)
  iter 492/2000: rollout平均ep報酬=   199.2 (エピソード数  4) policy_loss=-0.0890 value_loss=  25.254 entropy=-1.566 (この反復   2.2秒, 累計  20.1分)
  iter 493/2000: rollout平均ep報酬=   169.3 (エピソード数 12) policy_loss=+0.0088 value_loss=  72.686 entropy=-1.554 (この反復   2.4秒, 累計  20.2分)
  iter 494/2000: rollout平均ep報酬=   186.2 (エピソード数 11) policy_loss=+0.0256 value_loss=   5.775 entropy=-1.568 (この反復   2.3秒, 累計  20.2分)
  iter 495/2000: rollout平均ep報酬=   141.9 (エピソード数 12) policy_loss=+0.0121 value_loss=  33.787 entropy=-1.566 (この反復   2.4秒, 累計  20.3分)
    → 決定的方策の評価: best_reward候補 = 1077.1 (これまでのベスト = 1164.7)
  iter 496/2000: rollout平均ep報酬=   361.3 (エピソード数  6) policy_loss=+0.0208 value_loss=  71.190 entropy=-1.547 (この反復   2.3秒, 累計  20.3分)
  iter 497/2000: rollout平均ep報酬=    67.1 (エピソード数 10) policy_loss=+0.0573 value_loss=  65.519 entropy=-1.554 (この反復   2.2秒, 累計  20.4分)
  iter 498/2000: rollout平均ep報酬=    75.1 (エピソード数 15) policy_loss=-0.0207 value_loss=  48.632 entropy=-1.552 (この反復   2.2秒, 累計  20.4分)
  iter 499/2000: rollout平均ep報酬=    96.8 (エピソード数 14) policy_loss=-0.0308 value_loss=  29.119 entropy=-1.551 (この反復   2.2秒, 累計  20.4分)
  iter 500/2000: rollout平均ep報酬=   140.8 (エピソード数 10) policy_loss=-0.0536 value_loss=  26.991 entropy=-1.555 (この反復   2.2秒, 累計  20.5分)
    → 決定的方策の評価: best_reward候補 = 1062.4 (これまでのベスト = 1164.7)
  [checkpoint] これまでのベスト重みを ev3way_w1.npy/ev3way_w2.npy に中間保存しました
  iter 501/2000: rollout平均ep報酬=    10.1 (エピソード数 23) policy_loss=-0.0351 value_loss=  49.575 entropy=-1.558 (この反復   2.3秒, 累計  20.6分)
  iter 502/2000: rollout平均ep報酬=   -48.1 (エピソード数 23) policy_loss=+0.0500 value_loss=  74.786 entropy=-1.573 (この反復   2.2秒, 累計  20.6分)
  iter 503/2000: rollout平均ep報酬=    86.0 (エピソード数 14) policy_loss=+0.0581 value_loss=  61.148 entropy=-1.586 (この反復   2.3秒, 累計  20.6分)
  iter 504/2000: rollout平均ep報酬=   -30.8 (エピソード数 28) policy_loss=-0.0251 value_loss=  67.345 entropy=-1.596 (この反復   2.3秒, 累計  20.7分)
  iter 505/2000: rollout平均ep報酬=   241.0 (エピソード数  8) policy_loss=-0.0678 value_loss=  11.733 entropy=-1.600 (この反復   2.2秒, 累計  20.7分)
    → 決定的方策の評価: best_reward候補 = 1068.1 (これまでのベスト = 1164.7)
  iter 506/2000: rollout平均ep報酬=   146.0 (エピソード数 11) policy_loss=+0.0307 value_loss=  44.505 entropy=-1.604 (この反復   2.3秒, 累計  20.8分)
  iter 507/2000: rollout平均ep報酬=    30.0 (エピソード数 17) policy_loss=-0.0458 value_loss=  51.985 entropy=-1.600 (この反復   2.3秒, 累計  20.8分)
  iter 508/2000: rollout平均ep報酬=   269.1 (エピソード数  8) policy_loss=-0.0107 value_loss= 100.221 entropy=-1.588 (この反復   2.2秒, 累計  20.9分)
  iter 509/2000: rollout平均ep報酬=   211.8 (エピソード数  8) policy_loss=-0.1041 value_loss=  17.176 entropy=-1.594 (この反復   2.2秒, 累計  20.9分)
  iter 510/2000: rollout平均ep報酬=   177.1 (エピソード数  7) policy_loss=+0.1657 value_loss= 132.554 entropy=-1.604 (この反復   2.1秒, 累計  20.9分)
    → 決定的方策の評価: best_reward候補 = 1097.7 (これまでのベスト = 1164.7)
  [checkpoint] これまでのベスト重みを ev3way_w1.npy/ev3way_w2.npy に中間保存しました
  iter 511/2000: rollout平均ep報酬=   179.0 (エピソード数 10) policy_loss=+0.0071 value_loss=  46.596 entropy=-1.608 (この反復   2.3秒, 累計  21.0分)
  iter 512/2000: rollout平均ep報酬=   360.9 (エピソード数  7) policy_loss=+0.0500 value_loss=  14.422 entropy=-1.636 (この反復   2.2秒, 累計  21.1分)
  iter 513/2000: rollout平均ep報酬=   137.4 (エピソード数 13) policy_loss=-0.0091 value_loss=  49.508 entropy=-1.641 (この反復   2.6秒, 累計  21.1分)
  iter 514/2000: rollout平均ep報酬=    85.9 (エピソード数 18) policy_loss=+0.0526 value_loss=  85.320 entropy=-1.640 (この反復   2.4秒, 累計  21.1分)
  iter 515/2000: rollout平均ep報酬=   174.1 (エピソード数  7) policy_loss=-0.0533 value_loss=  20.910 entropy=-1.644 (この反復   2.4秒, 累計  21.2分)
    → 決定的方策の評価: best_reward候補 = 827.2 (これまでのベスト = 1164.7)
  iter 516/2000: rollout平均ep報酬=    86.2 (エピソード数 14) policy_loss=+0.0623 value_loss=  54.855 entropy=-1.644 (この反復   2.2秒, 累計  21.3分)
  iter 517/2000: rollout平均ep報酬=   260.4 (エピソード数  7) policy_loss=-0.0156 value_loss=  25.721 entropy=-1.645 (この反復   2.3秒, 累計  21.3分)
  iter 518/2000: rollout平均ep報酬=    17.4 (エピソード数 18) policy_loss=-0.0734 value_loss=  58.951 entropy=-1.646 (この反復   2.3秒, 累計  21.3分)
  iter 519/2000: rollout平均ep報酬=   500.7 (エピソード数  5) policy_loss=+0.0423 value_loss=  92.177 entropy=-1.652 (この反復   2.6秒, 累計  21.4分)
  iter 520/2000: rollout平均ep報酬=   253.1 (エピソード数  7) policy_loss=+0.0318 value_loss=  82.566 entropy=-1.662 (この反復   2.2秒, 累計  21.4分)
    → 決定的方策の評価: best_reward候補 = 821.8 (これまでのベスト = 1164.7)
  [checkpoint] これまでのベスト重みを ev3way_w1.npy/ev3way_w2.npy に中間保存しました
  iter 521/2000: rollout平均ep報酬=   212.2 (エピソード数 10) policy_loss=+0.0124 value_loss=  57.417 entropy=-1.660 (この反復   2.3秒, 累計  21.5分)
  iter 522/2000: rollout平均ep報酬=   257.6 (エピソード数  9) policy_loss=+0.0835 value_loss=  91.567 entropy=-1.665 (この反復   2.3秒, 累計  21.5分)
  iter 523/2000: rollout平均ep報酬=    99.7 (エピソード数 14) policy_loss=+0.0357 value_loss= 105.949 entropy=-1.668 (この反復   2.3秒, 累計  21.6分)
  iter 524/2000: rollout平均ep報酬=    80.1 (エピソード数 16) policy_loss=+0.0386 value_loss= 117.559 entropy=-1.662 (この反復   2.2秒, 累計  21.6分)
  iter 525/2000: rollout平均ep報酬=   528.0 (エピソード数  4) policy_loss=-0.0276 value_loss=  31.238 entropy=-1.664 (この反復   2.4秒, 累計  21.6分)
    → 決定的方策の評価: best_reward候補 = 815.1 (これまでのベスト = 1164.7)
  iter 526/2000: rollout平均ep報酬=   407.5 (エピソード数  7) policy_loss=-0.0775 value_loss=  18.683 entropy=-1.673 (この反復   2.4秒, 累計  21.7分)
  iter 527/2000: rollout平均ep報酬=   160.5 (エピソード数  9) policy_loss=-0.0442 value_loss=  31.222 entropy=-1.673 (この反復   2.3秒, 累計  21.8分)
  iter 528/2000: rollout平均ep報酬=   -24.6 (エピソード数 25) policy_loss=+0.0008 value_loss= 146.749 entropy=-1.676 (この反復   2.4秒, 累計  21.8分)
  iter 529/2000: rollout平均ep報酬=    81.0 (エピソード数 18) policy_loss=+0.0761 value_loss= 100.970 entropy=-1.680 (この反復   2.5秒, 累計  21.8分)
  iter 530/2000: rollout平均ep報酬=   443.8 (エピソード数  6) policy_loss=-0.0538 value_loss=  24.775 entropy=-1.698 (この反復   2.3秒, 累計  21.9分)
    → 決定的方策の評価: best_reward候補 = 823.6 (これまでのベスト = 1164.7)
  [checkpoint] これまでのベスト重みを ev3way_w1.npy/ev3way_w2.npy に中間保存しました
  iter 531/2000: rollout平均ep報酬=    -0.8 (エピソード数 18) policy_loss=+0.0188 value_loss=  85.792 entropy=-1.702 (この反復   2.2秒, 累計  21.9分)
  iter 532/2000: rollout平均ep報酬=   314.4 (エピソード数  8) policy_loss=-0.0587 value_loss=   8.698 entropy=-1.677 (この反復   2.3秒, 累計  22.0分)
  iter 533/2000: rollout平均ep報酬=   453.3 (エピソード数  7) policy_loss=-0.0055 value_loss=  43.099 entropy=-1.666 (この反復   2.6秒, 累計  22.0分)
  iter 534/2000: rollout平均ep報酬=    -7.3 (エピソード数 11) policy_loss=-0.0477 value_loss=  53.272 entropy=-1.666 (この反復   2.1秒, 累計  22.1分)
  iter 535/2000: rollout平均ep報酬=   651.5 (エピソード数  5) policy_loss=-0.0425 value_loss=   5.764 entropy=-1.640 (この反復   2.6秒, 累計  22.1分)
    → 決定的方策の評価: best_reward候補 = 825.3 (これまでのベスト = 1164.7)
  iter 536/2000: rollout平均ep報酬=    67.4 (エピソード数 18) policy_loss=+0.0713 value_loss=  81.541 entropy=-1.622 (この反復   2.5秒, 累計  22.2分)
  iter 537/2000: rollout平均ep報酬=    48.0 (エピソード数 18) policy_loss=+0.0924 value_loss=  95.898 entropy=-1.630 (この反復   2.3秒, 累計  22.2分)
  iter 538/2000: rollout平均ep報酬=   114.3 (エピソード数 12) policy_loss=+0.0148 value_loss=  92.777 entropy=-1.643 (この反復   2.3秒, 累計  22.3分)
  iter 539/2000: rollout平均ep報酬=   272.5 (エピソード数  6) policy_loss=-0.0104 value_loss=  42.603 entropy=-1.638 (この反復   2.2秒, 累計  22.3分)
  iter 540/2000: rollout平均ep報酬=    64.5 (エピソード数 19) policy_loss=+0.0242 value_loss=  58.151 entropy=-1.630 (この反復   2.4秒, 累計  22.3分)
    → 決定的方策の評価: best_reward候補 = 1061.9 (これまでのベスト = 1164.7)
  [checkpoint] これまでのベスト重みを ev3way_w1.npy/ev3way_w2.npy に中間保存しました
  iter 541/2000: rollout平均ep報酬=   125.1 (エピソード数 13) policy_loss=-0.0244 value_loss=  51.124 entropy=-1.631 (この反復   2.3秒, 累計  22.4分)
  iter 542/2000: rollout平均ep報酬=   380.3 (エピソード数  7) policy_loss=+0.0045 value_loss=  12.224 entropy=-1.639 (この反復   2.3秒, 累計  22.5分)
  iter 543/2000: rollout平均ep報酬=   332.4 (エピソード数  7) policy_loss=-0.0763 value_loss=  58.245 entropy=-1.635 (この反復   2.4秒, 累計  22.5分)
  iter 544/2000: rollout平均ep報酬=   318.8 (エピソード数  7) policy_loss=-0.0355 value_loss=  30.514 entropy=-1.634 (この反復   2.3秒, 累計  22.5分)
  iter 545/2000: rollout平均ep報酬=    19.6 (エピソード数 21) policy_loss=-0.0731 value_loss=  95.879 entropy=-1.636 (この反復   2.3秒, 累計  22.6分)
    → 決定的方策の評価: best_reward候補 = 595.7 (これまでのベスト = 1164.7)
  iter 546/2000: rollout平均ep報酬=   150.2 (エピソード数 10) policy_loss=-0.0542 value_loss=  50.110 entropy=-1.631 (この反復   2.6秒, 累計  22.6分)
  iter 547/2000: rollout平均ep報酬=   128.3 (エピソード数 13) policy_loss=+0.0185 value_loss=  38.067 entropy=-1.639 (この反復   2.3秒, 累計  22.7分)
  iter 548/2000: rollout平均ep報酬=    89.6 (エピソード数 15) policy_loss=+0.0649 value_loss= 103.463 entropy=-1.640 (この反復   2.6秒, 累計  22.7分)
  iter 549/2000: rollout平均ep報酬=    40.3 (エピソード数 16) policy_loss=+0.0266 value_loss= 139.551 entropy=-1.647 (この反復   2.2秒, 累計  22.8分)
  iter 550/2000: rollout平均ep報酬=   152.8 (エピソード数  9) policy_loss=+0.0208 value_loss=  56.579 entropy=-1.646 (この反復   2.2秒, 累計  22.8分)
    → 決定的方策の評価: best_reward候補 = 599.7 (これまでのベスト = 1164.7)
  [checkpoint] これまでのベスト重みを ev3way_w1.npy/ev3way_w2.npy に中間保存しました
  iter 551/2000: rollout平均ep報酬=    28.4 (エピソード数 24) policy_loss=-0.0492 value_loss=  84.378 entropy=-1.646 (この反復   2.5秒, 累計  22.9分)
  iter 552/2000: rollout平均ep報酬=   146.0 (エピソード数 10) policy_loss=-0.0729 value_loss=  30.405 entropy=-1.656 (この反復   2.1秒, 累計  22.9分)
  iter 553/2000: rollout平均ep報酬=    93.7 (エピソード数 13) policy_loss=+0.0731 value_loss=  76.235 entropy=-1.659 (この反復   2.2秒, 累計  22.9分)
  iter 554/2000: rollout平均ep報酬=    63.4 (エピソード数 14) policy_loss=-0.0481 value_loss=  41.794 entropy=-1.655 (この反復   2.3秒, 累計  23.0分)
  iter 555/2000: rollout平均ep報酬=   468.7 (エピソード数  6) policy_loss=-0.0435 value_loss=  17.605 entropy=-1.662 (この反復   2.2秒, 累計  23.0分)
    → 決定的方策の評価: best_reward候補 = 612.2 (これまでのベスト = 1164.7)
  iter 556/2000: rollout平均ep報酬=    99.0 (エピソード数 11) policy_loss=-0.0217 value_loss=  51.378 entropy=-1.666 (この反復   2.3秒, 累計  23.1分)
  iter 557/2000: rollout平均ep報酬=    62.9 (エピソード数 15) policy_loss=-0.0756 value_loss=  24.648 entropy=-1.670 (この反復   2.3秒, 累計  23.1分)
  iter 558/2000: rollout平均ep報酬=    24.8 (エピソード数 23) policy_loss=+0.0606 value_loss= 201.041 entropy=-1.670 (この反復   2.3秒, 累計  23.2分)
  iter 559/2000: rollout平均ep報酬=   141.0 (エピソード数 11) policy_loss=+0.0520 value_loss=  50.665 entropy=-1.676 (この反復   2.4秒, 累計  23.2分)
  iter 560/2000: rollout平均ep報酬=   149.0 (エピソード数 10) policy_loss=+0.0043 value_loss=  62.027 entropy=-1.675 (この反復   2.4秒, 累計  23.2分)
    → 決定的方策の評価: best_reward候補 = 583.4 (これまでのベスト = 1164.7)
  [checkpoint] これまでのベスト重みを ev3way_w1.npy/ev3way_w2.npy に中間保存しました
  iter 561/2000: rollout平均ep報酬=   129.6 (エピソード数 13) policy_loss=-0.0169 value_loss=  65.774 entropy=-1.683 (この反復   2.3秒, 累計  23.3分)
  iter 562/2000: rollout平均ep報酬=    37.0 (エピソード数 16) policy_loss=-0.0357 value_loss=  82.790 entropy=-1.676 (この反復   2.4秒, 累計  23.4分)
  iter 563/2000: rollout平均ep報酬=   141.6 (エピソード数 10) policy_loss=-0.0065 value_loss=  84.818 entropy=-1.683 (この反復   2.3秒, 累計  23.4分)
  iter 564/2000: rollout平均ep報酬=    40.9 (エピソード数 13) policy_loss=-0.0006 value_loss=  56.214 entropy=-1.685 (この反復   2.3秒, 累計  23.4分)
  iter 565/2000: rollout平均ep報酬=   171.7 (エピソード数 11) policy_loss=-0.0595 value_loss=  46.377 entropy=-1.678 (この反復   2.3秒, 累計  23.5分)
    → 決定的方策の評価: best_reward候補 = 581.7 (これまでのベスト = 1164.7)
  iter 566/2000: rollout平均ep報酬=    94.0 (エピソード数 16) policy_loss=-0.0378 value_loss=  38.233 entropy=-1.669 (この反復   2.4秒, 累計  23.5分)
  iter 567/2000: rollout平均ep報酬=   103.2 (エピソード数 17) policy_loss=-0.0401 value_loss=  92.241 entropy=-1.665 (この反復   2.3秒, 累計  23.6分)
  iter 568/2000: rollout平均ep報酬=    40.2 (エピソード数 17) policy_loss=+0.0356 value_loss= 106.962 entropy=-1.664 (この反復   2.3秒, 累計  23.6分)
  iter 569/2000: rollout平均ep報酬=   395.8 (エピソード数  6) policy_loss=+0.0365 value_loss=  52.794 entropy=-1.667 (この反復   2.4秒, 累計  23.6分)
  iter 570/2000: rollout平均ep報酬=   278.5 (エピソード数  8) policy_loss=-0.0555 value_loss=  65.067 entropy=-1.685 (この反復   2.3秒, 累計  23.7分)
    → 決定的方策の評価: best_reward候補 = 840.7 (これまでのベスト = 1164.7)
  [checkpoint] これまでのベスト重みを ev3way_w1.npy/ev3way_w2.npy に中間保存しました
  iter 571/2000: rollout平均ep報酬=   175.8 (エピソード数  9) policy_loss=+0.0232 value_loss=  27.578 entropy=-1.695 (この反復   2.3秒, 累計  23.8分)
  iter 572/2000: rollout平均ep報酬=   416.2 (エピソード数  6) policy_loss=+0.0260 value_loss=  56.824 entropy=-1.698 (この反復   2.3秒, 累計  23.8分)
  iter 573/2000: rollout平均ep報酬=    64.0 (エピソード数 15) policy_loss=+0.0998 value_loss= 114.820 entropy=-1.706 (この反復   2.2秒, 累計  23.8分)
  iter 574/2000: rollout平均ep報酬=   208.8 (エピソード数  9) policy_loss=+0.0071 value_loss=  87.583 entropy=-1.706 (この反復   2.4秒, 累計  23.9分)
  iter 575/2000: rollout平均ep報酬=   299.7 (エピソード数  7) policy_loss=+0.0606 value_loss=  92.602 entropy=-1.720 (この反復   2.4秒, 累計  23.9分)
    → 決定的方策の評価: best_reward候補 = 616.5 (これまでのベスト = 1164.7)
  iter 576/2000: rollout平均ep報酬=   402.0 (エピソード数  7) policy_loss=+0.0767 value_loss=  57.459 entropy=-1.727 (この反復   2.3秒, 累計  24.0分)
  iter 577/2000: rollout平均ep報酬=    96.4 (エピソード数 14) policy_loss=-0.0543 value_loss=  26.635 entropy=-1.733 (この反復   2.2秒, 累計  24.0分)
  iter 578/2000: rollout平均ep報酬=   205.2 (エピソード数  6) policy_loss=-0.0098 value_loss=  78.077 entropy=-1.733 (この反復   2.3秒, 累計  24.1分)
  iter 579/2000: rollout平均ep報酬=    76.4 (エピソード数 15) policy_loss=+0.0089 value_loss=  88.905 entropy=-1.755 (この反復   2.2秒, 累計  24.1分)
  iter 580/2000: rollout平均ep報酬=   264.4 (エピソード数  9) policy_loss=+0.0418 value_loss=  77.224 entropy=-1.750 (この反復   2.4秒, 累計  24.1分)
    → 決定的方策の評価: best_reward候補 = 594.2 (これまでのベスト = 1164.7)
  [checkpoint] これまでのベスト重みを ev3way_w1.npy/ev3way_w2.npy に中間保存しました
  iter 581/2000: rollout平均ep報酬=   232.1 (エピソード数  8) policy_loss=+0.0672 value_loss= 115.632 entropy=-1.764 (この反復   2.4秒, 累計  24.2分)
  iter 582/2000: rollout平均ep報酬=   100.3 (エピソード数 15) policy_loss=+0.0870 value_loss=  65.266 entropy=-1.765 (この反復   2.3秒, 累計  24.3分)
  iter 583/2000: rollout平均ep報酬=   418.4 (エピソード数  5) policy_loss=+0.0777 value_loss= 112.660 entropy=-1.772 (この反復   2.1秒, 累計  24.3分)
  iter 584/2000: rollout平均ep報酬=   216.6 (エピソード数  9) policy_loss=-0.0356 value_loss=  49.513 entropy=-1.767 (この反復   2.3秒, 累計  24.3分)
  iter 585/2000: rollout平均ep報酬=    76.9 (エピソード数 17) policy_loss=+0.0575 value_loss= 149.569 entropy=-1.757 (この反復   2.4秒, 累計  24.4分)
    → 決定的方策の評価: best_reward候補 = 606.2 (これまでのベスト = 1164.7)
  iter 586/2000: rollout平均ep報酬=   139.0 (エピソード数 10) policy_loss=-0.0387 value_loss=  23.180 entropy=-1.748 (この反復   2.2秒, 累計  24.4分)
  iter 587/2000: rollout平均ep報酬=   128.0 (エピソード数 10) policy_loss=-0.0684 value_loss=  30.156 entropy=-1.747 (この反復   2.2秒, 累計  24.5分)
  iter 588/2000: rollout平均ep報酬=   307.3 (エピソード数  6) policy_loss=-0.0651 value_loss=  15.397 entropy=-1.755 (この反復   2.2秒, 累計  24.5分)
  iter 589/2000: rollout平均ep報酬=    47.0 (エピソード数 17) policy_loss=+0.0129 value_loss=  73.672 entropy=-1.749 (この反復   2.4秒, 累計  24.5分)
  iter 590/2000: rollout平均ep報酬=   506.4 (エピソード数  5) policy_loss=+0.0439 value_loss=  36.473 entropy=-1.737 (この反復   2.4秒, 累計  24.6分)
    → 決定的方策の評価: best_reward候補 = 618.0 (これまでのベスト = 1164.7)
  [checkpoint] これまでのベスト重みを ev3way_w1.npy/ev3way_w2.npy に中間保存しました
  iter 591/2000: rollout平均ep報酬=   187.3 (エピソード数  9) policy_loss=-0.0178 value_loss=  64.448 entropy=-1.733 (この反復   2.6秒, 累計  24.7分)
  iter 592/2000: rollout平均ep報酬=   206.9 (エピソード数  9) policy_loss=-0.0423 value_loss=  25.898 entropy=-1.745 (この反復   2.2秒, 累計  24.7分)
  iter 593/2000: rollout平均ep報酬=    86.6 (エピソード数 12) policy_loss=+0.0141 value_loss= 116.919 entropy=-1.742 (この反復   2.3秒, 累計  24.7分)
  iter 594/2000: rollout平均ep報酬=    61.6 (エピソード数 13) policy_loss=+0.0493 value_loss= 136.235 entropy=-1.734 (この反復   2.5秒, 累計  24.8分)
  iter 595/2000: rollout平均ep報酬=   105.7 (エピソード数 11) policy_loss=-0.0191 value_loss=  57.089 entropy=-1.723 (この反復   2.2秒, 累計  24.8分)
    → 決定的方策の評価: best_reward候補 = 600.0 (これまでのベスト = 1164.7)
  iter 596/2000: rollout平均ep報酬=   218.8 (エピソード数 10) policy_loss=-0.0082 value_loss=  23.286 entropy=-1.709 (この反復   2.5秒, 累計  24.9分)
  iter 597/2000: rollout平均ep報酬=    88.0 (エピソード数 12) policy_loss=-0.0273 value_loss=  50.408 entropy=-1.721 (この反復   2.3秒, 累計  24.9分)
  iter 598/2000: rollout平均ep報酬=   164.6 (エピソード数 10) policy_loss=+0.0345 value_loss=  81.958 entropy=-1.719 (この反復   2.2秒, 累計  25.0分)
  iter 599/2000: rollout平均ep報酬=   172.0 (エピソード数 11) policy_loss=-0.0156 value_loss=  53.982 entropy=-1.717 (この反復   2.3秒, 累計  25.0分)
  iter 600/2000: rollout平均ep報酬=   100.2 (エピソード数  9) policy_loss=+0.1076 value_loss=  58.863 entropy=-1.724 (この反復   2.1秒, 累計  25.0分)
    → 決定的方策の評価: best_reward候補 = 608.1 (これまでのベスト = 1164.7)
  [checkpoint] これまでのベスト重みを ev3way_w1.npy/ev3way_w2.npy に中間保存しました
  iter 601/2000: rollout平均ep報酬=   127.4 (エピソード数 10) policy_loss=+0.0398 value_loss=  65.994 entropy=-1.722 (この反復   2.2秒, 累計  25.1分)
  iter 602/2000: rollout平均ep報酬=   187.7 (エピソード数  9) policy_loss=-0.0537 value_loss=  38.053 entropy=-1.726 (この反復   2.1秒, 累計  25.1分)
  iter 603/2000: rollout平均ep報酬=    88.4 (エピソード数 13) policy_loss=+0.0948 value_loss=  38.535 entropy=-1.724 (この反復   2.2秒, 累計  25.2分)
  iter 604/2000: rollout平均ep報酬=   177.1 (エピソード数 11) policy_loss=+0.0219 value_loss=  96.685 entropy=-1.720 (この反復   2.4秒, 累計  25.2分)
  iter 605/2000: rollout平均ep報酬=    19.3 (エピソード数 22) policy_loss=+0.0570 value_loss= 124.544 entropy=-1.718 (この反復   2.3秒, 累計  25.2分)
    → 決定的方策の評価: best_reward候補 = 607.3 (これまでのベスト = 1164.7)
  iter 606/2000: rollout平均ep報酬=    56.7 (エピソード数 17) policy_loss=-0.0121 value_loss=  65.404 entropy=-1.738 (この反復   2.2秒, 累計  25.3分)
  iter 607/2000: rollout平均ep報酬=    53.4 (エピソード数 17) policy_loss=+0.0230 value_loss=  87.132 entropy=-1.724 (この反復   2.5秒, 累計  25.3分)
  iter 608/2000: rollout平均ep報酬=   178.0 (エピソード数  7) policy_loss=+0.0208 value_loss=  52.200 entropy=-1.726 (この反復   2.3秒, 累計  25.4分)
  iter 609/2000: rollout平均ep報酬=    49.6 (エピソード数 12) policy_loss=+0.0590 value_loss= 105.078 entropy=-1.738 (この反復   2.2秒, 累計  25.4分)
  iter 610/2000: rollout平均ep報酬=   480.8 (エピソード数  5) policy_loss=+0.0358 value_loss=  44.150 entropy=-1.765 (この反復   2.2秒, 累計  25.5分)
    → 決定的方策の評価: best_reward候補 = 620.2 (これまでのベスト = 1164.7)
  [checkpoint] これまでのベスト重みを ev3way_w1.npy/ev3way_w2.npy に中間保存しました
  iter 611/2000: rollout平均ep報酬=    14.6 (エピソード数 17) policy_loss=+0.0551 value_loss= 121.405 entropy=-1.758 (この反復   2.2秒, 累計  25.5分)
  iter 612/2000: rollout平均ep報酬=   360.8 (エピソード数  5) policy_loss=+0.0148 value_loss=  24.663 entropy=-1.773 (この反復   2.2秒, 累計  25.6分)
  iter 613/2000: rollout平均ep報酬=   142.4 (エピソード数  9) policy_loss=+0.0272 value_loss=  78.117 entropy=-1.771 (この反復   2.3秒, 累計  25.6分)
  iter 614/2000: rollout平均ep報酬=   241.0 (エピソード数  7) policy_loss=-0.0636 value_loss=  39.032 entropy=-1.765 (この反復   2.2秒, 累計  25.6分)
  iter 615/2000: rollout平均ep報酬=   114.9 (エピソード数 12) policy_loss=+0.0496 value_loss=  31.823 entropy=-1.769 (この反復   2.3秒, 累計  25.7分)
    → 決定的方策の評価: best_reward候補 = 850.3 (これまでのベスト = 1164.7)
  iter 616/2000: rollout平均ep報酬=   251.7 (エピソード数  7) policy_loss=+0.0796 value_loss=  71.005 entropy=-1.779 (この反復   2.2秒, 累計  25.7分)
  iter 617/2000: rollout平均ep報酬=   506.2 (エピソード数  5) policy_loss=+0.0025 value_loss=  17.694 entropy=-1.771 (この反復   2.4秒, 累計  25.8分)
  iter 618/2000: rollout平均ep報酬=    48.1 (エピソード数 13) policy_loss=-0.0398 value_loss=  17.547 entropy=-1.762 (この反復   2.3秒, 累計  25.8分)
  iter 619/2000: rollout平均ep報酬=   225.1 (エピソード数  6) policy_loss=-0.0467 value_loss=  18.409 entropy=-1.760 (この反復   2.2秒, 累計  25.9分)
  iter 620/2000: rollout平均ep報酬=   472.4 (エピソード数  4) policy_loss=-0.0034 value_loss=  26.156 entropy=-1.755 (この反復   2.2秒, 累計  25.9分)
    → 決定的方策の評価: best_reward候補 = 844.2 (これまでのベスト = 1164.7)
  [checkpoint] これまでのベスト重みを ev3way_w1.npy/ev3way_w2.npy に中間保存しました
  iter 621/2000: rollout平均ep報酬=   237.3 (エピソード数  9) policy_loss=-0.0254 value_loss=  43.317 entropy=-1.753 (この反復   2.3秒, 累計  26.0分)
  iter 622/2000: rollout平均ep報酬=   281.1 (エピソード数  7) policy_loss=-0.1056 value_loss=  23.380 entropy=-1.752 (この反復   2.3秒, 累計  26.0分)
  iter 623/2000: rollout平均ep報酬=   235.9 (エピソード数  6) policy_loss=-0.0370 value_loss=  28.641 entropy=-1.766 (この反復   2.2秒, 累計  26.0分)
  iter 624/2000: rollout平均ep報酬=   206.4 (エピソード数 10) policy_loss=-0.0513 value_loss=  38.563 entropy=-1.787 (この反復   2.3秒, 累計  26.1分)
  iter 625/2000: rollout平均ep報酬=   519.9 (エピソード数  4) policy_loss=+0.0625 value_loss=  60.677 entropy=-1.797 (この反復   2.3秒, 累計  26.1分)
    → 決定的方策の評価: best_reward候補 = 827.1 (これまでのベスト = 1164.7)
  iter 626/2000: rollout平均ep報酬=   264.4 (エピソード数  8) policy_loss=+0.0238 value_loss=  97.235 entropy=-1.788 (この反復   2.5秒, 累計  26.2分)
  iter 627/2000: rollout平均ep報酬=   150.8 (エピソード数  9) policy_loss=+0.0071 value_loss=  57.775 entropy=-1.787 (この反復   2.2秒, 累計  26.2分)
  iter 628/2000: rollout平均ep報酬=    88.2 (エピソード数 10) policy_loss=-0.0447 value_loss=  57.629 entropy=-1.794 (この反復   2.1秒, 累計  26.3分)
  iter 629/2000: rollout平均ep報酬=    50.3 (エピソード数 19) policy_loss=+0.0455 value_loss= 192.554 entropy=-1.795 (この反復   2.5秒, 累計  26.3分)
  iter 630/2000: rollout平均ep報酬=   313.1 (エピソード数  7) policy_loss=-0.0552 value_loss=  14.810 entropy=-1.789 (この反復   2.3秒, 累計  26.3分)
    → 決定的方策の評価: best_reward候補 = 840.1 (これまでのベスト = 1164.7)
  [checkpoint] これまでのベスト重みを ev3way_w1.npy/ev3way_w2.npy に中間保存しました
  iter 631/2000: rollout平均ep報酬=   120.5 (エピソード数 12) policy_loss=-0.0112 value_loss=  66.696 entropy=-1.787 (この反復   2.2秒, 累計  26.4分)
  iter 632/2000: rollout平均ep報酬=   423.6 (エピソード数  6) policy_loss=+0.0519 value_loss=  91.816 entropy=-1.785 (この反復   2.4秒, 累計  26.5分)
  iter 633/2000: rollout平均ep報酬=   341.8 (エピソード数  7) policy_loss=-0.0104 value_loss=   7.434 entropy=-1.799 (この反復   2.5秒, 累計  26.5分)
  iter 634/2000: rollout平均ep報酬=   221.3 (エピソード数 10) policy_loss=-0.0239 value_loss=  10.657 entropy=-1.800 (この反復   2.4秒, 累計  26.5分)
  iter 635/2000: rollout平均ep報酬=   159.5 (エピソード数 11) policy_loss=+0.1113 value_loss= 185.431 entropy=-1.800 (この反復   2.2秒, 累計  26.6分)
    → 決定的方策の評価: best_reward候補 = 614.4 (これまでのベスト = 1164.7)
  iter 636/2000: rollout平均ep報酬=   547.7 (エピソード数  5) policy_loss=-0.0268 value_loss=  33.273 entropy=-1.791 (この反復   2.5秒, 累計  26.6分)
  iter 637/2000: rollout平均ep報酬=   427.4 (エピソード数  5) policy_loss=-0.0288 value_loss=  19.841 entropy=-1.808 (この反復   2.3秒, 累計  26.7分)
  iter 638/2000: rollout平均ep報酬=   130.0 (エピソード数 12) policy_loss=-0.0501 value_loss=  38.185 entropy=-1.806 (この反復   2.3秒, 累計  26.7分)
  iter 639/2000: rollout平均ep報酬=    19.7 (エピソード数 11) policy_loss=+0.0400 value_loss= 144.978 entropy=-1.813 (この反復   2.5秒, 累計  26.8分)
  iter 640/2000: rollout平均ep報酬=    44.4 (エピソード数 17) policy_loss=+0.0990 value_loss= 133.453 entropy=-1.812 (この反復   2.3秒, 累計  26.8分)
    → 決定的方策の評価: best_reward候補 = 595.2 (これまでのベスト = 1164.7)
  [checkpoint] これまでのベスト重みを ev3way_w1.npy/ev3way_w2.npy に中間保存しました
  iter 641/2000: rollout平均ep報酬=   436.8 (エピソード数  5) policy_loss=+0.0578 value_loss=  48.581 entropy=-1.815 (この反復   2.3秒, 累計  26.9分)
  iter 642/2000: rollout平均ep報酬=   -19.1 (エピソード数 29) policy_loss=+0.0436 value_loss=  76.811 entropy=-1.818 (この反復   2.2秒, 累計  26.9分)
  iter 643/2000: rollout平均ep報酬=   261.8 (エピソード数  9) policy_loss=-0.0377 value_loss=  28.607 entropy=-1.812 (この反復   2.3秒, 累計  26.9分)
  iter 644/2000: rollout平均ep報酬=   118.4 (エピソード数 13) policy_loss=-0.0666 value_loss=  37.260 entropy=-1.820 (この反復   2.3秒, 累計  27.0分)
  iter 645/2000: rollout平均ep報酬=   255.7 (エピソード数 10) policy_loss=-0.0363 value_loss=  14.638 entropy=-1.825 (この反復   2.5秒, 累計  27.0分)
    → 決定的方策の評価: best_reward候補 = 616.6 (これまでのベスト = 1164.7)
  iter 646/2000: rollout平均ep報酬=    15.8 (エピソード数 20) policy_loss=+0.0303 value_loss= 132.318 entropy=-1.822 (この反復   2.3秒, 累計  27.1分)
  iter 647/2000: rollout平均ep報酬=   360.6 (エピソード数  6) policy_loss=-0.0225 value_loss=  56.773 entropy=-1.825 (この反復   2.3秒, 累計  27.1分)
  iter 648/2000: rollout平均ep報酬=   280.1 (エピソード数  8) policy_loss=-0.0291 value_loss=  10.768 entropy=-1.821 (この反復   2.6秒, 累計  27.2分)
  iter 649/2000: rollout平均ep報酬=   623.3 (エピソード数  4) policy_loss=-0.0894 value_loss=  13.787 entropy=-1.813 (この反復   2.5秒, 累計  27.2分)
  iter 650/2000: rollout平均ep報酬=   -58.6 (エピソード数 16) policy_loss=-0.0493 value_loss=  99.036 entropy=-1.818 (この反復   2.3秒, 累計  27.3分)
    → 決定的方策の評価: best_reward候補 = 811.8 (これまでのベスト = 1164.7)
  [checkpoint] これまでのベスト重みを ev3way_w1.npy/ev3way_w2.npy に中間保存しました
  iter 651/2000: rollout平均ep報酬=   729.9 (エピソード数  4) policy_loss=-0.0158 value_loss=  55.131 entropy=-1.819 (この反復   2.5秒, 累計  27.3分)
  iter 652/2000: rollout平均ep報酬=   116.6 (エピソード数 12) policy_loss=-0.0857 value_loss=  30.999 entropy=-1.801 (この反復   2.3秒, 累計  27.4分)
  iter 653/2000: rollout平均ep報酬=   352.3 (エピソード数  7) policy_loss=-0.1171 value_loss=  11.552 entropy=-1.785 (この反復   2.5秒, 累計  27.4分)
  iter 654/2000: rollout平均ep報酬=   380.0 (エピソード数  7) policy_loss=+0.0603 value_loss= 146.016 entropy=-1.803 (この反復   2.4秒, 累計  27.5分)
  iter 655/2000: rollout平均ep報酬=    76.2 (エピソード数 12) policy_loss=+0.0615 value_loss= 165.337 entropy=-1.802 (この反復   2.7秒, 累計  27.5分)
    → 決定的方策の評価: best_reward候補 = 611.7 (これまでのベスト = 1164.7)
  iter 656/2000: rollout平均ep報酬=   284.3 (エピソード数  7) policy_loss=+0.1895 value_loss= 164.822 entropy=-1.805 (この反復   2.2秒, 累計  27.6分)
  iter 657/2000: rollout平均ep報酬=   193.6 (エピソード数 10) policy_loss=-0.0482 value_loss=  45.432 entropy=-1.803 (この反復   2.4秒, 累計  27.6分)
  iter 658/2000: rollout平均ep報酬=   197.4 (エピソード数 10) policy_loss=-0.0263 value_loss=  27.201 entropy=-1.807 (この反復   2.3秒, 累計  27.6分)
  iter 659/2000: rollout平均ep報酬=   148.2 (エピソード数 11) policy_loss=-0.0178 value_loss=  30.839 entropy=-1.804 (この反復   2.3秒, 累計  27.7分)
  iter 660/2000: rollout平均ep報酬=    56.5 (エピソード数 21) policy_loss=-0.0041 value_loss=  60.622 entropy=-1.812 (この反復   2.4秒, 累計  27.7分)
    → 決定的方策の評価: best_reward候補 = 603.0 (これまでのベスト = 1164.7)
  [checkpoint] これまでのベスト重みを ev3way_w1.npy/ev3way_w2.npy に中間保存しました
  iter 661/2000: rollout平均ep報酬=   567.8 (エピソード数  4) policy_loss=-0.0270 value_loss=  15.774 entropy=-1.806 (この反復   2.4秒, 累計  27.8分)
  iter 662/2000: rollout平均ep報酬=    55.3 (エピソード数 14) policy_loss=-0.0517 value_loss=  28.515 entropy=-1.816 (この反復   2.2秒, 累計  27.8分)
  iter 663/2000: rollout平均ep報酬=   134.1 (エピソード数  7) policy_loss=-0.0506 value_loss=  12.717 entropy=-1.829 (この反復   2.2秒, 累計  27.9分)
  iter 664/2000: rollout平均ep報酬=   501.3 (エピソード数  4) policy_loss=-0.0213 value_loss=  43.081 entropy=-1.849 (この反復   2.2秒, 累計  27.9分)
  iter 665/2000: rollout平均ep報酬=   215.8 (エピソード数 10) policy_loss=+0.0345 value_loss=  69.520 entropy=-1.856 (この反復   2.3秒, 累計  27.9分)
    → 決定的方策の評価: best_reward候補 = 591.7 (これまでのベスト = 1164.7)
  iter 666/2000: rollout平均ep報酬=     1.5 (エピソード数 26) policy_loss=-0.0054 value_loss= 101.213 entropy=-1.853 (この反復   2.3秒, 累計  28.0分)
  iter 667/2000: rollout平均ep報酬=   139.8 (エピソード数 11) policy_loss=-0.0341 value_loss=  57.890 entropy=-1.849 (この反復   2.4秒, 累計  28.1分)
  iter 668/2000: rollout平均ep報酬=   250.8 (エピソード数  9) policy_loss=-0.0459 value_loss=  43.268 entropy=-1.852 (この反復   2.3秒, 累計  28.1分)
  iter 669/2000: rollout平均ep報酬=   483.5 (エピソード数  5) policy_loss=+0.0379 value_loss=  95.965 entropy=-1.848 (この反復   2.3秒, 累計  28.1分)
  iter 670/2000: rollout平均ep報酬=   203.4 (エピソード数  8) policy_loss=-0.0490 value_loss=  67.030 entropy=-1.848 (この反復   2.3秒, 累計  28.2分)
    → 決定的方策の評価: best_reward候補 = 607.6 (これまでのベスト = 1164.7)
  [checkpoint] これまでのベスト重みを ev3way_w1.npy/ev3way_w2.npy に中間保存しました
  iter 671/2000: rollout平均ep報酬=   553.0 (エピソード数  6) policy_loss=-0.1107 value_loss=  22.312 entropy=-1.851 (この反復   2.5秒, 累計  28.2分)
  iter 672/2000: rollout平均ep報酬=     4.1 (エピソード数 17) policy_loss=+0.0441 value_loss=  54.022 entropy=-1.845 (この反復   2.5秒, 累計  28.3分)
  iter 673/2000: rollout平均ep報酬=   144.7 (エピソード数  7) policy_loss=-0.1111 value_loss=  15.479 entropy=-1.845 (この反復   2.3秒, 累計  28.3分)
  iter 674/2000: rollout平均ep報酬=   213.9 (エピソード数 11) policy_loss=+0.0363 value_loss=  78.758 entropy=-1.846 (この反復   2.5秒, 累計  28.4分)
  iter 675/2000: rollout平均ep報酬=   486.2 (エピソード数  6) policy_loss=+0.0381 value_loss=  80.444 entropy=-1.848 (この反復   2.7秒, 累計  28.4分)
    → 決定的方策の評価: best_reward候補 = 601.3 (これまでのベスト = 1164.7)
  iter 676/2000: rollout平均ep報酬=    73.1 (エピソード数 15) policy_loss=+0.0258 value_loss=  94.452 entropy=-1.854 (この反復   2.5秒, 累計  28.5分)
  iter 677/2000: rollout平均ep報酬=   -29.8 (エピソード数 20) policy_loss=-0.0553 value_loss=  37.301 entropy=-1.853 (この反復   2.4秒, 累計  28.5分)
  iter 678/2000: rollout平均ep報酬=   111.5 (エピソード数 11) policy_loss=-0.0648 value_loss=  30.052 entropy=-1.850 (この反復   2.3秒, 累計  28.6分)
  iter 679/2000: rollout平均ep報酬=   151.4 (エピソード数 10) policy_loss=-0.0861 value_loss=  23.087 entropy=-1.851 (この反復   2.5秒, 累計  28.6分)
  iter 680/2000: rollout平均ep報酬=   140.0 (エピソード数 10) policy_loss=-0.0009 value_loss=  87.717 entropy=-1.853 (この反復   2.5秒, 累計  28.6分)
    → 決定的方策の評価: best_reward候補 = 599.1 (これまでのベスト = 1164.7)
  [checkpoint] これまでのベスト重みを ev3way_w1.npy/ev3way_w2.npy に中間保存しました
  iter 681/2000: rollout平均ep報酬=   173.9 (エピソード数 10) policy_loss=+0.0075 value_loss=  34.732 entropy=-1.854 (この反復   2.4秒, 累計  28.7分)
  iter 682/2000: rollout平均ep報酬=   206.1 (エピソード数  9) policy_loss=-0.0339 value_loss=  15.914 entropy=-1.856 (この反復   2.5秒, 累計  28.7分)
  iter 683/2000: rollout平均ep報酬=   160.5 (エピソード数 12) policy_loss=+0.0631 value_loss=  84.147 entropy=-1.859 (この反復   2.4秒, 累計  28.8分)
  iter 684/2000: rollout平均ep報酬=   181.4 (エピソード数 10) policy_loss=-0.0697 value_loss=  48.334 entropy=-1.855 (この反復   2.4秒, 累計  28.8分)
  iter 685/2000: rollout平均ep報酬=    72.9 (エピソード数 18) policy_loss=+0.0141 value_loss= 107.911 entropy=-1.847 (この反復   2.3秒, 累計  28.9分)
    → 決定的方策の評価: best_reward候補 = 594.8 (これまでのベスト = 1164.7)
  iter 686/2000: rollout平均ep報酬=   122.8 (エピソード数 12) policy_loss=-0.0179 value_loss=  51.043 entropy=-1.855 (この反復   2.2秒, 累計  28.9分)
  iter 687/2000: rollout平均ep報酬=   289.3 (エピソード数  6) policy_loss=+0.0001 value_loss=  24.412 entropy=-1.859 (この反復   2.4秒, 累計  29.0分)
  iter 688/2000: rollout平均ep報酬=   234.1 (エピソード数  8) policy_loss=+0.0020 value_loss=  26.876 entropy=-1.858 (この反復   2.4秒, 累計  29.0分)
  iter 689/2000: rollout平均ep報酬=   352.1 (エピソード数  6) policy_loss=-0.0062 value_loss=  26.294 entropy=-1.832 (この反復   2.2秒, 累計  29.0分)
  iter 690/2000: rollout平均ep報酬=   162.3 (エピソード数 14) policy_loss=-0.0541 value_loss=  69.621 entropy=-1.825 (この反復   2.5秒, 累計  29.1分)
    → 決定的方策の評価: best_reward候補 = 600.3 (これまでのベスト = 1164.7)
  [checkpoint] これまでのベスト重みを ev3way_w1.npy/ev3way_w2.npy に中間保存しました
  iter 691/2000: rollout平均ep報酬=   175.5 (エピソード数 10) policy_loss=-0.0696 value_loss=  33.461 entropy=-1.820 (この反復   2.3秒, 累計  29.2分)
  iter 692/2000: rollout平均ep報酬=   573.3 (エピソード数  4) policy_loss=-0.0422 value_loss=   8.688 entropy=-1.816 (この反復   2.3秒, 累計  29.2分)
  iter 693/2000: rollout平均ep報酬=   214.4 (エピソード数  8) policy_loss=+0.0455 value_loss=  85.751 entropy=-1.821 (この反復   2.3秒, 累計  29.2分)
  iter 694/2000: rollout平均ep報酬=   440.5 (エピソード数  5) policy_loss=-0.0108 value_loss=  30.339 entropy=-1.826 (この反復   2.4秒, 累計  29.3分)
  iter 695/2000: rollout平均ep報酬=   -36.4 (エピソード数 25) policy_loss=+0.0030 value_loss= 112.365 entropy=-1.828 (この反復   2.3秒, 累計  29.3分)
    → 決定的方策の評価: best_reward候補 = 608.7 (これまでのベスト = 1164.7)
  iter 696/2000: rollout平均ep報酬=   708.3 (エピソード数  4) policy_loss=+0.0268 value_loss=  23.843 entropy=-1.824 (この反復   3.1秒, 累計  29.4分)
  iter 697/2000: rollout平均ep報酬=   197.6 (エピソード数  7) policy_loss=-0.0248 value_loss=  56.220 entropy=-1.822 (この反復   2.4秒, 累計  29.4分)
  iter 698/2000: rollout平均ep報酬=   161.9 (エピソード数 12) policy_loss=+0.0301 value_loss= 158.444 entropy=-1.815 (この反復   2.4秒, 累計  29.5分)
  iter 699/2000: rollout平均ep報酬=   877.7 (エピソード数  4) policy_loss=+0.0917 value_loss=  27.335 entropy=-1.826 (この反復   2.5秒, 累計  29.5分)
  iter 700/2000: rollout平均ep報酬=   485.7 (エピソード数  5) policy_loss=+0.0345 value_loss=  31.245 entropy=-1.813 (この反復   2.3秒, 累計  29.6分)
    → 決定的方策の評価: best_reward候補 = 613.8 (これまでのベスト = 1164.7)
  [checkpoint] これまでのベスト重みを ev3way_w1.npy/ev3way_w2.npy に中間保存しました
  iter 701/2000: rollout平均ep報酬=   197.3 (エピソード数 11) policy_loss=+0.0597 value_loss= 118.811 entropy=-1.810 (この反復   2.5秒, 累計  29.6分)
  iter 702/2000: rollout平均ep報酬=    13.8 (エピソード数 22) policy_loss=+0.0083 value_loss=  78.620 entropy=-1.804 (この反復   2.5秒, 累計  29.7分)
  iter 703/2000: rollout平均ep報酬=    89.6 (エピソード数 15) policy_loss=-0.0902 value_loss=  17.918 entropy=-1.805 (この反復   2.4秒, 累計  29.7分)
  iter 704/2000: rollout平均ep報酬=   218.0 (エピソード数  9) policy_loss=+0.0395 value_loss=  89.325 entropy=-1.807 (この反復   2.2秒, 累計  29.7分)
  iter 705/2000: rollout平均ep報酬=   605.9 (エピソード数  4) policy_loss=+0.0553 value_loss=  13.740 entropy=-1.806 (この反復   2.4秒, 累計  29.8分)
    → 決定的方策の評価: best_reward候補 = 599.4 (これまでのベスト = 1164.7)
  iter 706/2000: rollout平均ep報酬=   462.3 (エピソード数  6) policy_loss=-0.0458 value_loss=  14.902 entropy=-1.785 (この反復   2.4秒, 累計  29.9分)
  iter 707/2000: rollout平均ep報酬=   202.5 (エピソード数 10) policy_loss=+0.0414 value_loss=  95.685 entropy=-1.772 (この反復   2.2秒, 累計  29.9分)
  iter 708/2000: rollout平均ep報酬=   109.6 (エピソード数 11) policy_loss=-0.0259 value_loss= 107.994 entropy=-1.774 (この反復   2.5秒, 累計  29.9分)
  iter 709/2000: rollout平均ep報酬=    81.7 (エピソード数 15) policy_loss=+0.0379 value_loss= 104.987 entropy=-1.790 (この反復   2.5秒, 累計  30.0分)
  iter 710/2000: rollout平均ep報酬=   145.9 (エピソード数  9) policy_loss=+0.0601 value_loss=  77.827 entropy=-1.788 (この反復   2.2秒, 累計  30.0分)
    → 決定的方策の評価: best_reward候補 = 615.8 (これまでのベスト = 1164.7)
  [checkpoint] これまでのベスト重みを ev3way_w1.npy/ev3way_w2.npy に中間保存しました
  iter 711/2000: rollout平均ep報酬=    -7.8 (エピソード数 23) policy_loss=+0.0066 value_loss=  69.424 entropy=-1.782 (この反復   2.3秒, 累計  30.1分)
  iter 712/2000: rollout平均ep報酬=   997.0 (エピソード数  4) policy_loss=-0.0095 value_loss=  35.981 entropy=-1.766 (この反復   2.5秒, 累計  30.1分)
  iter 713/2000: rollout平均ep報酬=   209.8 (エピソード数  9) policy_loss=+0.0754 value_loss= 129.170 entropy=-1.764 (この反復   2.3秒, 累計  30.2分)
  iter 714/2000: rollout平均ep報酬=   326.4 (エピソード数  7) policy_loss=+0.0185 value_loss=  75.781 entropy=-1.748 (この反復   2.4秒, 累計  30.2分)
  iter 715/2000: rollout平均ep報酬=    68.3 (エピソード数 15) policy_loss=-0.0343 value_loss=  44.158 entropy=-1.760 (この反復   2.2秒, 累計  30.2分)
    → 決定的方策の評価: best_reward候補 = 841.0 (これまでのベスト = 1164.7)
  iter 716/2000: rollout平均ep報酬=   143.7 (エピソード数 12) policy_loss=+0.0161 value_loss=  39.734 entropy=-1.755 (この反復   2.3秒, 累計  30.3分)
  iter 717/2000: rollout平均ep報酬=   294.0 (エピソード数  8) policy_loss=-0.0706 value_loss=   4.220 entropy=-1.758 (この反復   2.4秒, 累計  30.4分)
  iter 718/2000: rollout平均ep報酬=    92.0 (エピソード数 10) policy_loss=-0.0195 value_loss=  57.588 entropy=-1.760 (この反復   2.3秒, 累計  30.4分)
  iter 719/2000: rollout平均ep報酬=   136.3 (エピソード数 11) policy_loss=+0.0353 value_loss=  52.550 entropy=-1.739 (この反復   2.4秒, 累計  30.4分)
  iter 720/2000: rollout平均ep報酬=    49.8 (エピソード数 16) policy_loss=-0.0509 value_loss=  18.729 entropy=-1.734 (この反復   2.2秒, 累計  30.5分)
    → 決定的方策の評価: best_reward候補 = 625.7 (これまでのベスト = 1164.7)
  [checkpoint] これまでのベスト重みを ev3way_w1.npy/ev3way_w2.npy に中間保存しました
  iter 721/2000: rollout平均ep報酬=   373.6 (エピソード数  7) policy_loss=-0.0267 value_loss=  12.293 entropy=-1.713 (この反復   2.3秒, 累計  30.5分)
  iter 722/2000: rollout平均ep報酬=   172.1 (エピソード数 11) policy_loss=-0.0195 value_loss=  40.289 entropy=-1.719 (この反復   2.2秒, 累計  30.6分)
  iter 723/2000: rollout平均ep報酬=   172.9 (エピソード数 11) policy_loss=-0.0481 value_loss=  12.392 entropy=-1.710 (この反復   2.4秒, 累計  30.6分)
  iter 724/2000: rollout平均ep報酬=   530.3 (エピソード数  4) policy_loss=+0.0541 value_loss= 105.053 entropy=-1.719 (この反復   2.1秒, 累計  30.7分)
  iter 725/2000: rollout平均ep報酬=   205.9 (エピソード数  8) policy_loss=+0.0560 value_loss=  77.839 entropy=-1.722 (この反復   2.2秒, 累計  30.7分)
    → 決定的方策の評価: best_reward候補 = 619.2 (これまでのベスト = 1164.7)
  iter 726/2000: rollout平均ep報酬=    72.4 (エピソード数  9) policy_loss=-0.0464 value_loss=  41.963 entropy=-1.723 (この反復   2.1秒, 累計  30.8分)
  iter 727/2000: rollout平均ep報酬=   352.1 (エピソード数  7) policy_loss=-0.0127 value_loss=  29.727 entropy=-1.723 (この反復   2.3秒, 累計  30.8分)
  iter 728/2000: rollout平均ep報酬=   544.7 (エピソード数  5) policy_loss=+0.1229 value_loss= 136.140 entropy=-1.715 (この反復   2.4秒, 累計  30.8分)
  iter 729/2000: rollout平均ep報酬=   239.9 (エピソード数  8) policy_loss=-0.0097 value_loss=  56.115 entropy=-1.712 (この反復   2.2秒, 累計  30.9分)
  iter 730/2000: rollout平均ep報酬=    99.3 (エピソード数  9) policy_loss=-0.0101 value_loss=  16.269 entropy=-1.726 (この反復   2.4秒, 累計  30.9分)
    → 決定的方策の評価: best_reward候補 = 588.0 (これまでのベスト = 1164.7)
  [checkpoint] これまでのベスト重みを ev3way_w1.npy/ev3way_w2.npy に中間保存しました
  iter 731/2000: rollout平均ep報酬=   148.8 (エピソード数 11) policy_loss=+0.0201 value_loss=  36.189 entropy=-1.717 (この反復   2.5秒, 累計  31.0分)
  iter 732/2000: rollout平均ep報酬=    -5.3 (エピソード数 18) policy_loss=-0.0779 value_loss=  52.641 entropy=-1.713 (この反復   2.1秒, 累計  31.0分)
  iter 733/2000: rollout平均ep報酬=   176.6 (エピソード数 10) policy_loss=-0.0619 value_loss=  40.802 entropy=-1.706 (この反復   2.3秒, 累計  31.1分)
  iter 734/2000: rollout平均ep報酬=   297.6 (エピソード数  8) policy_loss=+0.0567 value_loss=  84.463 entropy=-1.697 (この反復   2.4秒, 累計  31.1分)
  iter 735/2000: rollout平均ep報酬=   421.8 (エピソード数  6) policy_loss=-0.0047 value_loss=  23.132 entropy=-1.692 (この反復   2.3秒, 累計  31.1分)
    → 決定的方策の評価: best_reward候補 = 608.2 (これまでのベスト = 1164.7)
  iter 736/2000: rollout平均ep報酬=   101.5 (エピソード数 11) policy_loss=+0.0846 value_loss=  67.599 entropy=-1.688 (この反復   2.2秒, 累計  31.2分)
  iter 737/2000: rollout平均ep報酬=   295.7 (エピソード数  7) policy_loss=-0.0079 value_loss=  26.881 entropy=-1.683 (この反復   2.2秒, 累計  31.2分)
  iter 738/2000: rollout平均ep報酬=    58.8 (エピソード数 13) policy_loss=-0.0088 value_loss=  74.161 entropy=-1.680 (この反復   2.3秒, 累計  31.3分)
  iter 739/2000: rollout平均ep報酬=   181.3 (エピソード数 10) policy_loss=+0.0872 value_loss=  72.164 entropy=-1.675 (この反復   2.2秒, 累計  31.3分)
  iter 740/2000: rollout平均ep報酬=   200.0 (エピソード数  8) policy_loss=+0.0288 value_loss=  57.788 entropy=-1.679 (この反復   2.4秒, 累計  31.4分)
    → 決定的方策の評価: best_reward候補 = 602.0 (これまでのベスト = 1164.7)
  [checkpoint] これまでのベスト重みを ev3way_w1.npy/ev3way_w2.npy に中間保存しました
  iter 741/2000: rollout平均ep報酬=    44.1 (エピソード数 17) policy_loss=-0.1024 value_loss=  95.741 entropy=-1.682 (この反復   2.2秒, 累計  31.4分)
  iter 742/2000: rollout平均ep報酬=   143.7 (エピソード数 13) policy_loss=-0.0705 value_loss=  23.676 entropy=-1.698 (この反復   2.2秒, 累計  31.5分)
  iter 743/2000: rollout平均ep報酬=   268.0 (エピソード数 10) policy_loss=-0.0106 value_loss=  31.740 entropy=-1.702 (この反復   2.5秒, 累計  31.5分)
  iter 744/2000: rollout平均ep報酬=   109.9 (エピソード数  4) policy_loss=-0.0279 value_loss=  29.628 entropy=-1.719 (この反復   2.2秒, 累計  31.5分)
  iter 745/2000: rollout平均ep報酬=    73.7 (エピソード数 13) policy_loss=-0.0348 value_loss=  51.959 entropy=-1.716 (この反復   2.2秒, 累計  31.6分)
    → 決定的方策の評価: best_reward候補 = 601.0 (これまでのベスト = 1164.7)
  iter 746/2000: rollout平均ep報酬=   108.6 (エピソード数 12) policy_loss=-0.0050 value_loss=  93.957 entropy=-1.708 (この反復   2.3秒, 累計  31.6分)
  iter 747/2000: rollout平均ep報酬=   297.6 (エピソード数  7) policy_loss=+0.0667 value_loss= 133.188 entropy=-1.722 (この反復   2.3秒, 累計  31.7分)
  iter 748/2000: rollout平均ep報酬=   318.4 (エピソード数  8) policy_loss=+0.0146 value_loss=  54.014 entropy=-1.729 (この反復   2.3秒, 累計  31.7分)
  iter 749/2000: rollout平均ep報酬=   291.4 (エピソード数  9) policy_loss=-0.0226 value_loss= 107.686 entropy=-1.722 (この反復   2.4秒, 累計  31.8分)
  iter 750/2000: rollout平均ep報酬=   453.2 (エピソード数  5) policy_loss=-0.0113 value_loss=  42.048 entropy=-1.719 (この反復   2.3秒, 累計  31.8分)
    → 決定的方策の評価: best_reward候補 = 595.9 (これまでのベスト = 1164.7)
  [checkpoint] これまでのベスト重みを ev3way_w1.npy/ev3way_w2.npy に中間保存しました
  iter 751/2000: rollout平均ep報酬=   205.7 (エピソード数  9) policy_loss=+0.0629 value_loss= 132.838 entropy=-1.708 (この反復   2.4秒, 累計  31.9分)
  iter 752/2000: rollout平均ep報酬=   213.9 (エピソード数  8) policy_loss=-0.0669 value_loss=  22.466 entropy=-1.719 (この反復   2.4秒, 累計  31.9分)
  iter 753/2000: rollout平均ep報酬=   102.0 (エピソード数 12) policy_loss=-0.0013 value_loss=  38.859 entropy=-1.721 (この反復   2.1秒, 累計  31.9分)
  iter 754/2000: rollout平均ep報酬=   122.2 (エピソード数 15) policy_loss=+0.0185 value_loss=  30.562 entropy=-1.710 (この反復   2.4秒, 累計  32.0分)
  iter 755/2000: rollout平均ep報酬=   220.3 (エピソード数  8) policy_loss=+0.0622 value_loss=  30.389 entropy=-1.710 (この反復   2.2秒, 累計  32.0分)
    → 決定的方策の評価: best_reward候補 = 601.7 (これまでのベスト = 1164.7)
  iter 756/2000: rollout平均ep報酬=   -12.6 (エピソード数 17) policy_loss=+0.1357 value_loss= 197.465 entropy=-1.706 (この反復   2.4秒, 累計  32.1分)
  iter 757/2000: rollout平均ep報酬=    90.9 (エピソード数 15) policy_loss=-0.0676 value_loss=  67.772 entropy=-1.703 (この反復   2.1秒, 累計  32.1分)
  iter 758/2000: rollout平均ep報酬=   585.1 (エピソード数  5) policy_loss=-0.0353 value_loss=   9.336 entropy=-1.724 (この反復   2.5秒, 累計  32.2分)
  iter 759/2000: rollout平均ep報酬=   240.8 (エピソード数  9) policy_loss=-0.0774 value_loss=  22.376 entropy=-1.738 (この反復   2.4秒, 累計  32.2分)
  iter 760/2000: rollout平均ep報酬=    50.2 (エピソード数 13) policy_loss=+0.0436 value_loss=  67.307 entropy=-1.731 (この反復   2.4秒, 累計  32.2分)
    → 決定的方策の評価: best_reward候補 = 611.9 (これまでのベスト = 1164.7)
  [checkpoint] これまでのベスト重みを ev3way_w1.npy/ev3way_w2.npy に中間保存しました
  iter 761/2000: rollout平均ep報酬=    15.1 (エピソード数 11) policy_loss=+0.0355 value_loss=  62.281 entropy=-1.734 (この反復   2.3秒, 累計  32.3分)
  iter 762/2000: rollout平均ep報酬=   288.6 (エピソード数  6) policy_loss=-0.0670 value_loss=  22.617 entropy=-1.734 (この反復   2.3秒, 累計  32.4分)
  iter 763/2000: rollout平均ep報酬=    78.0 (エピソード数  9) policy_loss=+0.0023 value_loss=  35.333 entropy=-1.745 (この反復   2.4秒, 累計  32.4分)
  iter 764/2000: rollout平均ep報酬=   144.2 (エピソード数 11) policy_loss=-0.0244 value_loss=  21.831 entropy=-1.743 (この反復   2.3秒, 累計  32.4分)
  iter 765/2000: rollout平均ep報酬=   335.2 (エピソード数  7) policy_loss=+0.0259 value_loss=  44.822 entropy=-1.745 (この反復   2.4秒, 累計  32.5分)
    → 決定的方策の評価: best_reward候補 = 606.5 (これまでのベスト = 1164.7)
  iter 766/2000: rollout平均ep報酬=   121.9 (エピソード数 12) policy_loss=+0.0477 value_loss= 111.872 entropy=-1.730 (この反復   2.3秒, 累計  32.5分)
  iter 767/2000: rollout平均ep報酬=   439.1 (エピソード数  5) policy_loss=+0.0072 value_loss=  39.637 entropy=-1.716 (この反復   2.4秒, 累計  32.6分)
  iter 768/2000: rollout平均ep報酬=   330.2 (エピソード数  8) policy_loss=-0.0221 value_loss=  26.307 entropy=-1.707 (この反復   2.5秒, 累計  32.6分)
  iter 769/2000: rollout平均ep報酬=   206.4 (エピソード数 10) policy_loss=+0.0125 value_loss= 129.933 entropy=-1.709 (この反復   2.3秒, 累計  32.7分)
  iter 770/2000: rollout平均ep報酬=   194.8 (エピソード数  9) policy_loss=-0.0015 value_loss=  16.431 entropy=-1.718 (この反復   2.3秒, 累計  32.7分)
    → 決定的方策の評価: best_reward候補 = 605.2 (これまでのベスト = 1164.7)
  [checkpoint] これまでのベスト重みを ev3way_w1.npy/ev3way_w2.npy に中間保存しました
  iter 771/2000: rollout平均ep報酬=   183.2 (エピソード数  9) policy_loss=-0.1081 value_loss=  11.309 entropy=-1.723 (この反復   2.3秒, 累計  32.8分)
  iter 772/2000: rollout平均ep報酬=   158.1 (エピソード数  8) policy_loss=-0.0411 value_loss=  58.537 entropy=-1.728 (この反復   2.2秒, 累計  32.8分)
  iter 773/2000: rollout平均ep報酬=   517.5 (エピソード数  5) policy_loss=+0.0198 value_loss=  65.007 entropy=-1.712 (この反復   2.3秒, 累計  32.8分)
  iter 774/2000: rollout平均ep報酬=   237.0 (エピソード数  8) policy_loss=+0.1016 value_loss=  90.102 entropy=-1.698 (この反復   2.4秒, 累計  32.9分)
  iter 775/2000: rollout平均ep報酬=   160.9 (エピソード数 10) policy_loss=+0.0446 value_loss=  54.614 entropy=-1.695 (この反復   2.5秒, 累計  32.9分)
    → 決定的方策の評価: best_reward候補 = 614.9 (これまでのベスト = 1164.7)
  iter 776/2000: rollout平均ep報酬=   220.2 (エピソード数  8) policy_loss=-0.0310 value_loss=  17.916 entropy=-1.707 (この反復   2.2秒, 累計  33.0分)
  iter 777/2000: rollout平均ep報酬=   281.3 (エピソード数  9) policy_loss=-0.0578 value_loss=  26.426 entropy=-1.701 (この反復   2.4秒, 累計  33.0分)
  iter 778/2000: rollout平均ep報酬=   287.7 (エピソード数  8) policy_loss=-0.0407 value_loss=  44.967 entropy=-1.700 (この反復   2.4秒, 累計  33.1分)
  iter 779/2000: rollout平均ep報酬=   235.2 (エピソード数  8) policy_loss=+0.1165 value_loss=  65.780 entropy=-1.710 (この反復   2.2秒, 累計  33.1分)
  iter 780/2000: rollout平均ep報酬=    91.5 (エピソード数 12) policy_loss=-0.0320 value_loss=  38.735 entropy=-1.716 (この反復   2.2秒, 累計  33.1分)
    → 決定的方策の評価: best_reward候補 = 611.4 (これまでのベスト = 1164.7)
  [checkpoint] これまでのベスト重みを ev3way_w1.npy/ev3way_w2.npy に中間保存しました
  iter 781/2000: rollout平均ep報酬=   318.9 (エピソード数  7) policy_loss=+0.0181 value_loss=  90.315 entropy=-1.723 (この反復   2.2秒, 累計  33.2分)
  iter 782/2000: rollout平均ep報酬=   249.6 (エピソード数 10) policy_loss=-0.0554 value_loss=  25.529 entropy=-1.714 (この反復   2.6秒, 累計  33.3分)
  iter 783/2000: rollout平均ep報酬=   522.1 (エピソード数  4) policy_loss=+0.0337 value_loss=  22.155 entropy=-1.728 (この反復   2.3秒, 累計  33.3分)
  iter 784/2000: rollout平均ep報酬=    84.8 (エピソード数 10) policy_loss=+0.0173 value_loss= 137.740 entropy=-1.731 (この反復   2.2秒, 累計  33.3分)
  iter 785/2000: rollout平均ep報酬=   549.2 (エピソード数  5) policy_loss=-0.0614 value_loss=  10.833 entropy=-1.725 (この反復   2.5秒, 累計  33.4分)
    → 決定的方策の評価: best_reward候補 = 609.5 (これまでのベスト = 1164.7)
  iter 786/2000: rollout平均ep報酬=   200.2 (エピソード数 12) policy_loss=-0.0207 value_loss=  61.623 entropy=-1.718 (この反復   2.4秒, 累計  33.4分)
  iter 787/2000: rollout平均ep報酬=   207.3 (エピソード数  7) policy_loss=+0.0245 value_loss=  73.826 entropy=-1.731 (この反復   2.3秒, 累計  33.5分)
  iter 788/2000: rollout平均ep報酬=   271.1 (エピソード数  7) policy_loss=-0.0194 value_loss=  37.609 entropy=-1.736 (この反復   2.5秒, 累計  33.5分)
  iter 789/2000: rollout平均ep報酬=   291.8 (エピソード数  7) policy_loss=+0.0799 value_loss= 120.588 entropy=-1.744 (この反復   2.3秒, 累計  33.6分)
  iter 790/2000: rollout平均ep報酬=   128.2 (エピソード数 11) policy_loss=-0.0319 value_loss=  20.287 entropy=-1.748 (この反復   2.3秒, 累計  33.6分)
    → 決定的方策の評価: best_reward候補 = 602.1 (これまでのベスト = 1164.7)
  [checkpoint] これまでのベスト重みを ev3way_w1.npy/ev3way_w2.npy に中間保存しました
  iter 791/2000: rollout平均ep報酬=   255.2 (エピソード数  7) policy_loss=+0.0002 value_loss=  43.848 entropy=-1.750 (この反復   2.3秒, 累計  33.7分)
  iter 792/2000: rollout平均ep報酬=    34.8 (エピソード数 21) policy_loss=+0.0141 value_loss= 106.269 entropy=-1.745 (この反復   2.4秒, 累計  33.7分)
  iter 793/2000: rollout平均ep報酬=   264.1 (エピソード数  9) policy_loss=-0.0386 value_loss=  29.645 entropy=-1.746 (この反復   2.4秒, 累計  33.7分)
  iter 794/2000: rollout平均ep報酬=   561.6 (エピソード数  5) policy_loss=-0.0881 value_loss=   4.524 entropy=-1.747 (この反復   2.6秒, 累計  33.8分)
  iter 795/2000: rollout平均ep報酬=    79.6 (エピソード数 18) policy_loss=+0.0132 value_loss= 115.483 entropy=-1.749 (この反復   2.4秒, 累計  33.8分)
    → 決定的方策の評価: best_reward候補 = 600.2 (これまでのベスト = 1164.7)
  iter 796/2000: rollout平均ep報酬=    73.5 (エピソード数 15) policy_loss=+0.0213 value_loss=  41.874 entropy=-1.759 (この反復   2.4秒, 累計  33.9分)
  iter 797/2000: rollout平均ep報酬=    43.0 (エピソード数 20) policy_loss=-0.0260 value_loss=  36.619 entropy=-1.768 (この反復   2.4秒, 累計  33.9分)
  iter 798/2000: rollout平均ep報酬=    79.8 (エピソード数 13) policy_loss=+0.0500 value_loss= 219.846 entropy=-1.771 (この反復   2.3秒, 累計  34.0分)
  iter 799/2000: rollout平均ep報酬=   370.2 (エピソード数  5) policy_loss=-0.0077 value_loss=  24.401 entropy=-1.766 (この反復   2.4秒, 累計  34.0分)
  iter 800/2000: rollout平均ep報酬=   142.7 (エピソード数 10) policy_loss=+0.0628 value_loss=  93.189 entropy=-1.767 (この反復   2.4秒, 累計  34.1分)
    → 決定的方策の評価: best_reward候補 = 608.7 (これまでのベスト = 1164.7)
  [checkpoint] これまでのベスト重みを ev3way_w1.npy/ev3way_w2.npy に中間保存しました
  iter 801/2000: rollout平均ep報酬=   346.0 (エピソード数  7) policy_loss=-0.0187 value_loss=   8.734 entropy=-1.799 (この反復   2.3秒, 累計  34.1分)
  iter 802/2000: rollout平均ep報酬=   150.4 (エピソード数  9) policy_loss=-0.0568 value_loss=  36.872 entropy=-1.796 (この反復   2.2秒, 累計  34.2分)
  iter 803/2000: rollout平均ep報酬=   312.2 (エピソード数  5) policy_loss=-0.0475 value_loss=   7.661 entropy=-1.808 (この反復   2.2秒, 累計  34.2分)
  iter 804/2000: rollout平均ep報酬=    93.0 (エピソード数 16) policy_loss=-0.0094 value_loss=  78.293 entropy=-1.810 (この反復   2.2秒, 累計  34.2分)
  iter 805/2000: rollout平均ep報酬=   120.3 (エピソード数 15) policy_loss=+0.0990 value_loss=  95.572 entropy=-1.805 (この反復   2.3秒, 累計  34.3分)
    → 決定的方策の評価: best_reward候補 = 617.0 (これまでのベスト = 1164.7)
  iter 806/2000: rollout平均ep報酬=   157.5 (エピソード数 13) policy_loss=-0.0199 value_loss=  35.343 entropy=-1.801 (この反復   2.4秒, 累計  34.3分)
  iter 807/2000: rollout平均ep報酬=    55.0 (エピソード数 20) policy_loss=-0.0020 value_loss=  74.713 entropy=-1.800 (この反復   2.3秒, 累計  34.4分)
  iter 808/2000: rollout平均ep報酬=    36.9 (エピソード数 15) policy_loss=+0.0229 value_loss= 131.096 entropy=-1.797 (この反復   2.4秒, 累計  34.4分)
  iter 809/2000: rollout平均ep報酬=   465.2 (エピソード数  5) policy_loss=+0.0282 value_loss=  25.413 entropy=-1.791 (この反復   2.3秒, 累計  34.5分)
  iter 810/2000: rollout平均ep報酬=   108.2 (エピソード数 15) policy_loss=+0.0379 value_loss=  26.362 entropy=-1.794 (この反復   2.3秒, 累計  34.5分)
    → 決定的方策の評価: best_reward候補 = 611.2 (これまでのベスト = 1164.7)
  [checkpoint] これまでのベスト重みを ev3way_w1.npy/ev3way_w2.npy に中間保存しました
  iter 811/2000: rollout平均ep報酬=   311.2 (エピソード数  7) policy_loss=-0.0336 value_loss=  27.112 entropy=-1.787 (この反復   2.4秒, 累計  34.6分)
  iter 812/2000: rollout平均ep報酬=   435.7 (エピソード数  5) policy_loss=-0.0074 value_loss=  19.262 entropy=-1.789 (この反復   2.3秒, 累計  34.6分)
  iter 813/2000: rollout平均ep報酬=   366.7 (エピソード数  7) policy_loss=+0.0605 value_loss=  99.846 entropy=-1.781 (この反復   2.3秒, 累計  34.6分)
  iter 814/2000: rollout平均ep報酬=   157.9 (エピソード数 13) policy_loss=-0.0552 value_loss=  16.780 entropy=-1.775 (この反復   2.5秒, 累計  34.7分)
  iter 815/2000: rollout平均ep報酬=   -12.8 (エピソード数 18) policy_loss=+0.0820 value_loss= 131.586 entropy=-1.776 (この反復   2.2秒, 累計  34.7分)
    → 決定的方策の評価: best_reward候補 = 860.5 (これまでのベスト = 1164.7)
  iter 816/2000: rollout平均ep報酬=   180.1 (エピソード数  8) policy_loss=-0.0587 value_loss=  19.335 entropy=-1.779 (この反復   2.3秒, 累計  34.8分)
  iter 817/2000: rollout平均ep報酬=   252.1 (エピソード数  9) policy_loss=+0.0670 value_loss= 109.719 entropy=-1.777 (この反復   2.4秒, 累計  34.8分)
  iter 818/2000: rollout平均ep報酬=   373.6 (エピソード数  5) policy_loss=+0.0148 value_loss=  13.543 entropy=-1.775 (この反復   2.2秒, 累計  34.9分)
  iter 819/2000: rollout平均ep報酬=   163.5 (エピソード数  6) policy_loss=-0.0974 value_loss=   9.538 entropy=-1.785 (この反復   2.3秒, 累計  34.9分)
  iter 820/2000: rollout平均ep報酬=   105.8 (エピソード数 14) policy_loss=-0.0295 value_loss=  24.979 entropy=-1.779 (この反復   2.5秒, 累計  35.0分)
    → 決定的方策の評価: best_reward候補 = 1047.7 (これまでのベスト = 1164.7)
  [checkpoint] これまでのベスト重みを ev3way_w1.npy/ev3way_w2.npy に中間保存しました
  iter 821/2000: rollout平均ep報酬=   646.2 (エピソード数  4) policy_loss=-0.0540 value_loss=  13.122 entropy=-1.796 (この反復   2.4秒, 累計  35.0分)
  iter 822/2000: rollout平均ep報酬=   517.3 (エピソード数  5) policy_loss=-0.0373 value_loss=   8.354 entropy=-1.785 (この反復   2.3秒, 累計  35.1分)
  iter 823/2000: rollout平均ep報酬=    92.0 (エピソード数 14) policy_loss=+0.0011 value_loss=  62.913 entropy=-1.774 (この反復   2.4秒, 累計  35.1分)
  iter 824/2000: rollout平均ep報酬=    -3.9 (エピソード数 26) policy_loss=+0.0962 value_loss= 226.635 entropy=-1.775 (この反復   2.3秒, 累計  35.2分)
  iter 825/2000: rollout平均ep報酬=   289.5 (エピソード数  8) policy_loss=+0.0459 value_loss=  85.373 entropy=-1.771 (この反復   2.4秒, 累計  35.2分)
    → 決定的方策の評価: best_reward候補 = 614.3 (これまでのベスト = 1164.7)
  iter 826/2000: rollout平均ep報酬=     9.1 (エピソード数 13) policy_loss=+0.0788 value_loss= 116.942 entropy=-1.764 (この反復   2.2秒, 累計  35.3分)
  iter 827/2000: rollout平均ep報酬=   422.9 (エピソード数  5) policy_loss=-0.0854 value_loss=  20.308 entropy=-1.769 (この反復   2.4秒, 累計  35.3分)
  iter 828/2000: rollout平均ep報酬=   357.1 (エピソード数  4) policy_loss=-0.0043 value_loss=  33.858 entropy=-1.776 (この反復   2.2秒, 累計  35.4分)
  iter 829/2000: rollout平均ep報酬=   146.8 (エピソード数  9) policy_loss=+0.0234 value_loss=  67.889 entropy=-1.790 (この反復   2.3秒, 累計  35.4分)
  iter 830/2000: rollout平均ep報酬=   315.0 (エピソード数  4) policy_loss=+0.0083 value_loss=  18.693 entropy=-1.799 (この反復   2.2秒, 累計  35.4分)
    → 決定的方策の評価: best_reward候補 = 611.2 (これまでのベスト = 1164.7)
  [checkpoint] これまでのベスト重みを ev3way_w1.npy/ev3way_w2.npy に中間保存しました
  iter 831/2000: rollout平均ep報酬=   248.7 (エピソード数  8) policy_loss=-0.1104 value_loss=   7.110 entropy=-1.791 (この反復   2.6秒, 累計  35.5分)
  iter 832/2000: rollout平均ep報酬=   166.5 (エピソード数 12) policy_loss=+0.0129 value_loss=  38.849 entropy=-1.768 (この反復   2.5秒, 累計  35.5分)
  iter 833/2000: rollout平均ep報酬=   274.1 (エピソード数  7) policy_loss=-0.0519 value_loss=  16.695 entropy=-1.777 (この反復   2.4秒, 累計  35.6分)
  iter 834/2000: rollout平均ep報酬=    91.1 (エピソード数 12) policy_loss=+0.0160 value_loss=  59.756 entropy=-1.779 (この反復   2.3秒, 累計  35.6分)
  iter 835/2000: rollout平均ep報酬=   127.3 (エピソード数 11) policy_loss=+0.1332 value_loss= 127.382 entropy=-1.801 (この反復   2.3秒, 累計  35.7分)
    → 決定的方策の評価: best_reward候補 = 612.2 (これまでのベスト = 1164.7)
  iter 836/2000: rollout平均ep報酬=   736.5 (エピソード数  4) policy_loss=+0.0503 value_loss=  21.019 entropy=-1.810 (この反復   2.5秒, 累計  35.7分)
  iter 837/2000: rollout平均ep報酬=    67.9 (エピソード数 10) policy_loss=-0.0961 value_loss=   8.914 entropy=-1.817 (この反復   2.2秒, 累計  35.8分)
  iter 838/2000: rollout平均ep報酬=   529.2 (エピソード数  6) policy_loss=-0.0545 value_loss=  41.778 entropy=-1.820 (この反復   2.6秒, 累計  35.8分)
  iter 839/2000: rollout平均ep報酬=   271.1 (エピソード数  6) policy_loss=+0.0827 value_loss= 141.689 entropy=-1.823 (この反復   2.2秒, 累計  35.8分)
  iter 840/2000: rollout平均ep報酬=   162.1 (エピソード数 11) policy_loss=-0.0202 value_loss=  52.922 entropy=-1.822 (この反復   2.5秒, 累計  35.9分)
    → 決定的方策の評価: best_reward候補 = 832.7 (これまでのベスト = 1164.7)
  [checkpoint] これまでのベスト重みを ev3way_w1.npy/ev3way_w2.npy に中間保存しました
  iter 841/2000: rollout平均ep報酬=   105.9 (エピソード数 10) policy_loss=-0.0114 value_loss=  38.901 entropy=-1.835 (この反復   2.6秒, 累計  36.0分)
  iter 842/2000: rollout平均ep報酬=   158.6 (エピソード数  8) policy_loss=-0.0115 value_loss=  21.306 entropy=-1.838 (この反復   2.3秒, 累計  36.0分)
  iter 843/2000: rollout平均ep報酬=   127.3 (エピソード数  9) policy_loss=-0.0018 value_loss=  41.383 entropy=-1.858 (この反復   2.2秒, 累計  36.1分)
  iter 844/2000: rollout平均ep報酬=   145.5 (エピソード数 10) policy_loss=-0.0300 value_loss=  31.933 entropy=-1.848 (この反復   2.3秒, 累計  36.1分)
  iter 845/2000: rollout平均ep報酬=   306.0 (エピソード数  6) policy_loss=-0.0484 value_loss=  30.685 entropy=-1.836 (この反復   2.3秒, 累計  36.1分)
    → 決定的方策の評価: best_reward候補 = 608.3 (これまでのベスト = 1164.7)
  iter 846/2000: rollout平均ep報酬=   288.2 (エピソード数  7) policy_loss=+0.0682 value_loss=  98.279 entropy=-1.838 (この反復   2.4秒, 累計  36.2分)
  iter 847/2000: rollout平均ep報酬=    56.6 (エピソード数 13) policy_loss=+0.0478 value_loss=  67.508 entropy=-1.839 (この反復   2.3秒, 累計  36.2分)
  iter 848/2000: rollout平均ep報酬=   109.4 (エピソード数  6) policy_loss=+0.0525 value_loss=  63.927 entropy=-1.845 (この反復   2.4秒, 累計  36.3分)
  iter 849/2000: rollout平均ep報酬=   433.9 (エピソード数  4) policy_loss=-0.0527 value_loss=   4.843 entropy=-1.850 (この反復   2.3秒, 累計  36.3分)
  iter 850/2000: rollout平均ep報酬=   392.1 (エピソード数  7) policy_loss=-0.0334 value_loss=   5.736 entropy=-1.833 (この反復   2.8秒, 累計  36.4分)
    → 決定的方策の評価: best_reward候補 = 593.3 (これまでのベスト = 1164.7)
  [checkpoint] これまでのベスト重みを ev3way_w1.npy/ev3way_w2.npy に中間保存しました
  iter 851/2000: rollout平均ep報酬=   251.7 (エピソード数  9) policy_loss=+0.0093 value_loss= 114.994 entropy=-1.824 (この反復   2.4秒, 累計  36.4分)
  iter 852/2000: rollout平均ep報酬=    14.1 (エピソード数 17) policy_loss=-0.0268 value_loss=  54.298 entropy=-1.817 (この反復   2.3秒, 累計  36.5分)
  iter 853/2000: rollout平均ep報酬=    54.5 (エピソード数 20) policy_loss=-0.0326 value_loss=  57.322 entropy=-1.805 (この反復   2.7秒, 累計  36.5分)
  iter 854/2000: rollout平均ep報酬=   384.4 (エピソード数  4) policy_loss=-0.0946 value_loss=  14.537 entropy=-1.809 (この反復   2.3秒, 累計  36.6分)
  iter 855/2000: rollout平均ep報酬=    66.4 (エピソード数 15) policy_loss=-0.0036 value_loss= 124.076 entropy=-1.804 (この反復   2.4秒, 累計  36.6分)
    → 決定的方策の評価: best_reward候補 = 608.3 (これまでのベスト = 1164.7)
  iter 856/2000: rollout平均ep報酬=    98.9 (エピソード数 13) policy_loss=+0.0424 value_loss=  32.166 entropy=-1.800 (この反復   2.4秒, 累計  36.7分)
  iter 857/2000: rollout平均ep報酬=    47.7 (エピソード数 15) policy_loss=-0.0104 value_loss=  59.756 entropy=-1.793 (この反復   2.3秒, 累計  36.7分)
  iter 858/2000: rollout平均ep報酬=   182.6 (エピソード数 10) policy_loss=-0.1177 value_loss=   5.228 entropy=-1.795 (この反復   2.4秒, 累計  36.7分)
  iter 859/2000: rollout平均ep報酬=    66.9 (エピソード数 14) policy_loss=+0.0537 value_loss=  84.444 entropy=-1.791 (この反復   2.3秒, 累計  36.8分)
  iter 860/2000: rollout平均ep報酬=   171.7 (エピソード数  9) policy_loss=-0.0101 value_loss=  21.388 entropy=-1.773 (この反復   2.4秒, 累計  36.8分)
    → 決定的方策の評価: best_reward候補 = 611.9 (これまでのベスト = 1164.7)
  [checkpoint] これまでのベスト重みを ev3way_w1.npy/ev3way_w2.npy に中間保存しました
  iter 861/2000: rollout平均ep報酬=   435.1 (エピソード数  6) policy_loss=-0.0350 value_loss=  18.402 entropy=-1.762 (この反復   2.4秒, 累計  36.9分)
  iter 862/2000: rollout平均ep報酬=   128.5 (エピソード数 11) policy_loss=-0.0176 value_loss=  88.714 entropy=-1.763 (この反復   2.3秒, 累計  36.9分)
  iter 863/2000: rollout平均ep報酬=   563.0 (エピソード数  5) policy_loss=+0.0430 value_loss=  62.057 entropy=-1.763 (この反復   2.5秒, 累計  37.0分)
  iter 864/2000: rollout平均ep報酬=   121.0 (エピソード数 14) policy_loss=-0.0518 value_loss=  10.646 entropy=-1.748 (この反復   2.5秒, 累計  37.0分)
  iter 865/2000: rollout平均ep報酬=   179.4 (エピソード数 11) policy_loss=+0.0487 value_loss=  96.064 entropy=-1.748 (この反復   2.4秒, 累計  37.0分)
    → 決定的方策の評価: best_reward候補 = 614.5 (これまでのベスト = 1164.7)
  iter 866/2000: rollout平均ep報酬=   147.9 (エピソード数  9) policy_loss=-0.0647 value_loss=   9.569 entropy=-1.740 (この反復   2.2秒, 累計  37.1分)
  iter 867/2000: rollout平均ep報酬=   108.5 (エピソード数 13) policy_loss=-0.0016 value_loss=  83.763 entropy=-1.734 (この反復   2.5秒, 累計  37.2分)
  iter 868/2000: rollout平均ep報酬=   192.8 (エピソード数 12) policy_loss=+0.0073 value_loss=  58.822 entropy=-1.729 (この反復   2.4秒, 累計  37.2分)
  iter 869/2000: rollout平均ep報酬=   253.4 (エピソード数  9) policy_loss=+0.0140 value_loss=  82.792 entropy=-1.724 (この反復   2.3秒, 累計  37.2分)
  iter 870/2000: rollout平均ep報酬=   419.3 (エピソード数  5) policy_loss=+0.0588 value_loss=  91.091 entropy=-1.733 (この反復   2.3秒, 累計  37.3分)
    → 決定的方策の評価: best_reward候補 = 611.6 (これまでのベスト = 1164.7)
  [checkpoint] これまでのベスト重みを ev3way_w1.npy/ev3way_w2.npy に中間保存しました
  iter 871/2000: rollout平均ep報酬=   203.0 (エピソード数 10) policy_loss=+0.0810 value_loss= 106.441 entropy=-1.725 (この反復   2.4秒, 累計  37.3分)
  iter 872/2000: rollout平均ep報酬=   196.6 (エピソード数  8) policy_loss=-0.0185 value_loss=  46.658 entropy=-1.728 (この反復   2.2秒, 累計  37.4分)
  iter 873/2000: rollout平均ep報酬=   226.5 (エピソード数  7) policy_loss=+0.0477 value_loss=  79.123 entropy=-1.731 (この反復   2.4秒, 累計  37.4分)
  iter 874/2000: rollout平均ep報酬=   299.7 (エピソード数  5) policy_loss=-0.0950 value_loss=  23.786 entropy=-1.730 (この反復   2.3秒, 累計  37.5分)
  iter 875/2000: rollout平均ep報酬=   235.8 (エピソード数  7) policy_loss=-0.0242 value_loss=  18.086 entropy=-1.738 (この反復   2.2秒, 累計  37.5分)
    → 決定的方策の評価: best_reward候補 = 611.7 (これまでのベスト = 1164.7)
  iter 876/2000: rollout平均ep報酬=    52.4 (エピソード数 14) policy_loss=-0.1009 value_loss=  17.063 entropy=-1.736 (この反復   2.3秒, 累計  37.6分)
  iter 877/2000: rollout平均ep報酬=    41.0 (エピソード数 13) policy_loss=+0.0063 value_loss=  21.324 entropy=-1.740 (この反復   2.2秒, 累計  37.6分)
  iter 878/2000: rollout平均ep報酬=   307.2 (エピソード数  8) policy_loss=-0.0292 value_loss=  66.570 entropy=-1.744 (この反復   2.3秒, 累計  37.6分)
  iter 879/2000: rollout平均ep報酬=    76.7 (エピソード数 16) policy_loss=-0.0116 value_loss=  31.972 entropy=-1.750 (この反復   2.1秒, 累計  37.7分)
  iter 880/2000: rollout平均ep報酬=   182.1 (エピソード数 11) policy_loss=-0.0081 value_loss=  26.391 entropy=-1.747 (この反復   2.2秒, 累計  37.7分)
    → 決定的方策の評価: best_reward候補 = 609.4 (これまでのベスト = 1164.7)
  [checkpoint] これまでのベスト重みを ev3way_w1.npy/ev3way_w2.npy に中間保存しました
  iter 881/2000: rollout平均ep報酬=   237.3 (エピソード数 10) policy_loss=+0.0626 value_loss=  68.242 entropy=-1.730 (この反復   2.4秒, 累計  37.8分)
  iter 882/2000: rollout平均ep報酬=   368.3 (エピソード数  7) policy_loss=-0.0257 value_loss=  18.797 entropy=-1.709 (この反復   2.4秒, 累計  37.8分)
  iter 883/2000: rollout平均ep報酬=   202.3 (エピソード数  9) policy_loss=+0.0293 value_loss=  52.495 entropy=-1.697 (この反復   2.3秒, 累計  37.9分)
  iter 884/2000: rollout平均ep報酬=   124.4 (エピソード数  9) policy_loss=+0.1044 value_loss=  91.811 entropy=-1.698 (この反復   2.2秒, 累計  37.9分)
  iter 885/2000: rollout平均ep報酬=   121.0 (エピソード数 10) policy_loss=+0.0272 value_loss=  98.122 entropy=-1.694 (この反復   2.1秒, 累計  37.9分)
    → 決定的方策の評価: best_reward候補 = 618.6 (これまでのベスト = 1164.7)
  iter 886/2000: rollout平均ep報酬=   106.2 (エピソード数 13) policy_loss=-0.0314 value_loss=  34.191 entropy=-1.710 (この反復   2.4秒, 累計  38.0分)
  iter 887/2000: rollout平均ep報酬=   152.1 (エピソード数  8) policy_loss=-0.0054 value_loss=  40.432 entropy=-1.725 (この反復   2.2秒, 累計  38.0分)
  iter 888/2000: rollout平均ep報酬=   321.5 (エピソード数  7) policy_loss=-0.0099 value_loss=  29.304 entropy=-1.732 (この反復   2.4秒, 累計  38.1分)
  iter 889/2000: rollout平均ep報酬=   125.4 (エピソード数 10) policy_loss=-0.0079 value_loss=  39.600 entropy=-1.737 (この反復   2.2秒, 累計  38.1分)
  iter 890/2000: rollout平均ep報酬=    15.6 (エピソード数 18) policy_loss=+0.0085 value_loss= 155.007 entropy=-1.740 (この反復   2.2秒, 累計  38.1分)
    → 決定的方策の評価: best_reward候補 = 610.0 (これまでのベスト = 1164.7)
  [checkpoint] これまでのベスト重みを ev3way_w1.npy/ev3way_w2.npy に中間保存しました
  iter 891/2000: rollout平均ep報酬=    24.3 (エピソード数 13) policy_loss=+0.0085 value_loss=  82.561 entropy=-1.746 (この反復   2.2秒, 累計  38.2分)
  iter 892/2000: rollout平均ep報酬=   313.8 (エピソード数  5) policy_loss=-0.1056 value_loss=  66.053 entropy=-1.739 (この反復   2.3秒, 累計  38.3分)
  iter 893/2000: rollout平均ep報酬=   217.0 (エピソード数  9) policy_loss=-0.0490 value_loss=  35.630 entropy=-1.740 (この反復   2.4秒, 累計  38.3分)
  iter 894/2000: rollout平均ep報酬=   287.6 (エピソード数  7) policy_loss=+0.0491 value_loss=  55.399 entropy=-1.760 (この反復   2.2秒, 累計  38.3分)
  iter 895/2000: rollout平均ep報酬=   106.8 (エピソード数 11) policy_loss=+0.0237 value_loss=  53.852 entropy=-1.757 (この反復   2.4秒, 累計  38.4分)
    → 決定的方策の評価: best_reward候補 = 633.8 (これまでのベスト = 1164.7)
  iter 896/2000: rollout平均ep報酬=    58.4 (エピソード数  9) policy_loss=+0.0003 value_loss=  62.409 entropy=-1.769 (この反復   2.3秒, 累計  38.4分)
  iter 897/2000: rollout平均ep報酬=   286.4 (エピソード数  6) policy_loss=-0.0521 value_loss=  11.320 entropy=-1.771 (この反復   2.4秒, 累計  38.5分)
  iter 898/2000: rollout平均ep報酬=   426.2 (エピソード数  5) policy_loss=-0.0192 value_loss=  23.974 entropy=-1.772 (この反復   2.2秒, 累計  38.5分)
  iter 899/2000: rollout平均ep報酬=   132.0 (エピソード数  9) policy_loss=-0.0383 value_loss=  34.505 entropy=-1.771 (この反復   2.4秒, 累計  38.6分)
  iter 900/2000: rollout平均ep報酬=   414.7 (エピソード数  6) policy_loss=-0.0903 value_loss=  19.138 entropy=-1.776 (この反復   2.4秒, 累計  38.6分)
    → 決定的方策の評価: best_reward候補 = 838.0 (これまでのベスト = 1164.7)
  [checkpoint] これまでのベスト重みを ev3way_w1.npy/ev3way_w2.npy に中間保存しました
  iter 901/2000: rollout平均ep報酬=   160.8 (エピソード数  8) policy_loss=+0.0253 value_loss=  79.584 entropy=-1.774 (この反復   2.4秒, 累計  38.7分)
  iter 902/2000: rollout平均ep報酬=    49.1 (エピソード数 11) policy_loss=-0.0039 value_loss=  41.871 entropy=-1.783 (この反復   2.2秒, 累計  38.7分)
  iter 903/2000: rollout平均ep報酬=   144.5 (エピソード数  8) policy_loss=-0.0583 value_loss=  21.639 entropy=-1.781 (この反復   2.2秒, 累計  38.7分)
  iter 904/2000: rollout平均ep報酬=    40.5 (エピソード数 13) policy_loss=-0.0005 value_loss=  59.405 entropy=-1.777 (この反復   2.2秒, 累計  38.8分)
  iter 905/2000: rollout平均ep報酬=   266.3 (エピソード数  9) policy_loss=+0.0334 value_loss=  50.175 entropy=-1.777 (この反復   2.2秒, 累計  38.8分)
    → 決定的方策の評価: best_reward候補 = 833.8 (これまでのベスト = 1164.7)
  iter 906/2000: rollout平均ep報酬=   500.6 (エピソード数  5) policy_loss=-0.0342 value_loss=  18.667 entropy=-1.781 (この反復   2.4秒, 累計  38.9分)
  iter 907/2000: rollout平均ep報酬=   202.8 (エピソード数  8) policy_loss=+0.0277 value_loss=  48.254 entropy=-1.790 (この反復   2.3秒, 累計  38.9分)
  iter 908/2000: rollout平均ep報酬=   471.0 (エピソード数  5) policy_loss=-0.0586 value_loss=  46.783 entropy=-1.795 (この反復   2.5秒, 累計  39.0分)
  iter 909/2000: rollout平均ep報酬=   318.8 (エピソード数  7) policy_loss=+0.0681 value_loss=  37.419 entropy=-1.797 (この反復   2.3秒, 累計  39.0分)
  iter 910/2000: rollout平均ep報酬=   200.5 (エピソード数  9) policy_loss=+0.0589 value_loss=  82.550 entropy=-1.795 (この反復   2.2秒, 累計  39.1分)
    → 決定的方策の評価: best_reward候補 = 607.0 (これまでのベスト = 1164.7)
  [checkpoint] これまでのベスト重みを ev3way_w1.npy/ev3way_w2.npy に中間保存しました
  iter 911/2000: rollout平均ep報酬=   292.8 (エピソード数  8) policy_loss=-0.0349 value_loss=  16.901 entropy=-1.806 (この反復   2.2秒, 累計  39.1分)
  iter 912/2000: rollout平均ep報酬=    27.3 (エピソード数 11) policy_loss=-0.0276 value_loss=  50.764 entropy=-1.811 (この反復   2.1秒, 累計  39.1分)
  iter 913/2000: rollout平均ep報酬=    31.7 (エピソード数 26) policy_loss=-0.0013 value_loss= 110.651 entropy=-1.815 (この反復   2.4秒, 累計  39.2分)
  iter 914/2000: rollout平均ep報酬=   285.5 (エピソード数  5) policy_loss=+0.0243 value_loss=  92.255 entropy=-1.818 (この反復   2.1秒, 累計  39.2分)
  iter 915/2000: rollout平均ep報酬=   327.3 (エピソード数  7) policy_loss=-0.0587 value_loss=  34.457 entropy=-1.821 (この反復   2.3秒, 累計  39.3分)
    → 決定的方策の評価: best_reward候補 = 611.6 (これまでのベスト = 1164.7)
  iter 916/2000: rollout平均ep報酬=   145.6 (エピソード数  9) policy_loss=-0.0814 value_loss=  30.669 entropy=-1.824 (この反復   2.2秒, 累計  39.3分)
  iter 917/2000: rollout平均ep報酬=   271.3 (エピソード数  9) policy_loss=+0.0265 value_loss=  67.106 entropy=-1.820 (この反復   2.3秒, 累計  39.4分)
  iter 918/2000: rollout平均ep報酬=   123.9 (エピソード数 13) policy_loss=-0.0044 value_loss=  44.693 entropy=-1.818 (この反復   2.3秒, 累計  39.4分)
  iter 919/2000: rollout平均ep報酬=   221.3 (エピソード数 10) policy_loss=+0.0020 value_loss=  40.501 entropy=-1.814 (この反復   2.4秒, 累計  39.4分)
  iter 920/2000: rollout平均ep報酬=   181.4 (エピソード数  9) policy_loss=+0.0396 value_loss= 122.876 entropy=-1.815 (この反復   2.2秒, 累計  39.5分)
    → 決定的方策の評価: best_reward候補 = 611.9 (これまでのベスト = 1164.7)
  [checkpoint] これまでのベスト重みを ev3way_w1.npy/ev3way_w2.npy に中間保存しました
  iter 921/2000: rollout平均ep報酬=   248.3 (エピソード数 10) policy_loss=+0.0686 value_loss=  96.231 entropy=-1.811 (この反復   2.4秒, 累計  39.6分)
  iter 922/2000: rollout平均ep報酬=   119.4 (エピソード数 15) policy_loss=-0.0355 value_loss=  11.481 entropy=-1.805 (この反復   2.3秒, 累計  39.6分)
  iter 923/2000: rollout平均ep報酬=   123.0 (エピソード数  6) policy_loss=+0.0734 value_loss=  48.245 entropy=-1.801 (この反復   2.2秒, 累計  39.6分)
  iter 924/2000: rollout平均ep報酬=   219.4 (エピソード数  7) policy_loss=+0.0203 value_loss=  60.630 entropy=-1.793 (この反復   2.2秒, 累計  39.7分)
  iter 925/2000: rollout平均ep報酬=   -42.8 (エピソード数 26) policy_loss=+0.0146 value_loss=  92.999 entropy=-1.806 (この反復   2.2秒, 累計  39.7分)
    → 決定的方策の評価: best_reward候補 = 609.5 (これまでのベスト = 1164.7)
  iter 926/2000: rollout平均ep報酬=   169.5 (エピソード数 12) policy_loss=-0.0317 value_loss=  39.578 entropy=-1.822 (この反復   2.3秒, 累計  39.8分)
  iter 927/2000: rollout平均ep報酬=    -2.3 (エピソード数 20) policy_loss=-0.0446 value_loss=  39.954 entropy=-1.830 (この反復   2.3秒, 累計  39.8分)
  iter 928/2000: rollout平均ep報酬=    68.5 (エピソード数 18) policy_loss=+0.0581 value_loss= 136.798 entropy=-1.820 (この反復   2.4秒, 累計  39.9分)
  iter 929/2000: rollout平均ep報酬=   374.5 (エピソード数  7) policy_loss=-0.0157 value_loss=  39.835 entropy=-1.836 (この反復   2.3秒, 累計  39.9分)
  iter 930/2000: rollout平均ep報酬=   560.8 (エピソード数  5) policy_loss=+0.0076 value_loss=  21.843 entropy=-1.837 (この反復   2.6秒, 累計  39.9分)
    → 決定的方策の評価: best_reward候補 = 599.0 (これまでのベスト = 1164.7)
  [checkpoint] これまでのベスト重みを ev3way_w1.npy/ev3way_w2.npy に中間保存しました
  iter 931/2000: rollout平均ep報酬=   304.0 (エピソード数  8) policy_loss=+0.0721 value_loss=  69.187 entropy=-1.828 (この反復   2.5秒, 累計  40.0分)
  iter 932/2000: rollout平均ep報酬=   399.9 (エピソード数  6) policy_loss=+0.0269 value_loss=  55.272 entropy=-1.843 (この反復   2.2秒, 累計  40.0分)
  iter 933/2000: rollout平均ep報酬=   205.0 (エピソード数  6) policy_loss=+0.0217 value_loss=  66.444 entropy=-1.845 (この反復   2.2秒, 累計  40.1分)
  iter 934/2000: rollout平均ep報酬=   165.8 (エピソード数 10) policy_loss=-0.0333 value_loss=  23.612 entropy=-1.844 (この反復   2.2秒, 累計  40.1分)
  iter 935/2000: rollout平均ep報酬=   -12.9 (エピソード数 20) policy_loss=+0.0919 value_loss= 107.178 entropy=-1.837 (この反復   2.4秒, 累計  40.2分)
    → 決定的方策の評価: best_reward候補 = 598.1 (これまでのベスト = 1164.7)
  iter 936/2000: rollout平均ep報酬=    62.7 (エピソード数 16) policy_loss=+0.0022 value_loss=  96.532 entropy=-1.841 (この反復   2.4秒, 累計  40.2分)
  iter 937/2000: rollout平均ep報酬=   265.9 (エピソード数  8) policy_loss=+0.0352 value_loss=  67.370 entropy=-1.847 (この反復   2.2秒, 累計  40.3分)
  iter 938/2000: rollout平均ep報酬=    39.1 (エピソード数 23) policy_loss=-0.0085 value_loss=  60.966 entropy=-1.842 (この反復   2.6秒, 累計  40.3分)
  iter 939/2000: rollout平均ep報酬=   413.6 (エピソード数  6) policy_loss=+0.0673 value_loss=  66.739 entropy=-1.837 (この反復   2.4秒, 累計  40.3分)
  iter 940/2000: rollout平均ep報酬=   194.7 (エピソード数 11) policy_loss=-0.0035 value_loss= 108.126 entropy=-1.833 (この反復   2.5秒, 累計  40.4分)
    → 決定的方策の評価: best_reward候補 = 365.8 (これまでのベスト = 1164.7)
  [checkpoint] これまでのベスト重みを ev3way_w1.npy/ev3way_w2.npy に中間保存しました
  iter 941/2000: rollout平均ep報酬=    55.2 (エピソード数 13) policy_loss=-0.0132 value_loss=  94.864 entropy=-1.834 (この反復   2.4秒, 累計  40.4分)
  iter 942/2000: rollout平均ep報酬=   993.2 (エピソード数  4) policy_loss=-0.0050 value_loss=  71.978 entropy=-1.835 (この反復   2.5秒, 累計  40.5分)
  iter 943/2000: rollout平均ep報酬=   163.0 (エピソード数 12) policy_loss=-0.0957 value_loss=  15.217 entropy=-1.835 (この反復   2.3秒, 累計  40.5分)
  iter 944/2000: rollout平均ep報酬=   141.3 (エピソード数 10) policy_loss=-0.0417 value_loss=  69.382 entropy=-1.837 (この反復   2.1秒, 累計  40.6分)
  iter 945/2000: rollout平均ep報酬=   377.1 (エピソード数  7) policy_loss=-0.0244 value_loss=  27.880 entropy=-1.838 (この反復   2.3秒, 累計  40.6分)
    → 決定的方策の評価: best_reward候補 = 613.5 (これまでのベスト = 1164.7)
  iter 946/2000: rollout平均ep報酬=   100.9 (エピソード数 14) policy_loss=+0.0658 value_loss=  70.611 entropy=-1.836 (この反復   2.3秒, 累計  40.7分)
  iter 947/2000: rollout平均ep報酬=   248.2 (エピソード数 10) policy_loss=+0.0032 value_loss=  44.118 entropy=-1.836 (この反復   2.4秒, 累計  40.7分)
  iter 948/2000: rollout平均ep報酬=   121.7 (エピソード数 13) policy_loss=-0.0202 value_loss=  63.509 entropy=-1.835 (この反復   2.4秒, 累計  40.7分)
  iter 949/2000: rollout平均ep報酬=    95.0 (エピソード数 10) policy_loss=-0.0135 value_loss=  63.472 entropy=-1.836 (この反復   2.1秒, 累計  40.8分)
  iter 950/2000: rollout平均ep報酬=   355.3 (エピソード数  6) policy_loss=+0.0193 value_loss=  46.863 entropy=-1.839 (この反復   2.3秒, 累計  40.8分)
    → 決定的方策の評価: best_reward候補 = 618.3 (これまでのベスト = 1164.7)
  [checkpoint] これまでのベスト重みを ev3way_w1.npy/ev3way_w2.npy に中間保存しました
  iter 951/2000: rollout平均ep報酬=   306.1 (エピソード数  5) policy_loss=+0.0736 value_loss=  54.882 entropy=-1.839 (この反復   2.3秒, 累計  40.9分)
  iter 952/2000: rollout平均ep報酬=   268.0 (エピソード数  8) policy_loss=-0.0722 value_loss=  32.807 entropy=-1.837 (この反復   2.3秒, 累計  40.9分)
  iter 953/2000: rollout平均ep報酬=   159.8 (エピソード数 12) policy_loss=+0.0802 value_loss= 112.065 entropy=-1.830 (この反復   2.5秒, 累計  41.0分)
  iter 954/2000: rollout平均ep報酬=   536.6 (エピソード数  5) policy_loss=+0.0181 value_loss=  55.589 entropy=-1.833 (この反復   2.2秒, 累計  41.0分)
  iter 955/2000: rollout平均ep報酬=   283.4 (エピソード数  9) policy_loss=+0.0312 value_loss=  70.599 entropy=-1.826 (この反復   2.4秒, 累計  41.0分)
    → 決定的方策の評価: best_reward候補 = 367.5 (これまでのベスト = 1164.7)
  iter 956/2000: rollout平均ep報酬=   310.1 (エピソード数  8) policy_loss=+0.0597 value_loss=  35.162 entropy=-1.823 (この反復   2.3秒, 累計  41.1分)
  iter 957/2000: rollout平均ep報酬=   206.3 (エピソード数  9) policy_loss=-0.0246 value_loss=  17.298 entropy=-1.828 (この反復   2.2秒, 累計  41.1分)
  iter 958/2000: rollout平均ep報酬=   205.0 (エピソード数  9) policy_loss=-0.0626 value_loss=  43.870 entropy=-1.826 (この反復   2.3秒, 累計  41.2分)
  iter 959/2000: rollout平均ep報酬=   105.6 (エピソード数 15) policy_loss=-0.0042 value_loss= 108.239 entropy=-1.824 (この反復   2.5秒, 累計  41.2分)
  iter 960/2000: rollout平均ep報酬=   101.1 (エピソード数 15) policy_loss=-0.0321 value_loss=  52.788 entropy=-1.820 (この反復   2.3秒, 累計  41.3分)
    → 決定的方策の評価: best_reward候補 = 591.4 (これまでのベスト = 1164.7)
  [checkpoint] これまでのベスト重みを ev3way_w1.npy/ev3way_w2.npy に中間保存しました
  iter 961/2000: rollout平均ep報酬=   153.1 (エピソード数  8) policy_loss=+0.0415 value_loss=  72.459 entropy=-1.823 (この反復   2.3秒, 累計  41.3分)
  iter 962/2000: rollout平均ep報酬=   268.6 (エピソード数  7) policy_loss=-0.0243 value_loss=  40.333 entropy=-1.818 (この反復   2.2秒, 累計  41.4分)
  iter 963/2000: rollout平均ep報酬=    23.8 (エピソード数 17) policy_loss=-0.0205 value_loss=  28.225 entropy=-1.835 (この反復   2.2秒, 累計  41.4分)
  iter 964/2000: rollout平均ep報酬=   560.8 (エピソード数  4) policy_loss=+0.1529 value_loss= 121.511 entropy=-1.850 (この反復   2.3秒, 累計  41.4分)
  iter 965/2000: rollout平均ep報酬=   615.6 (エピソード数  4) policy_loss=+0.0025 value_loss=  22.859 entropy=-1.840 (この反復   2.1秒, 累計  41.5分)
    → 決定的方策の評価: best_reward候補 = 599.6 (これまでのベスト = 1164.7)
  iter 966/2000: rollout平均ep報酬=    24.5 (エピソード数 19) policy_loss=+0.0042 value_loss=  47.127 entropy=-1.837 (この反復   2.4秒, 累計  41.5分)
  iter 967/2000: rollout平均ep報酬=   169.7 (エピソード数  8) policy_loss=-0.0101 value_loss= 114.715 entropy=-1.841 (この反復   2.2秒, 累計  41.6分)
  iter 968/2000: rollout平均ep報酬=    22.0 (エピソード数 13) policy_loss=-0.0665 value_loss=  22.299 entropy=-1.841 (この反復   2.1秒, 累計  41.6分)
  iter 969/2000: rollout平均ep報酬=   574.9 (エピソード数  5) policy_loss=-0.0725 value_loss=   8.789 entropy=-1.840 (この反復   2.7秒, 累計  41.7分)
  iter 970/2000: rollout平均ep報酬=    34.1 (エピソード数 13) policy_loss=-0.0179 value_loss=  79.220 entropy=-1.840 (この反復   2.1秒, 累計  41.7分)
    → 決定的方策の評価: best_reward候補 = 598.4 (これまでのベスト = 1164.7)
  [checkpoint] これまでのベスト重みを ev3way_w1.npy/ev3way_w2.npy に中間保存しました
  iter 971/2000: rollout平均ep報酬=   298.3 (エピソード数  7) policy_loss=+0.0371 value_loss=  63.283 entropy=-1.861 (この反復   2.2秒, 累計  41.8分)
  iter 972/2000: rollout平均ep報酬=   384.4 (エピソード数  6) policy_loss=-0.0452 value_loss=  19.494 entropy=-1.879 (この反復   2.4秒, 累計  41.8分)
  iter 973/2000: rollout平均ep報酬=   102.4 (エピソード数 14) policy_loss=-0.0679 value_loss=  21.790 entropy=-1.892 (この反復   2.3秒, 累計  41.8分)
  iter 974/2000: rollout平均ep報酬=   146.8 (エピソード数 13) policy_loss=-0.0677 value_loss=  21.320 entropy=-1.878 (この反復   2.3秒, 累計  41.9分)
  iter 975/2000: rollout平均ep報酬=   142.3 (エピソード数 13) policy_loss=+0.0108 value_loss=  86.603 entropy=-1.886 (この反復   2.2秒, 累計  41.9分)
    → 決定的方策の評価: best_reward候補 = 603.6 (これまでのベスト = 1164.7)
  iter 976/2000: rollout平均ep報酬=   632.1 (エピソード数  4) policy_loss=-0.0557 value_loss=  14.757 entropy=-1.878 (この反復   2.3秒, 累計  42.0分)
  iter 977/2000: rollout平均ep報酬=   455.7 (エピソード数  7) policy_loss=-0.0455 value_loss=   7.422 entropy=-1.876 (この反復   2.3秒, 累計  42.0分)
  iter 978/2000: rollout平均ep報酬=   120.1 (エピソード数 13) policy_loss=+0.0171 value_loss= 113.272 entropy=-1.874 (この反復   2.3秒, 累計  42.1分)
  iter 979/2000: rollout平均ep報酬=   367.0 (エピソード数  8) policy_loss=-0.0159 value_loss=  33.630 entropy=-1.868 (この反復   2.7秒, 累計  42.1分)
  iter 980/2000: rollout平均ep報酬=   381.8 (エピソード数  6) policy_loss=-0.0355 value_loss=  34.487 entropy=-1.863 (この反復   2.6秒, 累計  42.1分)
    → 決定的方策の評価: best_reward候補 = 606.4 (これまでのベスト = 1164.7)
  [checkpoint] これまでのベスト重みを ev3way_w1.npy/ev3way_w2.npy に中間保存しました
  iter 981/2000: rollout平均ep報酬=   312.2 (エピソード数  6) policy_loss=+0.0111 value_loss=  25.225 entropy=-1.864 (この反復   2.4秒, 累計  42.2分)
  iter 982/2000: rollout平均ep報酬=   264.1 (エピソード数  9) policy_loss=-0.0044 value_loss=  99.818 entropy=-1.856 (この反復   2.4秒, 累計  42.3分)
  iter 983/2000: rollout平均ep報酬=   567.3 (エピソード数  5) policy_loss=+0.0925 value_loss= 118.225 entropy=-1.848 (この反復   2.4秒, 累計  42.3分)
  iter 984/2000: rollout平均ep報酬=    69.6 (エピソード数 13) policy_loss=+0.0467 value_loss= 106.255 entropy=-1.846 (この反復   2.3秒, 累計  42.3分)
  iter 985/2000: rollout平均ep報酬=   143.8 (エピソード数 11) policy_loss=+0.0526 value_loss=  86.289 entropy=-1.843 (この反復   2.6秒, 累計  42.4分)
    → 決定的方策の評価: best_reward候補 = 626.5 (これまでのベスト = 1164.7)
  iter 986/2000: rollout平均ep報酬=   167.1 (エピソード数 10) policy_loss=-0.0219 value_loss=  83.919 entropy=-1.843 (この反復   2.3秒, 累計  42.4分)
  iter 987/2000: rollout平均ep報酬=   317.9 (エピソード数  6) policy_loss=-0.0143 value_loss=  81.341 entropy=-1.851 (この反復   2.2秒, 累計  42.5分)
  iter 988/2000: rollout平均ep報酬=   228.8 (エピソード数  8) policy_loss=-0.0753 value_loss= 220.602 entropy=-1.850 (この反復   2.3秒, 累計  42.5分)
  iter 989/2000: rollout平均ep報酬=   109.3 (エピソード数 11) policy_loss=-0.0252 value_loss=  96.322 entropy=-1.852 (この反復   2.3秒, 累計  42.6分)
  iter 990/2000: rollout平均ep報酬=   114.2 (エピソード数 14) policy_loss=-0.0140 value_loss=  55.717 entropy=-1.843 (この反復   2.4秒, 累計  42.6分)
    → 決定的方策の評価: best_reward候補 = 619.6 (これまでのベスト = 1164.7)
  [checkpoint] これまでのベスト重みを ev3way_w1.npy/ev3way_w2.npy に中間保存しました
  iter 991/2000: rollout平均ep報酬=   496.6 (エピソード数  5) policy_loss=-0.0442 value_loss=  14.996 entropy=-1.861 (この反復   2.5秒, 累計  42.7分)
  iter 992/2000: rollout平均ep報酬=   270.3 (エピソード数  9) policy_loss=+0.0108 value_loss=  35.489 entropy=-1.857 (この反復   2.3秒, 累計  42.7分)
  iter 993/2000: rollout平均ep報酬=   154.7 (エピソード数 13) policy_loss=-0.0134 value_loss=  81.181 entropy=-1.855 (この反復   2.4秒, 累計  42.8分)
  iter 994/2000: rollout平均ep報酬=   287.8 (エピソード数  8) policy_loss=+0.0079 value_loss=  34.573 entropy=-1.871 (この反復   2.3秒, 累計  42.8分)
  iter 995/2000: rollout平均ep報酬=   194.7 (エピソード数 11) policy_loss=-0.0080 value_loss=  62.303 entropy=-1.865 (この反復   2.4秒, 累計  42.8分)
    → 決定的方策の評価: best_reward候補 = 608.5 (これまでのベスト = 1164.7)
  iter 996/2000: rollout平均ep報酬=   177.7 (エピソード数 11) policy_loss=+0.0093 value_loss=  12.353 entropy=-1.856 (この反復   2.4秒, 累計  42.9分)
  iter 997/2000: rollout平均ep報酬=   506.5 (エピソード数  5) policy_loss=-0.0109 value_loss=  41.880 entropy=-1.865 (この反復   2.3秒, 累計  42.9分)
  iter 998/2000: rollout平均ep報酬=   426.6 (エピソード数  6) policy_loss=+0.0118 value_loss=   8.912 entropy=-1.867 (この反復   2.5秒, 累計  43.0分)
  iter 999/2000: rollout平均ep報酬=   242.4 (エピソード数  8) policy_loss=-0.0064 value_loss=  45.519 entropy=-1.873 (この反復   2.3秒, 累計  43.0分)
  iter 1000/2000: rollout平均ep報酬=   279.8 (エピソード数  8) policy_loss=-0.0158 value_loss=  30.447 entropy=-1.888 (この反復   2.2秒, 累計  43.1分)
    → 決定的方策の評価: best_reward候補 = 593.0 (これまでのベスト = 1164.7)
  [checkpoint] これまでのベスト重みを ev3way_w1.npy/ev3way_w2.npy に中間保存しました
  iter 1001/2000: rollout平均ep報酬=   473.2 (エピソード数  6) policy_loss=+0.0753 value_loss= 125.754 entropy=-1.884 (この反復   2.5秒, 累計  43.1分)
  iter 1002/2000: rollout平均ep報酬=    55.6 (エピソード数 17) policy_loss=+0.0096 value_loss= 127.957 entropy=-1.880 (この反復   2.4秒, 累計  43.2分)
  iter 1003/2000: rollout平均ep報酬=   172.6 (エピソード数 10) policy_loss=+0.0128 value_loss= 109.425 entropy=-1.872 (この反復   2.3秒, 累計  43.2分)
  iter 1004/2000: rollout平均ep報酬=   149.8 (エピソード数 12) policy_loss=-0.0299 value_loss=  26.905 entropy=-1.872 (この反復   2.4秒, 累計  43.3分)
  iter 1005/2000: rollout平均ep報酬=   282.9 (エピソード数  9) policy_loss=+0.0316 value_loss=  87.531 entropy=-1.873 (この反復   2.4秒, 累計  43.3分)
    → 決定的方策の評価: best_reward候補 = 364.7 (これまでのベスト = 1164.7)
  iter 1006/2000: rollout平均ep報酬=   397.0 (エピソード数  6) policy_loss=-0.0242 value_loss=  27.415 entropy=-1.868 (この反復   2.5秒, 累計  43.4分)
  iter 1007/2000: rollout平均ep報酬=   251.8 (エピソード数  8) policy_loss=-0.0461 value_loss=  51.198 entropy=-1.862 (この反復   2.4秒, 累計  43.4分)
  iter 1008/2000: rollout平均ep報酬=   267.5 (エピソード数  9) policy_loss=-0.0511 value_loss=  24.238 entropy=-1.856 (この反復   2.3秒, 累計  43.4分)
  iter 1009/2000: rollout平均ep報酬=   182.7 (エピソード数 10) policy_loss=+0.0132 value_loss=  53.204 entropy=-1.865 (この反復   2.2秒, 累計  43.5分)
  iter 1010/2000: rollout平均ep報酬=    49.7 (エピソード数 14) policy_loss=-0.0671 value_loss=  58.145 entropy=-1.865 (この反復   2.2秒, 累計  43.5分)
    → 決定的方策の評価: best_reward候補 = 321.4 (これまでのベスト = 1164.7)
  [checkpoint] これまでのベスト重みを ev3way_w1.npy/ev3way_w2.npy に中間保存しました
  iter 1011/2000: rollout平均ep報酬=   288.5 (エピソード数  8) policy_loss=-0.0001 value_loss=  62.314 entropy=-1.877 (この反復   2.3秒, 累計  43.6分)
  iter 1012/2000: rollout平均ep報酬=    66.0 (エピソード数 21) policy_loss=+0.0265 value_loss= 132.471 entropy=-1.862 (この反復   2.7秒, 累計  43.6分)
  iter 1013/2000: rollout平均ep報酬=   472.3 (エピソード数  6) policy_loss=+0.0085 value_loss=  37.548 entropy=-1.861 (この反復   2.4秒, 累計  43.7分)
  iter 1014/2000: rollout平均ep報酬=   348.7 (エピソード数  7) policy_loss=+0.0151 value_loss=  31.211 entropy=-1.866 (この反復   2.6秒, 累計  43.7分)
  iter 1015/2000: rollout平均ep報酬=   297.2 (エピソード数  8) policy_loss=-0.0603 value_loss=  41.267 entropy=-1.871 (この反復   2.4秒, 累計  43.7分)
    → 決定的方策の評価: best_reward候補 = 593.1 (これまでのベスト = 1164.7)
  iter 1016/2000: rollout平均ep報酬=    89.0 (エピソード数 15) policy_loss=+0.0323 value_loss= 135.672 entropy=-1.872 (この反復   2.2秒, 累計  43.8分)
  iter 1017/2000: rollout平均ep報酬=   366.3 (エピソード数  7) policy_loss=+0.0511 value_loss= 134.879 entropy=-1.872 (この反復   2.5秒, 累計  43.8分)
  iter 1018/2000: rollout平均ep報酬=   429.9 (エピソード数  6) policy_loss=-0.0451 value_loss=  60.726 entropy=-1.865 (この反復   2.3秒, 累計  43.9分)
  iter 1019/2000: rollout平均ep報酬=   532.1 (エピソード数  4) policy_loss=-0.0054 value_loss=  35.152 entropy=-1.857 (この反復   2.2秒, 累計  43.9分)
  iter 1020/2000: rollout平均ep報酬=   157.7 (エピソード数 13) policy_loss=-0.0147 value_loss=  35.662 entropy=-1.852 (この反復   2.5秒, 累計  44.0分)
    → 決定的方策の評価: best_reward候補 = 591.0 (これまでのベスト = 1164.7)
  [checkpoint] これまでのベスト重みを ev3way_w1.npy/ev3way_w2.npy に中間保存しました
  iter 1021/2000: rollout平均ep報酬=   258.5 (エピソード数  7) policy_loss=-0.0559 value_loss=  54.540 entropy=-1.855 (この反復   2.2秒, 累計  44.0分)
  iter 1022/2000: rollout平均ep報酬=   268.4 (エピソード数  8) policy_loss=-0.0043 value_loss=  31.009 entropy=-1.869 (この反復   2.2秒, 累計  44.1分)
  iter 1023/2000: rollout平均ep報酬=   310.7 (エピソード数  7) policy_loss=+0.0068 value_loss=  31.371 entropy=-1.879 (この反復   2.4秒, 累計  44.1分)
  iter 1024/2000: rollout平均ep報酬=    58.4 (エピソード数 15) policy_loss=-0.0476 value_loss=  86.859 entropy=-1.889 (この反復   2.2秒, 累計  44.1分)
  iter 1025/2000: rollout平均ep報酬=    33.5 (エピソード数 18) policy_loss=-0.0138 value_loss=  86.085 entropy=-1.888 (この反復   2.4秒, 累計  44.2分)
    → 決定的方策の評価: best_reward候補 = 608.5 (これまでのベスト = 1164.7)
  iter 1026/2000: rollout平均ep報酬=   206.0 (エピソード数 10) policy_loss=-0.0079 value_loss=  18.921 entropy=-1.885 (この反復   2.4秒, 累計  44.2分)
  iter 1027/2000: rollout平均ep報酬=   217.8 (エピソード数 10) policy_loss=-0.0463 value_loss=  82.809 entropy=-1.887 (この反復   2.5秒, 累計  44.3分)
  iter 1028/2000: rollout平均ep報酬=   320.4 (エピソード数  8) policy_loss=-0.0281 value_loss=  20.365 entropy=-1.889 (この反復   2.6秒, 累計  44.3分)
  iter 1029/2000: rollout平均ep報酬=   280.9 (エピソード数  8) policy_loss=-0.0171 value_loss=  20.972 entropy=-1.880 (この反復   2.4秒, 累計  44.4分)
  iter 1030/2000: rollout平均ep報酬=   392.8 (エピソード数  7) policy_loss=+0.0163 value_loss=  87.636 entropy=-1.859 (この反復   2.5秒, 累計  44.4分)
    → 決定的方策の評価: best_reward候補 = 825.3 (これまでのベスト = 1164.7)
  [checkpoint] これまでのベスト重みを ev3way_w1.npy/ev3way_w2.npy に中間保存しました
  iter 1031/2000: rollout平均ep報酬=    95.7 (エピソード数 14) policy_loss=+0.0710 value_loss= 129.143 entropy=-1.851 (この反復   2.4秒, 累計  44.5分)
  iter 1032/2000: rollout平均ep報酬=   217.5 (エピソード数  8) policy_loss=+0.0019 value_loss=  64.050 entropy=-1.853 (この反復   2.4秒, 累計  44.5分)
  iter 1033/2000: rollout平均ep報酬=   111.3 (エピソード数 14) policy_loss=-0.0324 value_loss=  31.692 entropy=-1.847 (この反復   2.4秒, 累計  44.6分)
  iter 1034/2000: rollout平均ep報酬=   447.2 (エピソード数  6) policy_loss=-0.0251 value_loss=  30.132 entropy=-1.853 (この反復   2.3秒, 累計  44.6分)
  iter 1035/2000: rollout平均ep報酬=   194.4 (エピソード数  8) policy_loss=-0.0300 value_loss=  23.083 entropy=-1.864 (この反復   2.1秒, 累計  44.6分)
    → 決定的方策の評価: best_reward候補 = 613.1 (これまでのベスト = 1164.7)
  iter 1036/2000: rollout平均ep報酬=   177.1 (エピソード数 11) policy_loss=-0.0246 value_loss=  73.881 entropy=-1.863 (この反復   2.5秒, 累計  44.7分)
  iter 1037/2000: rollout平均ep報酬=   519.8 (エピソード数  5) policy_loss=+0.0031 value_loss=  52.183 entropy=-1.867 (この反復   2.4秒, 累計  44.8分)
  iter 1038/2000: rollout平均ep報酬=   277.0 (エピソード数  9) policy_loss=+0.0708 value_loss= 220.469 entropy=-1.869 (この反復   2.3秒, 累計  44.8分)
  iter 1039/2000: rollout平均ep報酬=    45.5 (エピソード数 14) policy_loss=-0.0166 value_loss=  54.186 entropy=-1.867 (この反復   2.2秒, 累計  44.8分)
  iter 1040/2000: rollout平均ep報酬=   458.7 (エピソード数  6) policy_loss=-0.0719 value_loss=   2.224 entropy=-1.857 (この反復   2.5秒, 累計  44.9分)
    → 決定的方策の評価: best_reward候補 = 626.9 (これまでのベスト = 1164.7)
  [checkpoint] これまでのベスト重みを ev3way_w1.npy/ev3way_w2.npy に中間保存しました
  iter 1041/2000: rollout平均ep報酬=   272.6 (エピソード数  9) policy_loss=+0.0367 value_loss= 151.916 entropy=-1.851 (この反復   2.4秒, 累計  44.9分)
  iter 1042/2000: rollout平均ep報酬=    96.1 (エピソード数  9) policy_loss=-0.0328 value_loss=  37.025 entropy=-1.853 (この反復   2.3秒, 累計  45.0分)
  iter 1043/2000: rollout平均ep報酬=   805.1 (エピソード数  4) policy_loss=-0.0869 value_loss=   1.948 entropy=-1.898 (この反復   2.3秒, 累計  45.0分)
  iter 1044/2000: rollout平均ep報酬=   201.2 (エピソード数  7) policy_loss=+0.0636 value_loss=  65.374 entropy=-1.896 (この反復   2.2秒, 累計  45.1分)
  iter 1045/2000: rollout平均ep報酬=   602.1 (エピソード数  5) policy_loss=+0.0377 value_loss=  45.635 entropy=-1.898 (この反復   2.3秒, 累計  45.1分)
    → 決定的方策の評価: best_reward候補 = 600.9 (これまでのベスト = 1164.7)
  iter 1046/2000: rollout平均ep報酬=   365.6 (エピソード数  7) policy_loss=-0.0438 value_loss=  20.219 entropy=-1.903 (この反復   2.4秒, 累計  45.2分)
  iter 1047/2000: rollout平均ep報酬=   181.0 (エピソード数 12) policy_loss=-0.0519 value_loss=  61.543 entropy=-1.903 (この反復   2.3秒, 累計  45.2分)
  iter 1048/2000: rollout平均ep報酬=   414.6 (エピソード数  7) policy_loss=+0.0040 value_loss=  21.220 entropy=-1.900 (この反復   2.5秒, 累計  45.2分)
  iter 1049/2000: rollout平均ep報酬=   241.2 (エピソード数  9) policy_loss=+0.0031 value_loss=  61.605 entropy=-1.898 (この反復   2.3秒, 累計  45.3分)
  iter 1050/2000: rollout平均ep報酬=   307.1 (エピソード数  7) policy_loss=-0.0085 value_loss=  32.358 entropy=-1.900 (この反復   2.4秒, 累計  45.3分)
    → 決定的方策の評価: best_reward候補 = 607.0 (これまでのベスト = 1164.7)
  [checkpoint] これまでのベスト重みを ev3way_w1.npy/ev3way_w2.npy に中間保存しました
  iter 1051/2000: rollout平均ep報酬=   399.6 (エピソード数  6) policy_loss=-0.0196 value_loss=  49.963 entropy=-1.899 (この反復   2.2秒, 累計  45.4分)
  iter 1052/2000: rollout平均ep報酬=   485.8 (エピソード数  6) policy_loss=-0.0548 value_loss=   5.827 entropy=-1.897 (この反復   2.3秒, 累計  45.4分)
  iter 1053/2000: rollout平均ep報酬=   128.5 (エピソード数 11) policy_loss=+0.0455 value_loss=  73.154 entropy=-1.898 (この反復   2.4秒, 累計  45.5分)
  iter 1054/2000: rollout平均ep報酬=   283.3 (エピソード数  8) policy_loss=-0.0939 value_loss=  32.473 entropy=-1.904 (この反復   2.4秒, 累計  45.5分)
  iter 1055/2000: rollout平均ep報酬=   141.9 (エピソード数 14) policy_loss=+0.0376 value_loss= 167.546 entropy=-1.900 (この反復   2.4秒, 累計  45.5分)
    → 決定的方策の評価: best_reward候補 = 636.0 (これまでのベスト = 1164.7)
  iter 1056/2000: rollout平均ep報酬=   447.3 (エピソード数  6) policy_loss=+0.0308 value_loss=  49.920 entropy=-1.899 (この反復   2.5秒, 累計  45.6分)
  iter 1057/2000: rollout平均ep報酬=   778.5 (エピソード数  4) policy_loss=-0.0075 value_loss=  20.574 entropy=-1.890 (この反復   2.4秒, 累計  45.7分)
  iter 1058/2000: rollout平均ep報酬=   566.3 (エピソード数  5) policy_loss=-0.0099 value_loss=  41.890 entropy=-1.876 (この反復   2.4秒, 累計  45.7分)
  iter 1059/2000: rollout平均ep報酬=   207.6 (エピソード数 10) policy_loss=-0.0656 value_loss=  38.856 entropy=-1.880 (この反復   2.5秒, 累計  45.7分)
  iter 1060/2000: rollout平均ep報酬=   425.7 (エピソード数  5) policy_loss=+0.0364 value_loss=  71.387 entropy=-1.882 (この反復   2.3秒, 累計  45.8分)
    → 決定的方策の評価: best_reward候補 = 573.4 (これまでのベスト = 1164.7)
  [checkpoint] これまでのベスト重みを ev3way_w1.npy/ev3way_w2.npy に中間保存しました
  iter 1061/2000: rollout平均ep報酬=   380.4 (エピソード数  7) policy_loss=-0.0250 value_loss=  39.967 entropy=-1.883 (この反復   2.4秒, 累計  45.9分)
  iter 1062/2000: rollout平均ep報酬=   128.5 (エピソード数 14) policy_loss=+0.0360 value_loss=  76.821 entropy=-1.886 (この反復   2.5秒, 累計  45.9分)
  iter 1063/2000: rollout平均ep報酬=   324.4 (エピソード数  6) policy_loss=+0.0021 value_loss=  63.827 entropy=-1.888 (この反復   2.3秒, 累計  45.9分)
  iter 1064/2000: rollout平均ep報酬=   360.8 (エピソード数  7) policy_loss=+0.1118 value_loss= 219.197 entropy=-1.883 (この反復   2.5秒, 累計  46.0分)
  iter 1065/2000: rollout平均ep報酬=   245.0 (エピソード数  8) policy_loss=-0.0753 value_loss=  49.831 entropy=-1.877 (この反復   2.4秒, 累計  46.0分)
    → 決定的方策の評価: best_reward候補 = 605.2 (これまでのベスト = 1164.7)
  iter 1066/2000: rollout平均ep報酬=   233.2 (エピソード数  9) policy_loss=+0.0004 value_loss= 113.116 entropy=-1.870 (この反復   2.4秒, 累計  46.1分)
  iter 1067/2000: rollout平均ep報酬=   816.4 (エピソード数  4) policy_loss=-0.0383 value_loss=   1.552 entropy=-1.912 (この反復   2.6秒, 累計  46.1分)
  iter 1068/2000: rollout平均ep報酬=   320.7 (エピソード数  6) policy_loss=+0.0739 value_loss=  71.592 entropy=-1.915 (この反復   2.3秒, 累計  46.2分)
  iter 1069/2000: rollout平均ep報酬=   106.5 (エピソード数 11) policy_loss=+0.0356 value_loss=  76.391 entropy=-1.914 (この反復   2.3秒, 累計  46.2分)
  iter 1070/2000: rollout平均ep報酬=   232.0 (エピソード数  8) policy_loss=+0.0023 value_loss=  54.087 entropy=-1.908 (この反復   2.2秒, 累計  46.2分)
    → 決定的方策の評価: best_reward候補 = 611.3 (これまでのベスト = 1164.7)
  [checkpoint] これまでのベスト重みを ev3way_w1.npy/ev3way_w2.npy に中間保存しました
  iter 1071/2000: rollout平均ep報酬=   124.7 (エピソード数 11) policy_loss=-0.0038 value_loss=  73.065 entropy=-1.906 (この反復   2.2秒, 累計  46.3分)
  iter 1072/2000: rollout平均ep報酬=   189.3 (エピソード数  9) policy_loss=+0.0203 value_loss= 138.562 entropy=-1.909 (この反復   2.5秒, 累計  46.4分)
  iter 1073/2000: rollout平均ep報酬=   731.8 (エピソード数  4) policy_loss=-0.0421 value_loss=  50.920 entropy=-1.914 (この反復   2.3秒, 累計  46.4分)
  iter 1074/2000: rollout平均ep報酬=   299.9 (エピソード数  8) policy_loss=-0.0804 value_loss=  17.430 entropy=-1.921 (この反復   2.3秒, 累計  46.4分)
  iter 1075/2000: rollout平均ep報酬=   435.8 (エピソード数  6) policy_loss=-0.0458 value_loss=  30.408 entropy=-1.919 (この反復   2.4秒, 累計  46.5分)
    → 決定的方策の評価: best_reward候補 = 595.2 (これまでのベスト = 1164.7)
  iter 1076/2000: rollout平均ep報酬=   280.2 (エピソード数  8) policy_loss=+0.0369 value_loss=  57.480 entropy=-1.931 (この反復   2.2秒, 累計  46.5分)
  iter 1077/2000: rollout平均ep報酬=   286.6 (エピソード数  8) policy_loss=-0.0231 value_loss=  31.102 entropy=-1.921 (この反復   2.5秒, 累計  46.6分)
  iter 1078/2000: rollout平均ep報酬=   212.7 (エピソード数  9) policy_loss=+0.1267 value_loss=  88.387 entropy=-1.919 (この反復   2.4秒, 累計  46.6分)
  iter 1079/2000: rollout平均ep報酬=   362.0 (エピソード数  5) policy_loss=-0.0870 value_loss=  27.889 entropy=-1.917 (この反復   2.2秒, 累計  46.7分)
  iter 1080/2000: rollout平均ep報酬=   463.9 (エピソード数  5) policy_loss=-0.0367 value_loss=  27.961 entropy=-1.914 (この反復   2.3秒, 累計  46.7分)
    → 決定的方策の評価: best_reward候補 = 623.0 (これまでのベスト = 1164.7)
  [checkpoint] これまでのベスト重みを ev3way_w1.npy/ev3way_w2.npy に中間保存しました
  iter 1081/2000: rollout平均ep報酬=   252.1 (エピソード数  6) policy_loss=+0.0233 value_loss=  74.882 entropy=-1.917 (この反復   2.1秒, 累計  46.8分)
  iter 1082/2000: rollout平均ep報酬=   896.9 (エピソード数  4) policy_loss=-0.0447 value_loss=  14.799 entropy=-1.930 (この反復   2.6秒, 累計  46.8分)
  iter 1083/2000: rollout平均ep報酬=   398.0 (エピソード数  7) policy_loss=-0.0596 value_loss=  11.807 entropy=-1.918 (この反復   2.5秒, 累計  46.8分)
  iter 1084/2000: rollout平均ep報酬=   237.4 (エピソード数 10) policy_loss=+0.0375 value_loss= 122.933 entropy=-1.921 (この反復   2.7秒, 累計  46.9分)
  iter 1085/2000: rollout平均ep報酬=   179.7 (エピソード数 11) policy_loss=-0.0373 value_loss=  40.481 entropy=-1.926 (この反復   2.4秒, 累計  46.9分)
    → 決定的方策の評価: best_reward候補 = 588.9 (これまでのベスト = 1164.7)
  iter 1086/2000: rollout平均ep報酬=   323.7 (エピソード数  8) policy_loss=+0.0537 value_loss= 125.501 entropy=-1.920 (この反復   2.7秒, 累計  47.0分)
  iter 1087/2000: rollout平均ep報酬=   451.8 (エピソード数  5) policy_loss=+0.0131 value_loss= 135.631 entropy=-1.919 (この反復   2.1秒, 累計  47.0分)
  iter 1088/2000: rollout平均ep報酬=   120.1 (エピソード数  9) policy_loss=-0.0134 value_loss=  60.065 entropy=-1.918 (この反復   2.4秒, 累計  47.1分)
  iter 1089/2000: rollout平均ep報酬=   248.7 (エピソード数  7) policy_loss=-0.0657 value_loss=  26.849 entropy=-1.920 (この反復   2.4秒, 累計  47.1分)
  iter 1090/2000: rollout平均ep報酬=   153.4 (エピソード数 10) policy_loss=-0.0852 value_loss=  30.205 entropy=-1.921 (この反復   2.3秒, 累計  47.1分)
    → 決定的方策の評価: best_reward候補 = 598.0 (これまでのベスト = 1164.7)
  [checkpoint] これまでのベスト重みを ev3way_w1.npy/ev3way_w2.npy に中間保存しました
  iter 1091/2000: rollout平均ep報酬=   132.0 (エピソード数  7) policy_loss=-0.0215 value_loss=  65.760 entropy=-1.917 (この反復   2.4秒, 累計  47.2分)
  iter 1092/2000: rollout平均ep報酬=   312.4 (エピソード数  7) policy_loss=+0.0942 value_loss=  72.858 entropy=-1.932 (この反復   2.2秒, 累計  47.3分)
  iter 1093/2000: rollout平均ep報酬=  1087.2 (エピソード数  4) policy_loss=-0.0493 value_loss=   3.526 entropy=-1.920 (この反復   2.5秒, 累計  47.3分)
  iter 1094/2000: rollout平均ep報酬=   205.8 (エピソード数 10) policy_loss=-0.0509 value_loss=  64.032 entropy=-1.918 (この反復   2.4秒, 累計  47.3分)
  iter 1095/2000: rollout平均ep報酬=   143.5 (エピソード数 13) policy_loss=+0.0815 value_loss=  91.347 entropy=-1.910 (この反復   2.5秒, 累計  47.4分)
    → 決定的方策の評価: best_reward候補 = 339.7 (これまでのベスト = 1164.7)
  iter 1096/2000: rollout平均ep報酬=   133.1 (エピソード数 13) policy_loss=-0.0464 value_loss=  93.338 entropy=-1.902 (この反復   2.3秒, 累計  47.4分)
  iter 1097/2000: rollout平均ep報酬=   701.9 (エピソード数  4) policy_loss=+0.0714 value_loss=  42.784 entropy=-1.907 (この反復   2.5秒, 累計  47.5分)
  iter 1098/2000: rollout平均ep報酬=   223.5 (エピソード数 10) policy_loss=-0.0379 value_loss=  36.038 entropy=-1.902 (この反復   2.4秒, 累計  47.5分)
  iter 1099/2000: rollout平均ep報酬=   164.4 (エピソード数 11) policy_loss=+0.0423 value_loss=  78.629 entropy=-1.902 (この反復   2.3秒, 累計  47.6分)
  iter 1100/2000: rollout平均ep報酬=   160.3 (エピソード数 12) policy_loss=+0.0836 value_loss=  99.219 entropy=-1.907 (この反復   2.3秒, 累計  47.6分)
    → 決定的方策の評価: best_reward候補 = 596.0 (これまでのベスト = 1164.7)
  [checkpoint] これまでのベスト重みを ev3way_w1.npy/ev3way_w2.npy に中間保存しました
  iter 1101/2000: rollout平均ep報酬=   206.2 (エピソード数 11) policy_loss=+0.0215 value_loss=  47.671 entropy=-1.909 (この反復   2.3秒, 累計  47.7分)
  iter 1102/2000: rollout平均ep報酬=   638.4 (エピソード数  5) policy_loss=-0.0349 value_loss=  16.468 entropy=-1.915 (この反復   2.5秒, 累計  47.7分)
  iter 1103/2000: rollout平均ep報酬=   408.4 (エピソード数  6) policy_loss=+0.0342 value_loss=  72.953 entropy=-1.909 (この反復   2.5秒, 累計  47.7分)
  iter 1104/2000: rollout平均ep報酬=   144.9 (エピソード数 14) policy_loss=-0.0858 value_loss=  18.583 entropy=-1.910 (この反復   2.4秒, 累計  47.8分)
  iter 1105/2000: rollout平均ep報酬=    91.7 (エピソード数 11) policy_loss=+0.0148 value_loss=  96.641 entropy=-1.911 (この反復   2.1秒, 累計  47.8分)
    → 決定的方策の評価: best_reward候補 = 611.7 (これまでのベスト = 1164.7)
  iter 1106/2000: rollout平均ep報酬=   265.3 (エピソード数  8) policy_loss=+0.1507 value_loss= 162.844 entropy=-1.905 (この反復   2.4秒, 累計  47.9分)
  iter 1107/2000: rollout平均ep報酬=   151.2 (エピソード数  8) policy_loss=+0.0814 value_loss= 176.976 entropy=-1.904 (この反復   2.2秒, 累計  47.9分)
  iter 1108/2000: rollout平均ep報酬=   130.0 (エピソード数 13) policy_loss=+0.0385 value_loss=  67.577 entropy=-1.886 (この反復   2.3秒, 累計  48.0分)
  iter 1109/2000: rollout平均ep報酬=   363.0 (エピソード数  6) policy_loss=-0.0229 value_loss=  30.199 entropy=-1.894 (この反復   2.3秒, 累計  48.0分)
  iter 1110/2000: rollout平均ep報酬=    68.7 (エピソード数 13) policy_loss=+0.0036 value_loss=  73.368 entropy=-1.897 (この反復   2.3秒, 累計  48.0分)
    → 決定的方策の評価: best_reward候補 = 622.1 (これまでのベスト = 1164.7)
  [checkpoint] これまでのベスト重みを ev3way_w1.npy/ev3way_w2.npy に中間保存しました
  iter 1111/2000: rollout平均ep報酬=   522.5 (エピソード数  6) policy_loss=-0.0634 value_loss=   8.141 entropy=-1.903 (この反復   2.7秒, 累計  48.1分)
  iter 1112/2000: rollout平均ep報酬=   133.3 (エピソード数 13) policy_loss=-0.0241 value_loss= 115.401 entropy=-1.911 (この反復   2.3秒, 累計  48.2分)
  iter 1113/2000: rollout平均ep報酬=   111.1 (エピソード数 14) policy_loss=-0.0439 value_loss=  61.159 entropy=-1.910 (この反復   2.5秒, 累計  48.2分)
  iter 1114/2000: rollout平均ep報酬=   299.4 (エピソード数  6) policy_loss=-0.0525 value_loss=  76.256 entropy=-1.908 (この反復   2.4秒, 累計  48.2分)
  iter 1115/2000: rollout平均ep報酬=    44.3 (エピソード数 17) policy_loss=-0.0086 value_loss=  52.293 entropy=-1.910 (この反復   2.3秒, 累計  48.3分)
    → 決定的方策の評価: best_reward候補 = 600.9 (これまでのベスト = 1164.7)
  iter 1116/2000: rollout平均ep報酬=   340.8 (エピソード数  8) policy_loss=+0.0647 value_loss= 144.781 entropy=-1.891 (この反復   2.5秒, 累計  48.3分)
  iter 1117/2000: rollout平均ep報酬=   219.1 (エピソード数 10) policy_loss=-0.0760 value_loss=  41.774 entropy=-1.890 (この反復   2.3秒, 累計  48.4分)
  iter 1118/2000: rollout平均ep報酬=    82.4 (エピソード数 16) policy_loss=+0.0018 value_loss=  37.903 entropy=-1.892 (この反復   2.4秒, 累計  48.4分)
  iter 1119/2000: rollout平均ep報酬=   128.2 (エピソード数 15) policy_loss=-0.0383 value_loss= 112.561 entropy=-1.893 (この反復   2.6秒, 累計  48.5分)
  iter 1120/2000: rollout平均ep報酬=   261.5 (エピソード数  8) policy_loss=-0.0235 value_loss=  37.583 entropy=-1.891 (この反復   2.5秒, 累計  48.5分)
    → 決定的方策の評価: best_reward候補 = 588.3 (これまでのベスト = 1164.7)
  [checkpoint] これまでのベスト重みを ev3way_w1.npy/ev3way_w2.npy に中間保存しました
  iter 1121/2000: rollout平均ep報酬=   294.5 (エピソード数  8) policy_loss=-0.0867 value_loss=  21.378 entropy=-1.879 (この反復   2.2秒, 累計  48.6分)
  iter 1122/2000: rollout平均ep報酬=   525.3 (エピソード数  6) policy_loss=+0.0366 value_loss=  54.346 entropy=-1.878 (この反復   2.4秒, 累計  48.6分)
  iter 1123/2000: rollout平均ep報酬=   627.6 (エピソード数  5) policy_loss=+0.0228 value_loss=  26.736 entropy=-1.874 (この反復   2.7秒, 累計  48.7分)
  iter 1124/2000: rollout平均ep報酬=   310.4 (エピソード数  9) policy_loss=-0.0207 value_loss=  62.902 entropy=-1.844 (この反復   2.5秒, 累計  48.7分)
  iter 1125/2000: rollout平均ep報酬=   361.9 (エピソード数  7) policy_loss=-0.0060 value_loss=  25.808 entropy=-1.840 (この反復   2.5秒, 累計  48.7分)
    → 決定的方策の評価: best_reward候補 = 610.0 (これまでのベスト = 1164.7)
  iter 1126/2000: rollout平均ep報酬=   300.9 (エピソード数  7) policy_loss=+0.0116 value_loss=  35.066 entropy=-1.844 (この反復   2.5秒, 累計  48.8分)
  iter 1127/2000: rollout平均ep報酬=   186.5 (エピソード数 11) policy_loss=+0.0712 value_loss= 123.034 entropy=-1.854 (この反復   2.3秒, 累計  48.8分)
  iter 1128/2000: rollout平均ep報酬=   501.4 (エピソード数  5) policy_loss=+0.0225 value_loss=  85.352 entropy=-1.843 (この反復   2.2秒, 累計  48.9分)
  iter 1129/2000: rollout平均ep報酬=   157.0 (エピソード数 11) policy_loss=-0.0079 value_loss=  82.602 entropy=-1.836 (この反復   2.3秒, 累計  48.9分)
  iter 1130/2000: rollout平均ep報酬=    75.9 (エピソード数 16) policy_loss=+0.0428 value_loss=  65.973 entropy=-1.827 (この反復   2.4秒, 累計  49.0分)
    → 決定的方策の評価: best_reward候補 = 600.2 (これまでのベスト = 1164.7)
  [checkpoint] これまでのベスト重みを ev3way_w1.npy/ev3way_w2.npy に中間保存しました
  iter 1131/2000: rollout平均ep報酬=   144.7 (エピソード数  9) policy_loss=-0.0061 value_loss=  83.903 entropy=-1.828 (この反復   2.1秒, 累計  49.0分)
  iter 1132/2000: rollout平均ep報酬=   140.7 (エピソード数 14) policy_loss=+0.0918 value_loss= 176.520 entropy=-1.818 (この反復   2.6秒, 累計  49.1分)
  iter 1133/2000: rollout平均ep報酬=   278.3 (エピソード数  8) policy_loss=-0.0308 value_loss=  43.775 entropy=-1.796 (この反復   2.1秒, 累計  49.1分)
  iter 1134/2000: rollout平均ep報酬=   154.9 (エピソード数 12) policy_loss=-0.0175 value_loss=  37.891 entropy=-1.804 (この反復   2.2秒, 累計  49.1分)
  iter 1135/2000: rollout平均ep報酬=   323.7 (エピソード数  7) policy_loss=+0.0360 value_loss=  79.273 entropy=-1.796 (この反復   2.3秒, 累計  49.2分)
    → 決定的方策の評価: best_reward候補 = 633.5 (これまでのベスト = 1164.7)
  iter 1136/2000: rollout平均ep報酬=   335.5 (エピソード数  7) policy_loss=-0.1152 value_loss=   8.606 entropy=-1.808 (この反復   2.2秒, 累計  49.3分)
  iter 1137/2000: rollout平均ep報酬=   311.5 (エピソード数  7) policy_loss=-0.0237 value_loss=  34.739 entropy=-1.832 (この反復   2.4秒, 累計  49.3分)
  iter 1138/2000: rollout平均ep報酬=   160.5 (エピソード数 10) policy_loss=+0.0081 value_loss=  63.153 entropy=-1.838 (この反復   2.2秒, 累計  49.3分)
  iter 1139/2000: rollout平均ep報酬=    75.6 (エピソード数 11) policy_loss=+0.0826 value_loss= 103.040 entropy=-1.841 (この反復   2.2秒, 累計  49.4分)
  iter 1140/2000: rollout平均ep報酬=   180.1 (エピソード数  8) policy_loss=+0.0041 value_loss=  47.760 entropy=-1.837 (この反復   2.2秒, 累計  49.4分)
    → 決定的方策の評価: best_reward候補 = 632.7 (これまでのベスト = 1164.7)
  [checkpoint] これまでのベスト重みを ev3way_w1.npy/ev3way_w2.npy に中間保存しました
  iter 1141/2000: rollout平均ep報酬=   387.5 (エピソード数  6) policy_loss=+0.1124 value_loss= 124.954 entropy=-1.837 (この反復   2.1秒, 累計  49.5分)
  iter 1142/2000: rollout平均ep報酬=   115.3 (エピソード数  8) policy_loss=-0.0461 value_loss=  43.482 entropy=-1.838 (この反復   2.2秒, 累計  49.5分)
  iter 1143/2000: rollout平均ep報酬=   355.1 (エピソード数  7) policy_loss=-0.0256 value_loss=  64.830 entropy=-1.826 (この反復   2.1秒, 累計  49.5分)
  iter 1144/2000: rollout平均ep報酬=   303.8 (エピソード数  7) policy_loss=+0.0323 value_loss=  54.316 entropy=-1.817 (この反復   2.2秒, 累計  49.6分)
  iter 1145/2000: rollout平均ep報酬=   180.7 (エピソード数  8) policy_loss=-0.0518 value_loss=  37.627 entropy=-1.814 (この反復   2.4秒, 累計  49.6分)
    → 決定的方策の評価: best_reward候補 = 862.3 (これまでのベスト = 1164.7)
  iter 1146/2000: rollout平均ep報酬=   769.5 (エピソード数  4) policy_loss=-0.0032 value_loss=  20.781 entropy=-1.823 (この反復   2.4秒, 累計  49.7分)
  iter 1147/2000: rollout平均ep報酬=   331.2 (エピソード数  7) policy_loss=+0.0207 value_loss=  98.028 entropy=-1.815 (この反復   2.3秒, 累計  49.7分)
  iter 1148/2000: rollout平均ep報酬=   476.3 (エピソード数  6) policy_loss=+0.0241 value_loss=  20.269 entropy=-1.801 (この反復   2.4秒, 累計  49.8分)
  iter 1149/2000: rollout平均ep報酬=    12.7 (エピソード数 17) policy_loss=+0.0929 value_loss= 163.878 entropy=-1.798 (この反復   2.4秒, 累計  49.8分)
  iter 1150/2000: rollout平均ep報酬=   389.7 (エピソード数  7) policy_loss=+0.0044 value_loss= 176.900 entropy=-1.801 (この反復   2.2秒, 累計  49.8分)
    → 決定的方策の評価: best_reward候補 = 634.2 (これまでのベスト = 1164.7)
  [checkpoint] これまでのベスト重みを ev3way_w1.npy/ev3way_w2.npy に中間保存しました
  iter 1151/2000: rollout平均ep報酬=   143.2 (エピソード数 12) policy_loss=-0.0541 value_loss=  31.875 entropy=-1.802 (この反復   2.3秒, 累計  49.9分)
  iter 1152/2000: rollout平均ep報酬=   184.4 (エピソード数 10) policy_loss=-0.0720 value_loss=  41.841 entropy=-1.802 (この反復   2.3秒, 累計  50.0分)
  iter 1153/2000: rollout平均ep報酬=   307.9 (エピソード数  7) policy_loss=+0.0171 value_loss=  84.007 entropy=-1.806 (この反復   2.3秒, 累計  50.0分)
  iter 1154/2000: rollout平均ep報酬=   631.9 (エピソード数  4) policy_loss=+0.0533 value_loss=  52.197 entropy=-1.794 (この反復   2.3秒, 累計  50.0分)
  iter 1155/2000: rollout平均ep報酬=   392.0 (エピソード数  6) policy_loss=-0.0015 value_loss=  30.628 entropy=-1.799 (この反復   2.5秒, 累計  50.1分)
    → 決定的方策の評価: best_reward候補 = 605.9 (これまでのベスト = 1164.7)
  iter 1156/2000: rollout平均ep報酬=   321.3 (エピソード数  6) policy_loss=-0.0570 value_loss=  21.384 entropy=-1.803 (この反復   2.1秒, 累計  50.1分)
  iter 1157/2000: rollout平均ep報酬=    85.7 (エピソード数 17) policy_loss=-0.0281 value_loss=  47.204 entropy=-1.800 (この反復   2.4秒, 累計  50.2分)
  iter 1158/2000: rollout平均ep報酬=   457.3 (エピソード数  6) policy_loss=-0.0088 value_loss=  54.143 entropy=-1.789 (この反復   2.5秒, 累計  50.2分)
  iter 1159/2000: rollout平均ep報酬=   392.7 (エピソード数  7) policy_loss=+0.1440 value_loss= 179.237 entropy=-1.788 (この反復   2.6秒, 累計  50.3分)
  iter 1160/2000: rollout平均ep報酬=   256.2 (エピソード数  9) policy_loss=+0.0195 value_loss=  60.578 entropy=-1.768 (この反復   2.6秒, 累計  50.3分)
    → 決定的方策の評価: best_reward候補 = 613.7 (これまでのベスト = 1164.7)
  [checkpoint] これまでのベスト重みを ev3way_w1.npy/ev3way_w2.npy に中間保存しました
  iter 1161/2000: rollout平均ep報酬=   145.9 (エピソード数 12) policy_loss=+0.0742 value_loss=  59.816 entropy=-1.772 (この反復   2.2秒, 累計  50.4分)
  iter 1162/2000: rollout平均ep報酬=   412.9 (エピソード数  6) policy_loss=+0.0226 value_loss= 126.290 entropy=-1.769 (この反復   2.3秒, 累計  50.4分)
  iter 1163/2000: rollout平均ep報酬=   309.2 (エピソード数  7) policy_loss=-0.0314 value_loss=  48.315 entropy=-1.773 (この反復   2.4秒, 累計  50.4分)
  iter 1164/2000: rollout平均ep報酬=    48.5 (エピソード数 14) policy_loss=+0.0239 value_loss= 128.503 entropy=-1.771 (この反復   2.2秒, 累計  50.5分)
  iter 1165/2000: rollout平均ep報酬=   346.1 (エピソード数  7) policy_loss=-0.0351 value_loss=  67.688 entropy=-1.771 (この反復   2.2秒, 累計  50.5分)
    → 決定的方策の評価: best_reward候補 = 600.4 (これまでのベスト = 1164.7)
  iter 1166/2000: rollout平均ep報酬=   419.0 (エピソード数  6) policy_loss=-0.0012 value_loss=  45.592 entropy=-1.771 (この反復   2.5秒, 累計  50.6分)
  iter 1167/2000: rollout平均ep報酬=    79.0 (エピソード数 14) policy_loss=-0.0051 value_loss=  89.229 entropy=-1.764 (この反復   2.3秒, 累計  50.6分)
  iter 1168/2000: rollout平均ep報酬=   119.2 (エピソード数 13) policy_loss=+0.0561 value_loss=  91.282 entropy=-1.754 (この反復   2.3秒, 累計  50.7分)
  iter 1169/2000: rollout平均ep報酬=   134.1 (エピソード数 10) policy_loss=+0.0657 value_loss=  63.383 entropy=-1.766 (この反復   2.4秒, 累計  50.7分)
  iter 1170/2000: rollout平均ep報酬=   183.7 (エピソード数 11) policy_loss=+0.0215 value_loss=  95.736 entropy=-1.767 (この反復   2.4秒, 累計  50.7分)
    → 決定的方策の評価: best_reward候補 = 620.9 (これまでのベスト = 1164.7)
  [checkpoint] これまでのベスト重みを ev3way_w1.npy/ev3way_w2.npy に中間保存しました
  iter 1171/2000: rollout平均ep報酬=   223.1 (エピソード数  9) policy_loss=-0.0414 value_loss=  71.494 entropy=-1.758 (この反復   2.3秒, 累計  50.8分)
  iter 1172/2000: rollout平均ep報酬=   162.5 (エピソード数 10) policy_loss=-0.0827 value_loss=  46.132 entropy=-1.752 (この反復   2.2秒, 累計  50.8分)
  iter 1173/2000: rollout平均ep報酬=   114.2 (エピソード数  9) policy_loss=-0.0081 value_loss=  80.185 entropy=-1.747 (この反復   2.2秒, 累計  50.9分)
  iter 1174/2000: rollout平均ep報酬=   285.6 (エピソード数  6) policy_loss=+0.0258 value_loss=  60.910 entropy=-1.756 (この反復   2.2秒, 累計  50.9分)
  iter 1175/2000: rollout平均ep報酬=   734.8 (エピソード数  4) policy_loss=-0.0138 value_loss=  13.322 entropy=-1.769 (この反復   2.2秒, 累計  51.0分)
    → 決定的方策の評価: best_reward候補 = 605.7 (これまでのベスト = 1164.7)
  iter 1176/2000: rollout平均ep報酬=   128.7 (エピソード数 12) policy_loss=+0.0646 value_loss= 114.473 entropy=-1.773 (この反復   2.4秒, 累計  51.0分)
  iter 1177/2000: rollout平均ep報酬=   659.9 (エピソード数  4) policy_loss=-0.0124 value_loss=  12.154 entropy=-1.806 (この反復   2.4秒, 累計  51.1分)
  iter 1178/2000: rollout平均ep報酬=   176.2 (エピソード数  9) policy_loss=-0.0215 value_loss=  64.936 entropy=-1.803 (この反復   2.3秒, 累計  51.1分)
  iter 1179/2000: rollout平均ep報酬=   231.7 (エピソード数 10) policy_loss=-0.0417 value_loss=  79.952 entropy=-1.807 (この反復   2.4秒, 累計  51.1分)
  iter 1180/2000: rollout平均ep報酬=   431.6 (エピソード数  7) policy_loss=-0.0064 value_loss=  66.172 entropy=-1.802 (この反復   2.8秒, 累計  51.2分)
    → 決定的方策の評価: best_reward候補 = 590.7 (これまでのベスト = 1164.7)
  [checkpoint] これまでのベスト重みを ev3way_w1.npy/ev3way_w2.npy に中間保存しました
  iter 1181/2000: rollout平均ep報酬=   111.4 (エピソード数 10) policy_loss=-0.0045 value_loss=  44.174 entropy=-1.801 (この反復   2.3秒, 累計  51.3分)
  iter 1182/2000: rollout平均ep報酬=   115.2 (エピソード数 13) policy_loss=+0.0932 value_loss= 163.995 entropy=-1.791 (この反復   2.3秒, 累計  51.3分)
  iter 1183/2000: rollout平均ep報酬=   192.2 (エピソード数  9) policy_loss=-0.0240 value_loss=  56.883 entropy=-1.785 (この反復   2.5秒, 累計  51.3分)
  iter 1184/2000: rollout平均ep報酬=   250.3 (エピソード数  7) policy_loss=-0.0383 value_loss=  45.441 entropy=-1.782 (この反復   2.2秒, 累計  51.4分)
  iter 1185/2000: rollout平均ep報酬=   770.6 (エピソード数  4) policy_loss=-0.0750 value_loss=  16.507 entropy=-1.787 (この反復   2.4秒, 累計  51.4分)
    → 決定的方策の評価: best_reward候補 = 618.4 (これまでのベスト = 1164.7)
  iter 1186/2000: rollout平均ep報酬=   273.0 (エピソード数  6) policy_loss=-0.0037 value_loss=  54.023 entropy=-1.786 (この反復   2.2秒, 累計  51.5分)
  iter 1187/2000: rollout平均ep報酬=   193.8 (エピソード数  9) policy_loss=+0.0429 value_loss=  45.199 entropy=-1.783 (この反復   2.3秒, 累計  51.5分)
  iter 1188/2000: rollout平均ep報酬=   598.0 (エピソード数  4) policy_loss=+0.0278 value_loss=  29.458 entropy=-1.782 (この反復   2.4秒, 累計  51.6分)
  iter 1189/2000: rollout平均ep報酬=   420.0 (エピソード数  7) policy_loss=+0.0828 value_loss= 104.917 entropy=-1.771 (この反復   2.6秒, 累計  51.6分)
  iter 1190/2000: rollout平均ep報酬=    93.5 (エピソード数 11) policy_loss=-0.0076 value_loss=  39.318 entropy=-1.795 (この反復   2.2秒, 累計  51.6分)
    → 決定的方策の評価: best_reward候補 = 617.3 (これまでのベスト = 1164.7)
  [checkpoint] これまでのベスト重みを ev3way_w1.npy/ev3way_w2.npy に中間保存しました
  iter 1191/2000: rollout平均ep報酬=   235.2 (エピソード数  7) policy_loss=-0.1280 value_loss=   6.811 entropy=-1.816 (この反復   2.2秒, 累計  51.7分)
  iter 1192/2000: rollout平均ep報酬=   184.8 (エピソード数 11) policy_loss=-0.0306 value_loss=  46.987 entropy=-1.817 (この反復   2.3秒, 累計  51.7分)
  iter 1193/2000: rollout平均ep報酬=   184.6 (エピソード数 12) policy_loss=-0.0290 value_loss=  33.932 entropy=-1.814 (この反復   2.3秒, 累計  51.8分)
  iter 1194/2000: rollout平均ep報酬=   208.9 (エピソード数 11) policy_loss=-0.0542 value_loss=  16.087 entropy=-1.809 (この反復   2.2秒, 累計  51.8分)
  iter 1195/2000: rollout平均ep報酬=   245.1 (エピソード数  9) policy_loss=-0.0469 value_loss=  59.244 entropy=-1.812 (この反復   2.1秒, 累計  51.8分)
    → 決定的方策の評価: best_reward候補 = 613.7 (これまでのベスト = 1164.7)
  iter 1196/2000: rollout平均ep報酬=   250.5 (エピソード数  9) policy_loss=-0.0058 value_loss=  43.888 entropy=-1.810 (この反復   2.2秒, 累計  51.9分)
  iter 1197/2000: rollout平均ep報酬=   144.4 (エピソード数 10) policy_loss=-0.0371 value_loss=  62.938 entropy=-1.810 (この反復   2.2秒, 累計  51.9分)
  iter 1198/2000: rollout平均ep報酬=   748.3 (エピソード数  4) policy_loss=+0.0423 value_loss=  48.469 entropy=-1.817 (この反復   2.3秒, 累計  52.0分)
  iter 1199/2000: rollout平均ep報酬=   658.7 (エピソード数  4) policy_loss=+0.0170 value_loss=  45.327 entropy=-1.822 (この反復   2.7秒, 累計  52.0分)
  iter 1200/2000: rollout平均ep報酬=   122.6 (エピソード数 15) policy_loss=+0.0855 value_loss= 151.122 entropy=-1.820 (この反復   2.4秒, 累計  52.1分)
    → 決定的方策の評価: best_reward候補 = 872.9 (これまでのベスト = 1164.7)
  [checkpoint] これまでのベスト重みを ev3way_w1.npy/ev3way_w2.npy に中間保存しました
  iter 1201/2000: rollout平均ep報酬=   351.4 (エピソード数  7) policy_loss=-0.0270 value_loss= 128.531 entropy=-1.819 (この反復   2.5秒, 累計  52.2分)
  iter 1202/2000: rollout平均ep報酬=   182.5 (エピソード数  8) policy_loss=+0.0392 value_loss= 193.865 entropy=-1.821 (この反復   2.2秒, 累計  52.2分)
  iter 1203/2000: rollout平均ep報酬=     9.1 (エピソード数 21) policy_loss=+0.0031 value_loss=  96.026 entropy=-1.808 (この反復   2.3秒, 累計  52.2分)
  iter 1204/2000: rollout平均ep報酬=   886.8 (エピソード数  4) policy_loss=-0.0152 value_loss=  33.372 entropy=-1.819 (この反復   2.2秒, 累計  52.3分)
  iter 1205/2000: rollout平均ep報酬=   699.3 (エピソード数  4) policy_loss=+0.0174 value_loss=  68.812 entropy=-1.811 (この反復   2.3秒, 累計  52.3分)
    → 決定的方策の評価: best_reward候補 = 667.5 (これまでのベスト = 1164.7)
  iter 1206/2000: rollout平均ep報酬=   367.0 (エピソード数  6) policy_loss=-0.0013 value_loss=  56.277 entropy=-1.806 (この反復   2.3秒, 累計  52.4分)
  iter 1207/2000: rollout平均ep報酬=    16.1 (エピソード数 18) policy_loss=-0.0109 value_loss=  73.905 entropy=-1.811 (この反復   2.1秒, 累計  52.4分)
  iter 1208/2000: rollout平均ep報酬=   201.2 (エピソード数  9) policy_loss=+0.0512 value_loss= 159.156 entropy=-1.799 (この反復   2.3秒, 累計  52.4分)
  iter 1209/2000: rollout平均ep報酬=    66.0 (エピソード数  8) policy_loss=-0.0631 value_loss=  64.350 entropy=-1.812 (この反復   2.2秒, 累計  52.5分)
  iter 1210/2000: rollout平均ep報酬=   355.7 (エピソード数  7) policy_loss=-0.0199 value_loss=  31.031 entropy=-1.833 (この反復   2.4秒, 累計  52.5分)
    → 決定的方策の評価: best_reward候補 = 624.2 (これまでのベスト = 1164.7)
  [checkpoint] これまでのベスト重みを ev3way_w1.npy/ev3way_w2.npy に中間保存しました
  iter 1211/2000: rollout平均ep報酬=   303.1 (エピソード数  7) policy_loss=-0.1430 value_loss=  13.255 entropy=-1.842 (この反復   2.4秒, 累計  52.6分)
  iter 1212/2000: rollout平均ep報酬=   111.2 (エピソード数 10) policy_loss=-0.0400 value_loss=  28.670 entropy=-1.845 (この反復   2.4秒, 累計  52.6分)
  iter 1213/2000: rollout平均ep報酬=   286.0 (エピソード数  6) policy_loss=+0.0346 value_loss=  75.998 entropy=-1.852 (この反復   2.3秒, 累計  52.7分)
  iter 1214/2000: rollout平均ep報酬=   584.2 (エピソード数  5) policy_loss=-0.0701 value_loss=  48.236 entropy=-1.835 (この反復   2.3秒, 累計  52.7分)
  iter 1215/2000: rollout平均ep報酬=   449.2 (エピソード数  6) policy_loss=+0.0176 value_loss=  97.724 entropy=-1.850 (この反復   2.3秒, 累計  52.7分)
    → 決定的方策の評価: best_reward候補 = 624.0 (これまでのベスト = 1164.7)
  iter 1216/2000: rollout平均ep報酬=   238.9 (エピソード数 11) policy_loss=-0.0021 value_loss=  67.064 entropy=-1.846 (この反復   2.5秒, 累計  52.8分)
  iter 1217/2000: rollout平均ep報酬=   138.5 (エピソード数 11) policy_loss=+0.1406 value_loss=  81.901 entropy=-1.844 (この反復   2.4秒, 累計  52.9分)
  iter 1218/2000: rollout平均ep報酬=  1059.6 (エピソード数  4) policy_loss=-0.0395 value_loss=  13.438 entropy=-1.869 (この反復   2.4秒, 累計  52.9分)
  iter 1219/2000: rollout平均ep報酬=   157.4 (エピソード数 10) policy_loss=-0.0674 value_loss=  23.662 entropy=-1.868 (この反復   2.3秒, 累計  52.9分)
  iter 1220/2000: rollout平均ep報酬=   215.9 (エピソード数 11) policy_loss=-0.0328 value_loss=  50.175 entropy=-1.859 (この反復   2.3秒, 累計  53.0分)
    → 決定的方策の評価: best_reward候補 = 628.1 (これまでのベスト = 1164.7)
  [checkpoint] これまでのベスト重みを ev3way_w1.npy/ev3way_w2.npy に中間保存しました
  iter 1221/2000: rollout平均ep報酬=   329.4 (エピソード数  7) policy_loss=+0.0815 value_loss=  98.851 entropy=-1.853 (この反復   2.5秒, 累計  53.0分)
  iter 1222/2000: rollout平均ep報酬=   102.1 (エピソード数 12) policy_loss=-0.0775 value_loss=  54.155 entropy=-1.864 (この反復   2.2秒, 累計  53.1分)
  iter 1223/2000: rollout平均ep報酬=   226.1 (エピソード数  9) policy_loss=+0.0763 value_loss=  74.927 entropy=-1.883 (この反復   2.2秒, 累計  53.1分)
  iter 1224/2000: rollout平均ep報酬=    11.6 (エピソード数 27) policy_loss=+0.0158 value_loss= 164.395 entropy=-1.889 (この反復   2.3秒, 累計  53.2分)
  iter 1225/2000: rollout平均ep報酬=   194.1 (エピソード数 12) policy_loss=-0.0784 value_loss=  55.742 entropy=-1.886 (この反復   2.5秒, 累計  53.2分)
    → 決定的方策の評価: best_reward候補 = 615.1 (これまでのベスト = 1164.7)
  iter 1226/2000: rollout平均ep報酬=   298.3 (エピソード数  8) policy_loss=-0.0402 value_loss=  41.161 entropy=-1.883 (この反復   2.3秒, 累計  53.3分)
  iter 1227/2000: rollout平均ep報酬=   106.4 (エピソード数 12) policy_loss=+0.0180 value_loss=  62.572 entropy=-1.888 (この反復   2.3秒, 累計  53.3分)
  iter 1228/2000: rollout平均ep報酬=   405.7 (エピソード数  6) policy_loss=+0.0533 value_loss=  57.231 entropy=-1.891 (この反復   2.3秒, 累計  53.3分)
  iter 1229/2000: rollout平均ep報酬=   273.9 (エピソード数  9) policy_loss=-0.0306 value_loss=  25.465 entropy=-1.883 (この反復   2.3秒, 累計  53.4分)
  iter 1230/2000: rollout平均ep報酬=    72.3 (エピソード数 20) policy_loss=+0.0072 value_loss=  83.162 entropy=-1.876 (この反復   2.7秒, 累計  53.4分)
    → 決定的方策の評価: best_reward候補 = 623.9 (これまでのベスト = 1164.7)
  [checkpoint] これまでのベスト重みを ev3way_w1.npy/ev3way_w2.npy に中間保存しました
  iter 1231/2000: rollout平均ep報酬=   491.7 (エピソード数  5) policy_loss=-0.0936 value_loss=  30.153 entropy=-1.876 (この反復   2.3秒, 累計  53.5分)
  iter 1232/2000: rollout平均ep報酬=   244.6 (エピソード数  8) policy_loss=-0.1035 value_loss=   7.684 entropy=-1.877 (この反復   2.3秒, 累計  53.5分)
  iter 1233/2000: rollout平均ep報酬=    60.8 (エピソード数 15) policy_loss=+0.0079 value_loss=  50.129 entropy=-1.882 (この反復   2.2秒, 累計  53.6分)
  iter 1234/2000: rollout平均ep報酬=   446.9 (エピソード数  7) policy_loss=+0.0113 value_loss=  88.864 entropy=-1.879 (この反復   2.5秒, 累計  53.6分)
  iter 1235/2000: rollout平均ep報酬=   373.4 (エピソード数  6) policy_loss=+0.0534 value_loss=  60.777 entropy=-1.888 (この反復   2.3秒, 累計  53.6分)
    → 決定的方策の評価: best_reward候補 = 865.9 (これまでのベスト = 1164.7)
  iter 1236/2000: rollout平均ep報酬=   138.9 (エピソード数 12) policy_loss=+0.0578 value_loss= 118.730 entropy=-1.888 (この反復   2.4秒, 累計  53.7分)
  iter 1237/2000: rollout平均ep報酬=   222.5 (エピソード数  8) policy_loss=-0.0155 value_loss=  23.473 entropy=-1.877 (この反復   2.5秒, 累計  53.8分)
  iter 1238/2000: rollout平均ep報酬=   374.3 (エピソード数  7) policy_loss=-0.0429 value_loss=  32.085 entropy=-1.891 (この反復   2.3秒, 累計  53.8分)
  iter 1239/2000: rollout平均ep報酬=   166.4 (エピソード数 12) policy_loss=-0.0418 value_loss=  49.829 entropy=-1.877 (この反復   2.2秒, 累計  53.8分)
  iter 1240/2000: rollout平均ep報酬=   172.9 (エピソード数 10) policy_loss=-0.0150 value_loss=  47.507 entropy=-1.876 (この反復   2.3秒, 累計  53.9分)
    → 決定的方策の評価: best_reward候補 = 635.6 (これまでのベスト = 1164.7)
  [checkpoint] これまでのベスト重みを ev3way_w1.npy/ev3way_w2.npy に中間保存しました
  iter 1241/2000: rollout平均ep報酬=   428.2 (エピソード数  6) policy_loss=+0.0110 value_loss=  44.020 entropy=-1.892 (この反復   2.4秒, 累計  54.0分)
  iter 1242/2000: rollout平均ep報酬=   257.0 (エピソード数  8) policy_loss=+0.0255 value_loss= 117.693 entropy=-1.891 (この反復   2.3秒, 累計  54.0分)
  iter 1243/2000: rollout平均ep報酬=    65.5 (エピソード数 19) policy_loss=+0.0203 value_loss= 164.206 entropy=-1.882 (この反復   2.2秒, 累計  54.0分)
  iter 1244/2000: rollout平均ep報酬=   195.7 (エピソード数  7) policy_loss=+0.0202 value_loss= 112.682 entropy=-1.878 (この反復   2.2秒, 累計  54.1分)
  iter 1245/2000: rollout平均ep報酬=   340.2 (エピソード数  8) policy_loss=-0.0505 value_loss=   4.338 entropy=-1.873 (この反復   2.4秒, 累計  54.1分)
    → 決定的方策の評価: best_reward候補 = 635.9 (これまでのベスト = 1164.7)
  iter 1246/2000: rollout平均ep報酬=   264.3 (エピソード数  9) policy_loss=-0.0076 value_loss=  31.763 entropy=-1.871 (この反復   2.3秒, 累計  54.2分)
  iter 1247/2000: rollout平均ep報酬=   550.1 (エピソード数  5) policy_loss=-0.0449 value_loss=  22.651 entropy=-1.855 (この反復   2.3秒, 累計  54.2分)
  iter 1248/2000: rollout平均ep報酬=   663.2 (エピソード数  4) policy_loss=-0.1418 value_loss=  12.596 entropy=-1.875 (この反復   2.4秒, 累計  54.3分)
  iter 1249/2000: rollout平均ep報酬=   165.5 (エピソード数 10) policy_loss=+0.0221 value_loss=  58.936 entropy=-1.884 (この反復   2.2秒, 累計  54.3分)
  iter 1250/2000: rollout平均ep報酬=   384.1 (エピソード数  6) policy_loss=+0.0058 value_loss=  81.491 entropy=-1.867 (この反復   2.4秒, 累計  54.3分)
    → 決定的方策の評価: best_reward候補 = 627.9 (これまでのベスト = 1164.7)
  [checkpoint] これまでのベスト重みを ev3way_w1.npy/ev3way_w2.npy に中間保存しました
  iter 1251/2000: rollout平均ep報酬=   398.7 (エピソード数  6) policy_loss=-0.0013 value_loss=  21.311 entropy=-1.879 (この反復   2.3秒, 累計  54.4分)
  iter 1252/2000: rollout平均ep報酬=   297.4 (エピソード数  6) policy_loss=-0.0436 value_loss=   7.029 entropy=-1.887 (この反復   2.3秒, 累計  54.4分)
  iter 1253/2000: rollout平均ep報酬=   559.7 (エピソード数  5) policy_loss=-0.0523 value_loss=   7.779 entropy=-1.889 (この反復   2.3秒, 累計  54.5分)
  iter 1254/2000: rollout平均ep報酬=   110.7 (エピソード数 14) policy_loss=-0.0472 value_loss=  78.489 entropy=-1.887 (この反復   2.3秒, 累計  54.5分)
  iter 1255/2000: rollout平均ep報酬=   208.8 (エピソード数 11) policy_loss=+0.0314 value_loss=  90.827 entropy=-1.895 (この反復   2.4秒, 累計  54.6分)
    → 決定的方策の評価: best_reward候補 = 614.7 (これまでのベスト = 1164.7)
  iter 1256/2000: rollout平均ep報酬=   318.7 (エピソード数  6) policy_loss=+0.0420 value_loss= 133.460 entropy=-1.910 (この反復   2.3秒, 累計  54.6分)
  iter 1257/2000: rollout平均ep報酬=   154.0 (エピソード数  9) policy_loss=-0.0226 value_loss=  56.001 entropy=-1.908 (この反復   2.2秒, 累計  54.7分)
  iter 1258/2000: rollout平均ep報酬=   285.8 (エピソード数  9) policy_loss=-0.0238 value_loss=  31.511 entropy=-1.894 (この反復   2.2秒, 累計  54.7分)
  iter 1259/2000: rollout平均ep報酬=   298.3 (エピソード数  8) policy_loss=-0.0063 value_loss=   9.363 entropy=-1.914 (この反復   2.3秒, 累計  54.7分)
  iter 1260/2000: rollout平均ep報酬=   276.6 (エピソード数  9) policy_loss=+0.0033 value_loss=  18.183 entropy=-1.907 (この反復   2.4秒, 累計  54.8分)
    → 決定的方策の評価: best_reward候補 = 632.9 (これまでのベスト = 1164.7)
  [checkpoint] これまでのベスト重みを ev3way_w1.npy/ev3way_w2.npy に中間保存しました
  iter 1261/2000: rollout平均ep報酬=   302.6 (エピソード数  9) policy_loss=-0.0575 value_loss=  14.733 entropy=-1.914 (この反復   2.3秒, 累計  54.8分)
  iter 1262/2000: rollout平均ep報酬=   572.5 (エピソード数  5) policy_loss=-0.0322 value_loss=  41.877 entropy=-1.909 (この反復   2.3秒, 累計  54.9分)
  iter 1263/2000: rollout平均ep報酬=   161.0 (エピソード数  9) policy_loss=+0.0282 value_loss=  69.377 entropy=-1.906 (この反復   2.2秒, 累計  54.9分)
  iter 1264/2000: rollout平均ep報酬=   420.6 (エピソード数  6) policy_loss=-0.0588 value_loss=  20.869 entropy=-1.910 (この反復   2.4秒, 累計  55.0分)
  iter 1265/2000: rollout平均ep報酬=   274.3 (エピソード数  9) policy_loss=-0.0925 value_loss=  28.542 entropy=-1.909 (この反復   2.3秒, 累計  55.0分)
    → 決定的方策の評価: best_reward候補 = 640.1 (これまでのベスト = 1164.7)
  iter 1266/2000: rollout平均ep報酬=    61.6 (エピソード数 11) policy_loss=+0.0873 value_loss= 175.478 entropy=-1.905 (この反復   2.3秒, 累計  55.1分)
  iter 1267/2000: rollout平均ep報酬=    55.5 (エピソード数 15) policy_loss=-0.0555 value_loss=  32.172 entropy=-1.902 (この反復   2.3秒, 累計  55.1分)
  iter 1268/2000: rollout平均ep報酬=   156.9 (エピソード数 13) policy_loss=-0.0126 value_loss=  40.559 entropy=-1.890 (この反復   2.7秒, 累計  55.1分)
  iter 1269/2000: rollout平均ep報酬=   371.4 (エピソード数  6) policy_loss=-0.0948 value_loss=  24.763 entropy=-1.890 (この反復   2.4秒, 累計  55.2分)
  iter 1270/2000: rollout平均ep報酬=   274.1 (エピソード数  9) policy_loss=+0.0338 value_loss=   5.421 entropy=-1.925 (この反復   2.4秒, 累計  55.2分)
    → 決定的方策の評価: best_reward候補 = 609.3 (これまでのベスト = 1164.7)
  [checkpoint] これまでのベスト重みを ev3way_w1.npy/ev3way_w2.npy に中間保存しました
  iter 1271/2000: rollout平均ep報酬=   211.4 (エピソード数 10) policy_loss=-0.0421 value_loss=  14.567 entropy=-1.925 (この反復   2.5秒, 累計  55.3分)
  iter 1272/2000: rollout平均ep報酬=   580.1 (エピソード数  5) policy_loss=-0.0260 value_loss=   9.598 entropy=-1.941 (この反復   2.4秒, 累計  55.3分)
  iter 1273/2000: rollout平均ep報酬=   124.1 (エピソード数 16) policy_loss=-0.0151 value_loss=  42.026 entropy=-1.941 (この反復   2.6秒, 累計  55.4分)
  iter 1274/2000: rollout平均ep報酬=   136.6 (エピソード数 13) policy_loss=+0.0291 value_loss= 211.356 entropy=-1.933 (この反復   2.7秒, 累計  55.4分)
  iter 1275/2000: rollout平均ep報酬=   348.2 (エピソード数  8) policy_loss=-0.0372 value_loss=  74.118 entropy=-1.927 (この反復   2.3秒, 累計  55.5分)
    → 決定的方策の評価: best_reward候補 = 630.1 (これまでのベスト = 1164.7)
  iter 1276/2000: rollout平均ep報酬=    80.5 (エピソード数 15) policy_loss=+0.0501 value_loss= 147.903 entropy=-1.928 (この反復   2.2秒, 累計  55.5分)
  iter 1277/2000: rollout平均ep報酬=   155.7 (エピソード数 10) policy_loss=-0.1192 value_loss=  59.105 entropy=-1.927 (この反復   2.3秒, 累計  55.6分)
  iter 1278/2000: rollout平均ep報酬=   287.0 (エピソード数  9) policy_loss=-0.0112 value_loss=  43.299 entropy=-1.928 (この反復   2.3秒, 累計  55.6分)
  iter 1279/2000: rollout平均ep報酬=   208.3 (エピソード数  8) policy_loss=+0.1055 value_loss= 128.551 entropy=-1.931 (この反復   2.3秒, 累計  55.6分)
  iter 1280/2000: rollout平均ep報酬=    70.9 (エピソード数  9) policy_loss=-0.0136 value_loss=  61.530 entropy=-1.933 (この反復   2.2秒, 累計  55.7分)
    → 決定的方策の評価: best_reward候補 = 864.3 (これまでのベスト = 1164.7)
  [checkpoint] これまでのベスト重みを ev3way_w1.npy/ev3way_w2.npy に中間保存しました
  iter 1281/2000: rollout平均ep報酬=   593.4 (エピソード数  4) policy_loss=-0.0284 value_loss=  19.563 entropy=-1.930 (この反復   2.4秒, 累計  55.8分)
  iter 1282/2000: rollout平均ep報酬=   132.2 (エピソード数 10) policy_loss=-0.0116 value_loss= 107.036 entropy=-1.925 (この反復   2.3秒, 累計  55.8分)
  iter 1283/2000: rollout平均ep報酬=   290.9 (エピソード数  8) policy_loss=-0.0188 value_loss=  76.224 entropy=-1.927 (この反復   2.4秒, 累計  55.8分)
  iter 1284/2000: rollout平均ep報酬=   517.2 (エピソード数  5) policy_loss=-0.0623 value_loss=  19.060 entropy=-1.919 (この反復   2.4秒, 累計  55.9分)
  iter 1285/2000: rollout平均ep報酬=   636.8 (エピソード数  4) policy_loss=-0.1275 value_loss=   5.868 entropy=-1.909 (この反復   2.4秒, 累計  55.9分)
    → 決定的方策の評価: best_reward候補 = 873.3 (これまでのベスト = 1164.7)
  iter 1286/2000: rollout平均ep報酬=   121.9 (エピソード数 12) policy_loss=-0.0306 value_loss=  82.978 entropy=-1.913 (この反復   2.3秒, 累計  56.0分)
  iter 1287/2000: rollout平均ep報酬=   257.1 (エピソード数 10) policy_loss=+0.0417 value_loss=  64.226 entropy=-1.894 (この反復   2.6秒, 累計  56.0分)
  iter 1288/2000: rollout平均ep報酬=    69.4 (エピソード数 15) policy_loss=+0.0130 value_loss=  62.768 entropy=-1.892 (この反復   2.3秒, 累計  56.1分)
  iter 1289/2000: rollout平均ep報酬=    55.3 (エピソード数 15) policy_loss=-0.0080 value_loss=  35.462 entropy=-1.888 (この反復   2.3秒, 累計  56.1分)
  iter 1290/2000: rollout平均ep報酬=   426.8 (エピソード数  6) policy_loss=-0.0296 value_loss=  33.459 entropy=-1.888 (この反復   2.4秒, 累計  56.2分)
    → 決定的方策の評価: best_reward候補 = 1109.6 (これまでのベスト = 1164.7)
  [checkpoint] これまでのベスト重みを ev3way_w1.npy/ev3way_w2.npy に中間保存しました
  iter 1291/2000: rollout平均ep報酬=   304.6 (エピソード数  8) policy_loss=+0.0305 value_loss=  84.515 entropy=-1.873 (この反復   2.4秒, 累計  56.2分)
  iter 1292/2000: rollout平均ep報酬=   213.5 (エピソード数  8) policy_loss=-0.1107 value_loss=  10.860 entropy=-1.866 (この反復   2.3秒, 累計  56.3分)
  iter 1293/2000: rollout平均ep報酬=   231.2 (エピソード数  9) policy_loss=-0.0154 value_loss=  72.662 entropy=-1.868 (この反復   2.2秒, 累計  56.3分)
  iter 1294/2000: rollout平均ep報酬=   233.7 (エピソード数  8) policy_loss=+0.0187 value_loss=  57.268 entropy=-1.868 (この反復   2.4秒, 累計  56.4分)
  iter 1295/2000: rollout平均ep報酬=   147.0 (エピソード数  7) policy_loss=+0.0615 value_loss= 120.840 entropy=-1.871 (この反復   2.4秒, 累計  56.4分)
    → 決定的方策の評価: best_reward候補 = 639.1 (これまでのベスト = 1164.7)
  iter 1296/2000: rollout平均ep報酬=   292.7 (エピソード数  8) policy_loss=-0.0642 value_loss=  62.325 entropy=-1.861 (この反復   2.3秒, 累計  56.5分)
  iter 1297/2000: rollout平均ep報酬=   224.3 (エピソード数 12) policy_loss=-0.0085 value_loss= 100.465 entropy=-1.859 (この反復   2.6秒, 累計  56.5分)
  iter 1298/2000: rollout平均ep報酬=   234.5 (エピソード数  9) policy_loss=+0.0025 value_loss=  66.605 entropy=-1.852 (この反復   2.5秒, 累計  56.6分)
  iter 1299/2000: rollout平均ep報酬=   199.5 (エピソード数 10) policy_loss=-0.0245 value_loss=  46.605 entropy=-1.852 (この反復   2.4秒, 累計  56.6分)
  iter 1300/2000: rollout平均ep報酬=   334.7 (エピソード数  9) policy_loss=-0.0040 value_loss= 137.593 entropy=-1.845 (この反復   2.4秒, 累計  56.6分)
    → 決定的方策の評価: best_reward候補 = 606.4 (これまでのベスト = 1164.7)
  [checkpoint] これまでのベスト重みを ev3way_w1.npy/ev3way_w2.npy に中間保存しました
  iter 1301/2000: rollout平均ep報酬=   130.5 (エピソード数 14) policy_loss=+0.0391 value_loss=  89.540 entropy=-1.841 (この反復   2.2秒, 累計  56.7分)
  iter 1302/2000: rollout平均ep報酬=   162.4 (エピソード数  9) policy_loss=+0.0265 value_loss=  60.875 entropy=-1.841 (この反復   2.3秒, 累計  56.7分)
  iter 1303/2000: rollout平均ep報酬=    82.7 (エピソード数 17) policy_loss=+0.0155 value_loss=  80.503 entropy=-1.841 (この反復   2.4秒, 累計  56.8分)
  iter 1304/2000: rollout平均ep報酬=    77.8 (エピソード数 13) policy_loss=-0.0313 value_loss=  27.481 entropy=-1.836 (この反復   2.1秒, 累計  56.8分)
  iter 1305/2000: rollout平均ep報酬=   212.3 (エピソード数  8) policy_loss=+0.0253 value_loss= 168.960 entropy=-1.833 (この反復   2.2秒, 累計  56.8分)
    → 決定的方策の評価: best_reward候補 = 637.6 (これまでのベスト = 1164.7)
  iter 1306/2000: rollout平均ep報酬=   173.3 (エピソード数 12) policy_loss=-0.0014 value_loss=  90.453 entropy=-1.827 (この反復   2.5秒, 累計  56.9分)
  iter 1307/2000: rollout平均ep報酬=   118.1 (エピソード数  6) policy_loss=-0.0414 value_loss=  20.716 entropy=-1.818 (この反復   2.3秒, 累計  57.0分)
  iter 1308/2000: rollout平均ep報酬=   313.0 (エピソード数  7) policy_loss=+0.0087 value_loss=  23.733 entropy=-1.830 (この反復   2.3秒, 累計  57.0分)
  iter 1309/2000: rollout平均ep報酬=   350.7 (エピソード数  5) policy_loss=+0.0317 value_loss=  26.789 entropy=-1.825 (この反復   2.5秒, 累計  57.0分)
  iter 1310/2000: rollout平均ep報酬=   736.3 (エピソード数  4) policy_loss=+0.0379 value_loss=  48.029 entropy=-1.836 (この反復   2.3秒, 累計  57.1分)
    → 決定的方策の評価: best_reward候補 = 839.6 (これまでのベスト = 1164.7)
  [checkpoint] これまでのベスト重みを ev3way_w1.npy/ev3way_w2.npy に中間保存しました
  iter 1311/2000: rollout平均ep報酬=   157.2 (エピソード数  8) policy_loss=+0.0576 value_loss=  44.722 entropy=-1.843 (この反復   2.3秒, 累計  57.1分)
  iter 1312/2000: rollout平均ep報酬=   413.9 (エピソード数  5) policy_loss=+0.0599 value_loss=  41.183 entropy=-1.861 (この反復   2.3秒, 累計  57.2分)
  iter 1313/2000: rollout平均ep報酬=    90.4 (エピソード数  8) policy_loss=-0.0517 value_loss=  53.655 entropy=-1.870 (この反復   2.2秒, 累計  57.2分)
  iter 1314/2000: rollout平均ep報酬=   219.2 (エピソード数  7) policy_loss=+0.0324 value_loss=  65.089 entropy=-1.872 (この反復   2.3秒, 累計  57.3分)
  iter 1315/2000: rollout平均ep報酬=    86.7 (エピソード数 11) policy_loss=-0.0723 value_loss=  34.533 entropy=-1.870 (この反復   2.4秒, 累計  57.3分)
    → 決定的方策の評価: best_reward候補 = 610.0 (これまでのベスト = 1164.7)
  iter 1316/2000: rollout平均ep報酬=   458.9 (エピソード数  6) policy_loss=+0.0122 value_loss=  45.433 entropy=-1.861 (この反復   2.2秒, 累計  57.4分)
  iter 1317/2000: rollout平均ep報酬=   137.6 (エピソード数 10) policy_loss=-0.0213 value_loss=  36.616 entropy=-1.866 (この反復   2.2秒, 累計  57.4分)
  iter 1318/2000: rollout平均ep報酬=   -18.1 (エピソード数 17) policy_loss=+0.0710 value_loss=  68.415 entropy=-1.874 (この反復   2.3秒, 累計  57.4分)
  iter 1319/2000: rollout平均ep報酬=   598.5 (エピソード数  5) policy_loss=-0.0357 value_loss=   8.428 entropy=-1.879 (この反復   2.3秒, 累計  57.5分)
  iter 1320/2000: rollout平均ep報酬=   307.8 (エピソード数  8) policy_loss=+0.0036 value_loss=  78.147 entropy=-1.871 (この反復   2.4秒, 累計  57.5分)
    → 決定的方策の評価: best_reward候補 = 617.7 (これまでのベスト = 1164.7)
  [checkpoint] これまでのベスト重みを ev3way_w1.npy/ev3way_w2.npy に中間保存しました
  iter 1321/2000: rollout平均ep報酬=   191.2 (エピソード数 11) policy_loss=+0.0019 value_loss=  73.423 entropy=-1.860 (この反復   2.5秒, 累計  57.6分)
  iter 1322/2000: rollout平均ep報酬=   338.4 (エピソード数  8) policy_loss=+0.0985 value_loss= 139.678 entropy=-1.834 (この反復   2.3秒, 累計  57.6分)
  iter 1323/2000: rollout平均ep報酬=   128.7 (エピソード数 11) policy_loss=+0.0092 value_loss=  91.375 entropy=-1.835 (この反復   2.2秒, 累計  57.7分)
  iter 1324/2000: rollout平均ep報酬=   175.7 (エピソード数 10) policy_loss=+0.0040 value_loss=  43.433 entropy=-1.836 (この反復   2.3秒, 累計  57.7分)
  iter 1325/2000: rollout平均ep報酬=   189.4 (エピソード数 10) policy_loss=+0.0146 value_loss= 109.264 entropy=-1.848 (この反復   2.3秒, 累計  57.7分)
    → 決定的方策の評価: best_reward候補 = 595.6 (これまでのベスト = 1164.7)
  iter 1326/2000: rollout平均ep報酬=   172.1 (エピソード数  8) policy_loss=-0.0278 value_loss=  43.196 entropy=-1.849 (この反復   2.4秒, 累計  57.8分)
  iter 1327/2000: rollout平均ep報酬=   251.7 (エピソード数 10) policy_loss=-0.0758 value_loss=  31.559 entropy=-1.838 (この反復   2.5秒, 累計  57.9分)
  iter 1328/2000: rollout平均ep報酬=   187.8 (エピソード数 10) policy_loss=+0.0222 value_loss= 121.382 entropy=-1.845 (この反復   2.3秒, 累計  57.9分)
  iter 1329/2000: rollout平均ep報酬=   708.3 (エピソード数  4) policy_loss=-0.0117 value_loss=  32.378 entropy=-1.848 (この反復   2.4秒, 累計  57.9分)
  iter 1330/2000: rollout平均ep報酬=    74.4 (エピソード数 12) policy_loss=+0.0291 value_loss=  77.047 entropy=-1.847 (この反復   2.2秒, 累計  58.0分)
    → 決定的方策の評価: best_reward候補 = 611.2 (これまでのベスト = 1164.7)
  [checkpoint] これまでのベスト重みを ev3way_w1.npy/ev3way_w2.npy に中間保存しました
  iter 1331/2000: rollout平均ep報酬=   143.0 (エピソード数 13) policy_loss=+0.0522 value_loss=  51.832 entropy=-1.851 (この反復   2.4秒, 累計  58.0分)
  iter 1332/2000: rollout平均ep報酬=   426.8 (エピソード数  5) policy_loss=+0.0096 value_loss=  42.937 entropy=-1.864 (この反復   2.3秒, 累計  58.1分)
  iter 1333/2000: rollout平均ep報酬=   332.5 (エピソード数  8) policy_loss=-0.0154 value_loss=  64.253 entropy=-1.858 (この反復   2.5秒, 累計  58.1分)
  iter 1334/2000: rollout平均ep報酬=   404.3 (エピソード数  7) policy_loss=+0.0080 value_loss=   6.146 entropy=-1.859 (この反復   2.3秒, 累計  58.2分)
  iter 1335/2000: rollout平均ep報酬=   381.6 (エピソード数  5) policy_loss=+0.0813 value_loss= 104.952 entropy=-1.875 (この反復   2.2秒, 累計  58.2分)
    → 決定的方策の評価: best_reward候補 = 607.5 (これまでのベスト = 1164.7)
  iter 1336/2000: rollout平均ep報酬=    72.2 (エピソード数 15) policy_loss=-0.0362 value_loss= 112.534 entropy=-1.873 (この反復   2.2秒, 累計  58.3分)
  iter 1337/2000: rollout平均ep報酬=   349.0 (エピソード数  6) policy_loss=-0.0248 value_loss=  18.245 entropy=-1.865 (この反復   2.4秒, 累計  58.3分)
  iter 1338/2000: rollout平均ep報酬=   364.2 (エピソード数  6) policy_loss=+0.0550 value_loss=  70.446 entropy=-1.870 (この反復   2.2秒, 累計  58.3分)
  iter 1339/2000: rollout平均ep報酬=   108.4 (エピソード数 15) policy_loss=+0.0238 value_loss=  77.055 entropy=-1.869 (この反復   2.3秒, 累計  58.4分)
  iter 1340/2000: rollout平均ep報酬=   446.5 (エピソード数  6) policy_loss=+0.0028 value_loss=  80.577 entropy=-1.837 (この反復   2.4秒, 累計  58.4分)
    → 決定的方策の評価: best_reward候補 = 820.6 (これまでのベスト = 1164.7)
  [checkpoint] これまでのベスト重みを ev3way_w1.npy/ev3way_w2.npy に中間保存しました
  iter 1341/2000: rollout平均ep報酬=   130.2 (エピソード数 10) policy_loss=+0.0066 value_loss=  39.965 entropy=-1.837 (この反復   2.3秒, 累計  58.5分)
  iter 1342/2000: rollout平均ep報酬=   161.5 (エピソード数 11) policy_loss=-0.0365 value_loss=  43.959 entropy=-1.836 (この反復   2.3秒, 累計  58.5分)
  iter 1343/2000: rollout平均ep報酬=   180.9 (エピソード数  9) policy_loss=+0.0980 value_loss= 152.276 entropy=-1.841 (この反復   2.4秒, 累計  58.6分)
  iter 1344/2000: rollout平均ep報酬=   325.7 (エピソード数  7) policy_loss=-0.0694 value_loss=   6.774 entropy=-1.860 (この反復   2.4秒, 累計  58.6分)
  iter 1345/2000: rollout平均ep報酬=   163.3 (エピソード数 13) policy_loss=+0.0163 value_loss= 114.354 entropy=-1.884 (この反復   2.6秒, 累計  58.7分)
    → 決定的方策の評価: best_reward候補 = 626.5 (これまでのベスト = 1164.7)
  iter 1346/2000: rollout平均ep報酬=   191.6 (エピソード数  8) policy_loss=+0.0571 value_loss=  83.334 entropy=-1.883 (この反復   2.5秒, 累計  58.7分)
  iter 1347/2000: rollout平均ep報酬=   619.6 (エピソード数  5) policy_loss=+0.0226 value_loss= 121.786 entropy=-1.879 (この反復   2.4秒, 累計  58.8分)
  iter 1348/2000: rollout平均ep報酬=   581.6 (エピソード数  4) policy_loss=+0.0470 value_loss=   8.321 entropy=-1.897 (この反復   2.4秒, 累計  58.8分)
  iter 1349/2000: rollout平均ep報酬=   277.6 (エピソード数  7) policy_loss=-0.0312 value_loss=  32.713 entropy=-1.896 (この反復   2.3秒, 累計  58.8分)
  iter 1350/2000: rollout平均ep報酬=   544.6 (エピソード数  5) policy_loss=-0.0527 value_loss=  19.724 entropy=-1.900 (この反復   2.4秒, 累計  58.9分)
    → 決定的方策の評価: best_reward候補 = 621.7 (これまでのベスト = 1164.7)
  [checkpoint] これまでのベスト重みを ev3way_w1.npy/ev3way_w2.npy に中間保存しました
  iter 1351/2000: rollout平均ep報酬=   433.4 (エピソード数  6) policy_loss=-0.0005 value_loss=   7.864 entropy=-1.891 (この反復   2.4秒, 累計  58.9分)
  iter 1352/2000: rollout平均ep報酬=   403.0 (エピソード数  7) policy_loss=-0.0415 value_loss=  22.863 entropy=-1.887 (この反復   2.4秒, 累計  59.0分)
  iter 1353/2000: rollout平均ep報酬=   485.8 (エピソード数  5) policy_loss=+0.0081 value_loss=  34.843 entropy=-1.886 (この反復   2.3秒, 累計  59.0分)
  iter 1354/2000: rollout平均ep報酬=    38.8 (エピソード数 12) policy_loss=-0.0031 value_loss=  95.166 entropy=-1.886 (この反復   2.2秒, 累計  59.1分)
  iter 1355/2000: rollout平均ep報酬=   450.0 (エピソード数  6) policy_loss=+0.0402 value_loss= 109.778 entropy=-1.921 (この反復   2.4秒, 累計  59.1分)
    → 決定的方策の評価: best_reward候補 = 612.8 (これまでのベスト = 1164.7)
  iter 1356/2000: rollout平均ep報酬=   345.2 (エピソード数  7) policy_loss=-0.0138 value_loss= 100.424 entropy=-1.933 (この反復   2.3秒, 累計  59.2分)
  iter 1357/2000: rollout平均ep報酬=   392.2 (エピソード数  6) policy_loss=-0.0337 value_loss=  16.598 entropy=-1.931 (この反復   2.5秒, 累計  59.2分)
  iter 1358/2000: rollout平均ep報酬=   309.3 (エピソード数  5) policy_loss=+0.1010 value_loss=  46.222 entropy=-1.941 (この反復   2.2秒, 累計  59.2分)
  iter 1359/2000: rollout平均ep報酬=   596.6 (エピソード数  5) policy_loss=-0.0002 value_loss=  25.315 entropy=-1.937 (この反復   2.4秒, 累計  59.3分)
  iter 1360/2000: rollout平均ep報酬=   313.9 (エピソード数  7) policy_loss=+0.0308 value_loss=  40.475 entropy=-1.937 (この反復   2.2秒, 累計  59.3分)
    → 決定的方策の評価: best_reward候補 = 610.1 (これまでのベスト = 1164.7)
  [checkpoint] これまでのベスト重みを ev3way_w1.npy/ev3way_w2.npy に中間保存しました
  iter 1361/2000: rollout平均ep報酬=   650.8 (エピソード数  4) policy_loss=-0.0484 value_loss=  10.385 entropy=-1.925 (この反復   2.4秒, 累計  59.4分)
  iter 1362/2000: rollout平均ep報酬=   253.2 (エピソード数  8) policy_loss=-0.0790 value_loss=  26.977 entropy=-1.914 (この反復   2.4秒, 累計  59.4分)
  iter 1363/2000: rollout平均ep報酬=   600.2 (エピソード数  5) policy_loss=-0.0192 value_loss=  34.320 entropy=-1.918 (この反復   2.5秒, 累計  59.5分)
  iter 1364/2000: rollout平均ep報酬=   310.7 (エピソード数  6) policy_loss=-0.0225 value_loss= 123.097 entropy=-1.918 (この反復   2.4秒, 累計  59.5分)
  iter 1365/2000: rollout平均ep報酬=   231.4 (エピソード数 10) policy_loss=+0.0457 value_loss= 104.000 entropy=-1.918 (この反復   2.4秒, 累計  59.5分)
    → 決定的方策の評価: best_reward候補 = 616.7 (これまでのベスト = 1164.7)
  iter 1366/2000: rollout平均ep報酬=   454.0 (エピソード数  5) policy_loss=-0.0259 value_loss=  71.825 entropy=-1.918 (この反復   2.3秒, 累計  59.6分)
  iter 1367/2000: rollout平均ep報酬=   206.6 (エピソード数  7) policy_loss=+0.0024 value_loss=  66.233 entropy=-1.916 (この反復   2.2秒, 累計  59.7分)
  iter 1368/2000: rollout平均ep報酬=   272.3 (エピソード数  6) policy_loss=-0.0425 value_loss=  38.661 entropy=-1.918 (この反復   2.3秒, 累計  59.7分)
  iter 1369/2000: rollout平均ep報酬=   529.0 (エピソード数  5) policy_loss=-0.0666 value_loss=  13.643 entropy=-1.918 (この反復   2.5秒, 累計  59.7分)
  iter 1370/2000: rollout平均ep報酬=   934.2 (エピソード数  4) policy_loss=+0.0002 value_loss=  33.801 entropy=-1.917 (この反復   2.3秒, 累計  59.8分)
    → 決定的方策の評価: best_reward候補 = 845.8 (これまでのベスト = 1164.7)
  [checkpoint] これまでのベスト重みを ev3way_w1.npy/ev3way_w2.npy に中間保存しました
  iter 1371/2000: rollout平均ep報酬=   706.4 (エピソード数  4) policy_loss=+0.0363 value_loss=  57.126 entropy=-1.931 (この反復   2.2秒, 累計  59.8分)
  iter 1372/2000: rollout平均ep報酬=   228.3 (エピソード数  9) policy_loss=-0.0580 value_loss=   9.588 entropy=-1.932 (この反復   2.3秒, 累計  59.9分)
  iter 1373/2000: rollout平均ep報酬=   191.9 (エピソード数  9) policy_loss=-0.0398 value_loss=  55.452 entropy=-1.934 (この反復   2.2秒, 累計  59.9分)
  iter 1374/2000: rollout平均ep報酬=    37.3 (エピソード数  8) policy_loss=+0.0159 value_loss= 138.638 entropy=-1.933 (この反復   2.1秒, 累計  60.0分)
  iter 1375/2000: rollout平均ep報酬=   420.0 (エピソード数  7) policy_loss=-0.0608 value_loss=   4.136 entropy=-1.913 (この反復   2.4秒, 累計  60.0分)
    → 決定的方策の評価: best_reward候補 = 616.9 (これまでのベスト = 1164.7)
  iter 1376/2000: rollout平均ep報酬=   911.0 (エピソード数  4) policy_loss=-0.0642 value_loss=  12.694 entropy=-1.919 (この反復   2.3秒, 累計  60.1分)
  iter 1377/2000: rollout平均ep報酬=   292.2 (エピソード数  8) policy_loss=+0.0242 value_loss=  28.528 entropy=-1.919 (この反復   2.2秒, 累計  60.1分)
  iter 1378/2000: rollout平均ep報酬=    91.5 (エピソード数 11) policy_loss=-0.0461 value_loss=  40.606 entropy=-1.916 (この反復   2.3秒, 累計  60.1分)
  iter 1379/2000: rollout平均ep報酬=   117.8 (エピソード数 10) policy_loss=+0.1451 value_loss= 139.357 entropy=-1.926 (この反復   2.3秒, 累計  60.2分)
  iter 1380/2000: rollout平均ep報酬=   528.7 (エピソード数  5) policy_loss=+0.0099 value_loss=  50.097 entropy=-1.936 (この反復   2.3秒, 累計  60.2分)
    → 決定的方策の評価: best_reward候補 = 599.5 (これまでのベスト = 1164.7)
  [checkpoint] これまでのベスト重みを ev3way_w1.npy/ev3way_w2.npy に中間保存しました
  iter 1381/2000: rollout平均ep報酬=   211.3 (エピソード数 10) policy_loss=-0.0411 value_loss=  19.849 entropy=-1.933 (この反復   2.3秒, 累計  60.3分)
  iter 1382/2000: rollout平均ep報酬=   628.7 (エピソード数  5) policy_loss=-0.0242 value_loss=  20.866 entropy=-1.921 (この反復   2.5秒, 累計  60.3分)
  iter 1383/2000: rollout平均ep報酬=   598.6 (エピソード数  4) policy_loss=+0.0203 value_loss=  35.759 entropy=-1.927 (この反復   2.3秒, 累計  60.4分)
  iter 1384/2000: rollout平均ep報酬=   205.3 (エピソード数  5) policy_loss=-0.0549 value_loss=  78.096 entropy=-1.921 (この反復   2.3秒, 累計  60.4分)
  iter 1385/2000: rollout平均ep報酬=   271.5 (エピソード数  4) policy_loss=+0.0441 value_loss=  70.017 entropy=-1.921 (この反復   2.2秒, 累計  60.4分)
    → 決定的方策の評価: best_reward候補 = 777.3 (これまでのベスト = 1164.7)
  iter 1386/2000: rollout平均ep報酬=   320.5 (エピソード数  6) policy_loss=-0.0282 value_loss=  20.728 entropy=-1.917 (この反復   2.2秒, 累計  60.5分)
  iter 1387/2000: rollout平均ep報酬=   311.2 (エピソード数  7) policy_loss=-0.0564 value_loss=  49.501 entropy=-1.924 (この反復   2.3秒, 累計  60.5分)
  iter 1388/2000: rollout平均ep報酬=   419.3 (エピソード数  6) policy_loss=-0.0614 value_loss=  35.165 entropy=-1.918 (この反復   2.3秒, 累計  60.6分)
  iter 1389/2000: rollout平均ep報酬=   165.1 (エピソード数 11) policy_loss=-0.0354 value_loss=  92.041 entropy=-1.915 (この反復   2.2秒, 累計  60.6分)
  iter 1390/2000: rollout平均ep報酬=   227.9 (エピソード数 10) policy_loss=+0.0283 value_loss=  92.093 entropy=-1.913 (この反復   2.2秒, 累計  60.7分)
    → 決定的方策の評価: best_reward候補 = 861.8 (これまでのベスト = 1164.7)
  [checkpoint] これまでのベスト重みを ev3way_w1.npy/ev3way_w2.npy に中間保存しました
  iter 1391/2000: rollout平均ep報酬=   120.7 (エピソード数 13) policy_loss=-0.0016 value_loss=  96.279 entropy=-1.909 (この反復   2.5秒, 累計  60.7分)
  iter 1392/2000: rollout平均ep報酬=   252.1 (エピソード数  9) policy_loss=-0.0180 value_loss= 128.944 entropy=-1.905 (この反復   2.4秒, 累計  60.8分)
  iter 1393/2000: rollout平均ep報酬=    16.3 (エピソード数 15) policy_loss=-0.0762 value_loss=  48.427 entropy=-1.906 (この反復   2.2秒, 累計  60.8分)
  iter 1394/2000: rollout平均ep報酬=   315.0 (エピソード数  7) policy_loss=+0.0374 value_loss=  88.183 entropy=-1.917 (この反復   2.3秒, 累計  60.9分)
  iter 1395/2000: rollout平均ep報酬=   454.3 (エピソード数  6) policy_loss=-0.0176 value_loss=  35.447 entropy=-1.909 (この反復   2.4秒, 累計  60.9分)
    → 決定的方策の評価: best_reward候補 = 871.6 (これまでのベスト = 1164.7)
  iter 1396/2000: rollout平均ep報酬=    18.7 (エピソード数 18) policy_loss=-0.0079 value_loss=  66.486 entropy=-1.904 (この反復   2.2秒, 累計  61.0分)
  iter 1397/2000: rollout平均ep報酬=   627.8 (エピソード数  4) policy_loss=-0.0461 value_loss=  18.384 entropy=-1.922 (この反復   2.2秒, 累計  61.0分)
  iter 1398/2000: rollout平均ep報酬=   326.6 (エピソード数  7) policy_loss=+0.0826 value_loss=  54.217 entropy=-1.923 (この反復   2.3秒, 累計  61.0分)
  iter 1399/2000: rollout平均ep報酬=   172.3 (エピソード数 10) policy_loss=+0.0042 value_loss=  60.145 entropy=-1.921 (この反復   2.2秒, 累計  61.1分)
  iter 1400/2000: rollout平均ep報酬=   233.9 (エピソード数 10) policy_loss=+0.0107 value_loss=  65.471 entropy=-1.915 (この反復   2.4秒, 累計  61.1分)
    → 決定的方策の評価: best_reward候補 = 888.1 (これまでのベスト = 1164.7)
  [checkpoint] これまでのベスト重みを ev3way_w1.npy/ev3way_w2.npy に中間保存しました
  iter 1401/2000: rollout平均ep報酬=   358.2 (エピソード数  6) policy_loss=-0.0376 value_loss=  30.500 entropy=-1.921 (この反復   2.2秒, 累計  61.2分)
  iter 1402/2000: rollout平均ep報酬=    53.8 (エピソード数 13) policy_loss=+0.0756 value_loss=  98.124 entropy=-1.921 (この反復   2.2秒, 累計  61.2分)
  iter 1403/2000: rollout平均ep報酬=   148.6 (エピソード数  9) policy_loss=-0.0132 value_loss=  35.528 entropy=-1.917 (この反復   2.1秒, 累計  61.3分)
  iter 1404/2000: rollout平均ep報酬=   431.9 (エピソード数  6) policy_loss=-0.0559 value_loss=  16.631 entropy=-1.904 (この反復   2.3秒, 累計  61.3分)
  iter 1405/2000: rollout平均ep報酬=   597.9 (エピソード数  4) policy_loss=+0.0102 value_loss=  51.606 entropy=-1.905 (この反復   2.3秒, 累計  61.3分)
    → 決定的方策の評価: best_reward候補 = 852.2 (これまでのベスト = 1164.7)
  iter 1406/2000: rollout平均ep報酬=   239.0 (エピソード数  7) policy_loss=+0.0577 value_loss=  25.682 entropy=-1.916 (この反復   2.4秒, 累計  61.4分)
  iter 1407/2000: rollout平均ep報酬=   722.7 (エピソード数  4) policy_loss=+0.0023 value_loss=  19.500 entropy=-1.941 (この反復   2.3秒, 累計  61.5分)
  iter 1408/2000: rollout平均ep報酬=   460.9 (エピソード数  5) policy_loss=+0.0241 value_loss=  44.088 entropy=-1.943 (この反復   2.3秒, 累計  61.5分)
  iter 1409/2000: rollout平均ep報酬=   292.9 (エピソード数  8) policy_loss=-0.0009 value_loss=  33.687 entropy=-1.931 (この反復   2.3秒, 累計  61.5分)
  iter 1410/2000: rollout平均ep報酬=   103.6 (エピソード数 14) policy_loss=+0.0353 value_loss=  33.757 entropy=-1.935 (この反復   2.2秒, 累計  61.6分)
    → 決定的方策の評価: best_reward候補 = 882.0 (これまでのベスト = 1164.7)
  [checkpoint] これまでのベスト重みを ev3way_w1.npy/ev3way_w2.npy に中間保存しました
  iter 1411/2000: rollout平均ep報酬=   189.5 (エピソード数  9) policy_loss=-0.0032 value_loss=  84.042 entropy=-1.929 (この反復   2.2秒, 累計  61.6分)
  iter 1412/2000: rollout平均ep報酬=   195.3 (エピソード数 11) policy_loss=-0.0284 value_loss=  31.804 entropy=-1.926 (この反復   2.5秒, 累計  61.7分)
  iter 1413/2000: rollout平均ep報酬=   239.3 (エピソード数  7) policy_loss=+0.0559 value_loss=  75.226 entropy=-1.920 (この反復   2.2秒, 累計  61.7分)
  iter 1414/2000: rollout平均ep報酬=    60.5 (エピソード数 15) policy_loss=+0.0029 value_loss=  61.132 entropy=-1.909 (この反復   2.4秒, 累計  61.8分)
  iter 1415/2000: rollout平均ep報酬=   287.6 (エピソード数  5) policy_loss=+0.1271 value_loss=  66.703 entropy=-1.915 (この反復   2.3秒, 累計  61.8分)
    → 決定的方策の評価: best_reward候補 = 866.6 (これまでのベスト = 1164.7)
  iter 1416/2000: rollout平均ep報酬=   568.4 (エピソード数  4) policy_loss=+0.0498 value_loss=  47.531 entropy=-1.902 (この反復   2.5秒, 累計  61.9分)
  iter 1417/2000: rollout平均ep報酬=   569.8 (エピソード数  5) policy_loss=+0.0165 value_loss=   2.192 entropy=-1.917 (この反復   2.5秒, 累計  61.9分)
  iter 1418/2000: rollout平均ep報酬=   231.1 (エピソード数 11) policy_loss=-0.0121 value_loss=  97.687 entropy=-1.914 (この反復   2.5秒, 累計  62.0分)
  iter 1419/2000: rollout平均ep報酬=   112.2 (エピソード数 10) policy_loss=-0.0452 value_loss=  64.055 entropy=-1.911 (この反復   2.3秒, 累計  62.0分)
  iter 1420/2000: rollout平均ep報酬=   310.1 (エピソード数  7) policy_loss=+0.0562 value_loss=  96.095 entropy=-1.903 (この反復   2.4秒, 累計  62.0分)
    → 決定的方策の評価: best_reward候補 = 1088.9 (これまでのベスト = 1164.7)
  [checkpoint] これまでのベスト重みを ev3way_w1.npy/ev3way_w2.npy に中間保存しました
  iter 1421/2000: rollout平均ep報酬=   947.3 (エピソード数  4) policy_loss=-0.0452 value_loss=  13.657 entropy=-1.900 (この反復   2.5秒, 累計  62.1分)
  iter 1422/2000: rollout平均ep報酬=   691.1 (エピソード数  4) policy_loss=+0.0187 value_loss=  86.439 entropy=-1.898 (この反復   2.2秒, 累計  62.2分)
  iter 1423/2000: rollout平均ep報酬=   419.4 (エピソード数  6) policy_loss=-0.0636 value_loss=  45.025 entropy=-1.892 (この反復   2.3秒, 累計  62.2分)
  iter 1424/2000: rollout平均ep報酬=   259.6 (エピソード数  7) policy_loss=-0.0689 value_loss=  92.765 entropy=-1.891 (この反復   2.3秒, 累計  62.2分)
  iter 1425/2000: rollout平均ep報酬=   158.7 (エピソード数 10) policy_loss=+0.0039 value_loss= 146.880 entropy=-1.892 (この反復   2.4秒, 累計  62.3分)
    → 決定的方策の評価: best_reward候補 = 868.5 (これまでのベスト = 1164.7)
  iter 1426/2000: rollout平均ep報酬=   174.6 (エピソード数  5) policy_loss=-0.0026 value_loss=  63.890 entropy=-1.897 (この反復   2.2秒, 累計  62.4分)
  iter 1427/2000: rollout平均ep報酬=   277.7 (エピソード数  8) policy_loss=+0.0568 value_loss= 181.777 entropy=-1.900 (この反復   2.2秒, 累計  62.4分)
  iter 1428/2000: rollout平均ep報酬=   408.4 (エピソード数  6) policy_loss=+0.0362 value_loss=  96.340 entropy=-1.890 (この反復   2.6秒, 累計  62.4分)
  iter 1429/2000: rollout平均ep報酬=   550.1 (エピソード数  5) policy_loss=-0.0261 value_loss=  26.181 entropy=-1.892 (この反復   2.3秒, 累計  62.5分)
  iter 1430/2000: rollout平均ep報酬=    73.7 (エピソード数 13) policy_loss=-0.0347 value_loss=  32.400 entropy=-1.889 (この反復   2.3秒, 累計  62.5分)
    → 決定的方策の評価: best_reward候補 = 859.1 (これまでのベスト = 1164.7)
  [checkpoint] これまでのベスト重みを ev3way_w1.npy/ev3way_w2.npy に中間保存しました
  iter 1431/2000: rollout平均ep報酬=   260.0 (エピソード数  7) policy_loss=+0.0632 value_loss= 105.699 entropy=-1.888 (この反復   2.3秒, 累計  62.6分)
  iter 1432/2000: rollout平均ep報酬=    53.6 (エピソード数 17) policy_loss=-0.0341 value_loss=  97.188 entropy=-1.885 (この反復   2.2秒, 累計  62.6分)
  iter 1433/2000: rollout平均ep報酬=   310.9 (エピソード数  7) policy_loss=+0.0662 value_loss= 119.250 entropy=-1.875 (この反復   2.5秒, 累計  62.7分)
  iter 1434/2000: rollout平均ep報酬=   105.2 (エピソード数 15) policy_loss=-0.1069 value_loss=  62.810 entropy=-1.878 (この反復   2.3秒, 累計  62.7分)
  iter 1435/2000: rollout平均ep報酬=   268.7 (エピソード数  9) policy_loss=-0.0371 value_loss=  64.586 entropy=-1.864 (この反復   2.6秒, 累計  62.8分)
    → 決定的方策の評価: best_reward候補 = 854.4 (これまでのベスト = 1164.7)
  iter 1436/2000: rollout平均ep報酬=   129.5 (エピソード数 13) policy_loss=+0.0100 value_loss=  83.161 entropy=-1.860 (この反復   2.3秒, 累計  62.8分)
  iter 1437/2000: rollout平均ep報酬=   415.8 (エピソード数  7) policy_loss=-0.0611 value_loss=   7.690 entropy=-1.856 (この反復   2.4秒, 累計  62.9分)
  iter 1438/2000: rollout平均ep報酬=   884.7 (エピソード数  4) policy_loss=-0.0062 value_loss=  16.466 entropy=-1.867 (この反復   2.1秒, 累計  62.9分)
  iter 1439/2000: rollout平均ep報酬=    83.0 (エピソード数 14) policy_loss=+0.0590 value_loss= 117.768 entropy=-1.870 (この反復   2.3秒, 累計  63.0分)
  iter 1440/2000: rollout平均ep報酬=   426.3 (エピソード数  6) policy_loss=-0.0625 value_loss=  23.697 entropy=-1.855 (この反復   2.4秒, 累計  63.0分)
    → 決定的方策の評価: best_reward候補 = 873.3 (これまでのベスト = 1164.7)
  [checkpoint] これまでのベスト重みを ev3way_w1.npy/ev3way_w2.npy に中間保存しました
  iter 1441/2000: rollout平均ep報酬=   253.8 (エピソード数  9) policy_loss=-0.0604 value_loss=  30.712 entropy=-1.868 (この反復   2.3秒, 累計  63.1分)
  iter 1442/2000: rollout平均ep報酬=   190.1 (エピソード数 12) policy_loss=+0.0298 value_loss=  79.645 entropy=-1.864 (この反復   2.5秒, 累計  63.1分)
  iter 1443/2000: rollout平均ep報酬=   225.2 (エピソード数 11) policy_loss=-0.0174 value_loss=  49.266 entropy=-1.855 (この反復   2.3秒, 累計  63.1分)
  iter 1444/2000: rollout平均ep報酬=   257.9 (エピソード数  9) policy_loss=+0.1574 value_loss= 195.874 entropy=-1.852 (この反復   2.4秒, 累計  63.2分)
  iter 1445/2000: rollout平均ep報酬=   192.1 (エピソード数  8) policy_loss=-0.0161 value_loss=  55.970 entropy=-1.848 (この反復   2.4秒, 累計  63.2分)
    → 決定的方策の評価: best_reward候補 = 878.5 (これまでのベスト = 1164.7)
  iter 1446/2000: rollout平均ep報酬=   133.4 (エピソード数 14) policy_loss=+0.0281 value_loss= 131.375 entropy=-1.846 (この反復   2.5秒, 累計  63.3分)
  iter 1447/2000: rollout平均ep報酬=   458.0 (エピソード数  6) policy_loss=+0.0234 value_loss=  65.954 entropy=-1.828 (この反復   2.2秒, 累計  63.3分)
  iter 1448/2000: rollout平均ep報酬=   733.7 (エピソード数  4) policy_loss=-0.0236 value_loss=  74.681 entropy=-1.831 (この反復   2.3秒, 累計  63.4分)
  iter 1449/2000: rollout平均ep報酬=   506.0 (エピソード数  5) policy_loss=-0.0354 value_loss=   7.285 entropy=-1.805 (この反復   2.4秒, 累計  63.4分)
  iter 1450/2000: rollout平均ep報酬=   313.8 (エピソード数  8) policy_loss=+0.0254 value_loss=  69.876 entropy=-1.809 (この反復   2.3秒, 累計  63.5分)
    → 決定的方策の評価: best_reward候補 = 909.1 (これまでのベスト = 1164.7)
  [checkpoint] これまでのベスト重みを ev3way_w1.npy/ev3way_w2.npy に中間保存しました
  iter 1451/2000: rollout平均ep報酬=   128.9 (エピソード数 12) policy_loss=-0.0840 value_loss=  39.840 entropy=-1.796 (この反復   2.3秒, 累計  63.5分)
  iter 1452/2000: rollout平均ep報酬=   352.7 (エピソード数  7) policy_loss=+0.0229 value_loss=  79.924 entropy=-1.795 (この反復   2.3秒, 累計  63.6分)
  iter 1453/2000: rollout平均ep報酬=   307.0 (エピソード数  6) policy_loss=-0.0719 value_loss=  29.362 entropy=-1.792 (この反復   2.4秒, 累計  63.6分)
  iter 1454/2000: rollout平均ep報酬=   115.1 (エピソード数  9) policy_loss=+0.0246 value_loss=  60.403 entropy=-1.801 (この反復   2.1秒, 累計  63.7分)
  iter 1455/2000: rollout平均ep報酬=   240.3 (エピソード数  8) policy_loss=-0.0557 value_loss=  39.722 entropy=-1.803 (この反復   2.2秒, 累計  63.7分)
    → 決定的方策の評価: best_reward候補 = 874.4 (これまでのベスト = 1164.7)
  iter 1456/2000: rollout平均ep報酬=    92.9 (エピソード数 14) policy_loss=-0.0648 value_loss=  31.055 entropy=-1.798 (この反復   2.3秒, 累計  63.8分)
  iter 1457/2000: rollout平均ep報酬=   246.5 (エピソード数  4) policy_loss=+0.1034 value_loss=  54.007 entropy=-1.803 (この反復   2.2秒, 累計  63.8分)
  iter 1458/2000: rollout平均ep報酬=    76.5 (エピソード数 16) policy_loss=-0.0130 value_loss=  71.600 entropy=-1.796 (この反復   2.4秒, 累計  63.8分)
  iter 1459/2000: rollout平均ep報酬=   156.6 (エピソード数  8) policy_loss=+0.0676 value_loss=  50.578 entropy=-1.807 (この反復   2.2秒, 累計  63.9分)
  iter 1460/2000: rollout平均ep報酬=   282.5 (エピソード数  7) policy_loss=+0.0555 value_loss= 101.345 entropy=-1.806 (この反復   2.2秒, 累計  63.9分)
    → 決定的方策の評価: best_reward候補 = 895.6 (これまでのベスト = 1164.7)
  [checkpoint] これまでのベスト重みを ev3way_w1.npy/ev3way_w2.npy に中間保存しました
  iter 1461/2000: rollout平均ep報酬=   435.1 (エピソード数  5) policy_loss=+0.0029 value_loss=  84.420 entropy=-1.799 (この反復   2.3秒, 累計  64.0分)
  iter 1462/2000: rollout平均ep報酬=   240.9 (エピソード数  7) policy_loss=-0.0306 value_loss=  24.172 entropy=-1.803 (この反復   2.1秒, 累計  64.0分)
  iter 1463/2000: rollout平均ep報酬=   211.8 (エピソード数  8) policy_loss=-0.0740 value_loss=  10.585 entropy=-1.814 (この反復   2.3秒, 累計  64.1分)
  iter 1464/2000: rollout平均ep報酬=   203.3 (エピソード数  7) policy_loss=-0.0550 value_loss=  34.599 entropy=-1.814 (この反復   2.2秒, 累計  64.1分)
  iter 1465/2000: rollout平均ep報酬=   285.4 (エピソード数  6) policy_loss=-0.0391 value_loss=  17.369 entropy=-1.820 (この反復   2.2秒, 累計  64.1分)
    → 決定的方策の評価: best_reward候補 = 1115.1 (これまでのベスト = 1164.7)
  iter 1466/2000: rollout平均ep報酬=   200.3 (エピソード数 11) policy_loss=+0.0355 value_loss=  95.408 entropy=-1.818 (この反復   2.6秒, 累計  64.2分)
  iter 1467/2000: rollout平均ep報酬=   331.4 (エピソード数  6) policy_loss=-0.0148 value_loss=  13.496 entropy=-1.811 (この反復   2.3秒, 累計  64.3分)
  iter 1468/2000: rollout平均ep報酬=   420.3 (エピソード数  6) policy_loss=+0.1217 value_loss= 128.439 entropy=-1.805 (この反復   2.4秒, 累計  64.3分)
  iter 1469/2000: rollout平均ep報酬=   169.8 (エピソード数  8) policy_loss=-0.0680 value_loss=  28.095 entropy=-1.798 (この反復   2.2秒, 累計  64.3分)
  iter 1470/2000: rollout平均ep報酬=   292.3 (エピソード数  6) policy_loss=+0.0270 value_loss=  41.364 entropy=-1.786 (この反復   2.2秒, 累計  64.4分)
    → 決定的方策の評価: best_reward候補 = 1095.2 (これまでのベスト = 1164.7)
  [checkpoint] これまでのベスト重みを ev3way_w1.npy/ev3way_w2.npy に中間保存しました
  iter 1471/2000: rollout平均ep報酬=   347.6 (エピソード数  6) policy_loss=-0.0256 value_loss=  40.346 entropy=-1.791 (この反復   2.2秒, 累計  64.4分)
  iter 1472/2000: rollout平均ep報酬=   415.7 (エピソード数  6) policy_loss=-0.0602 value_loss=  31.742 entropy=-1.805 (この反復   2.2秒, 累計  64.5分)
  iter 1473/2000: rollout平均ep報酬=   974.5 (エピソード数  4) policy_loss=+0.0875 value_loss=  32.406 entropy=-1.802 (この反復   2.3秒, 累計  64.5分)
  iter 1474/2000: rollout平均ep報酬=   502.5 (エピソード数  5) policy_loss=-0.0262 value_loss=  40.498 entropy=-1.809 (この反復   2.1秒, 累計  64.6分)
  iter 1475/2000: rollout平均ep報酬=   383.9 (エピソード数  6) policy_loss=-0.0571 value_loss=  17.249 entropy=-1.815 (この反復   2.2秒, 累計  64.6分)
    → 決定的方策の評価: best_reward候補 = 906.6 (これまでのベスト = 1164.7)
  iter 1476/2000: rollout平均ep報酬=    81.8 (エピソード数  7) policy_loss=-0.0272 value_loss=  80.770 entropy=-1.818 (この反復   2.1秒, 累計  64.7分)
  iter 1477/2000: rollout平均ep報酬=   478.7 (エピソード数  6) policy_loss=-0.0203 value_loss=   9.886 entropy=-1.816 (この反復   2.4秒, 累計  64.7分)
  iter 1478/2000: rollout平均ep報酬=   121.6 (エピソード数  9) policy_loss=-0.0666 value_loss=  25.439 entropy=-1.820 (この反復   2.2秒, 累計  64.7分)
  iter 1479/2000: rollout平均ep報酬=   190.0 (エピソード数  9) policy_loss=-0.0376 value_loss=  45.789 entropy=-1.822 (この反復   2.2秒, 累計  64.8分)
  iter 1480/2000: rollout平均ep報酬=   590.9 (エピソード数  4) policy_loss=-0.0325 value_loss=  30.749 entropy=-1.826 (この反復   2.4秒, 累計  64.8分)
    → 決定的方策の評価: best_reward候補 = 1100.4 (これまでのベスト = 1164.7)
  [checkpoint] これまでのベスト重みを ev3way_w1.npy/ev3way_w2.npy に中間保存しました
  iter 1481/2000: rollout平均ep報酬=   357.2 (エピソード数  7) policy_loss=-0.0297 value_loss=  78.772 entropy=-1.823 (この反復   2.3秒, 累計  64.9分)
  iter 1482/2000: rollout平均ep報酬=   292.3 (エピソード数  6) policy_loss=+0.0150 value_loss=  90.758 entropy=-1.822 (この反復   2.4秒, 累計  65.0分)
  iter 1483/2000: rollout平均ep報酬=   319.4 (エピソード数  7) policy_loss=-0.0248 value_loss=  52.938 entropy=-1.830 (この反復   2.2秒, 累計  65.0分)
  iter 1484/2000: rollout平均ep報酬=   746.3 (エピソード数  4) policy_loss=+0.0643 value_loss=  37.588 entropy=-1.852 (この反復   2.4秒, 累計  65.0分)
  iter 1485/2000: rollout平均ep報酬=   215.6 (エピソード数  8) policy_loss=-0.0703 value_loss=  35.381 entropy=-1.842 (この反復   2.4秒, 累計  65.1分)
    → 決定的方策の評価: best_reward候補 = 1114.4 (これまでのベスト = 1164.7)
  iter 1486/2000: rollout平均ep報酬=   270.7 (エピソード数  8) policy_loss=-0.0611 value_loss=  29.635 entropy=-1.846 (この反復   2.5秒, 累計  65.2分)
  iter 1487/2000: rollout平均ep報酬=   438.4 (エピソード数  6) policy_loss=+0.0048 value_loss=  38.987 entropy=-1.844 (この反復   2.5秒, 累計  65.2分)
  iter 1488/2000: rollout平均ep報酬=     5.5 (エピソード数  7) policy_loss=-0.0263 value_loss=  49.878 entropy=-1.847 (この反復   2.2秒, 累計  65.2分)
  iter 1489/2000: rollout平均ep報酬=   515.8 (エピソード数  5) policy_loss=+0.0113 value_loss=  68.969 entropy=-1.841 (この反復   2.4秒, 累計  65.3分)
  iter 1490/2000: rollout平均ep報酬=   581.0 (エピソード数  5) policy_loss=+0.0230 value_loss=  58.618 entropy=-1.828 (この反復   2.4秒, 累計  65.3分)
    → 決定的方策の評価: best_reward候補 = 856.1 (これまでのベスト = 1164.7)
  [checkpoint] これまでのベスト重みを ev3way_w1.npy/ev3way_w2.npy に中間保存しました
  iter 1491/2000: rollout平均ep報酬=   297.0 (エピソード数  8) policy_loss=-0.0237 value_loss=  10.974 entropy=-1.830 (この反復   2.4秒, 累計  65.4分)
  iter 1492/2000: rollout平均ep報酬=   307.8 (エピソード数  7) policy_loss=-0.0758 value_loss=  26.375 entropy=-1.834 (この反復   2.4秒, 累計  65.4分)
  iter 1493/2000: rollout平均ep報酬=   281.9 (エピソード数  9) policy_loss=+0.0114 value_loss= 102.377 entropy=-1.826 (この反復   2.7秒, 累計  65.5分)
  iter 1494/2000: rollout平均ep報酬=   312.8 (エピソード数  6) policy_loss=+0.0523 value_loss=  66.224 entropy=-1.819 (この反復   2.2秒, 累計  65.5分)
  iter 1495/2000: rollout平均ep報酬=   208.6 (エピソード数  9) policy_loss=+0.0214 value_loss=  43.869 entropy=-1.829 (この反復   2.4秒, 累計  65.6分)
    → 決定的方策の評価: best_reward候補 = 897.6 (これまでのベスト = 1164.7)
  iter 1496/2000: rollout平均ep報酬=   176.5 (エピソード数  8) policy_loss=-0.0613 value_loss=  11.648 entropy=-1.834 (この反復   2.3秒, 累計  65.6分)
  iter 1497/2000: rollout平均ep報酬=   269.8 (エピソード数  7) policy_loss=+0.0472 value_loss=  86.036 entropy=-1.843 (この反復   2.2秒, 累計  65.7分)
  iter 1498/2000: rollout平均ep報酬=   760.4 (エピソード数  4) policy_loss=-0.0123 value_loss=  47.016 entropy=-1.838 (この反復   2.3秒, 累計  65.7分)
  iter 1499/2000: rollout平均ep報酬=   495.4 (エピソード数  4) policy_loss=-0.0508 value_loss=  19.630 entropy=-1.830 (この反復   2.2秒, 累計  65.7分)
  iter 1500/2000: rollout平均ep報酬=   330.5 (エピソード数  5) policy_loss=-0.0555 value_loss=  51.059 entropy=-1.833 (この反復   2.7秒, 累計  65.8分)
    → 決定的方策の評価: best_reward候補 = 885.5 (これまでのベスト = 1164.7)
  [checkpoint] これまでのベスト重みを ev3way_w1.npy/ev3way_w2.npy に中間保存しました
  iter 1501/2000: rollout平均ep報酬=   120.2 (エピソード数  9) policy_loss=-0.0106 value_loss=  58.779 entropy=-1.831 (この反復   2.2秒, 累計  65.9分)
  iter 1502/2000: rollout平均ep報酬=   679.6 (エピソード数  4) policy_loss=+0.0593 value_loss=  52.706 entropy=-1.835 (この反復   2.2秒, 累計  65.9分)
  iter 1503/2000: rollout平均ep報酬=   136.2 (エピソード数  7) policy_loss=+0.0198 value_loss=  80.780 entropy=-1.843 (この反復   2.3秒, 累計  65.9分)
  iter 1504/2000: rollout平均ep報酬=   209.2 (エピソード数  9) policy_loss=-0.0798 value_loss=  24.327 entropy=-1.843 (この反復   2.2秒, 累計  66.0分)
  iter 1505/2000: rollout平均ep報酬=   354.9 (エピソード数  6) policy_loss=-0.0139 value_loss=  25.858 entropy=-1.836 (この反復   2.3秒, 累計  66.0分)
    → 決定的方策の評価: best_reward候補 = 1112.0 (これまでのベスト = 1164.7)
  iter 1506/2000: rollout平均ep報酬=   136.1 (エピソード数 12) policy_loss=+0.1352 value_loss= 205.736 entropy=-1.840 (この反復   2.3秒, 累計  66.1分)
  iter 1507/2000: rollout平均ep報酬=   367.9 (エピソード数  4) policy_loss=+0.0117 value_loss=  62.973 entropy=-1.845 (この反復   2.2秒, 累計  66.1分)
  iter 1508/2000: rollout平均ep報酬=   401.9 (エピソード数  6) policy_loss=+0.0182 value_loss=  81.265 entropy=-1.849 (この反復   2.5秒, 累計  66.2分)
  iter 1509/2000: rollout平均ep報酬=   144.4 (エピソード数 10) policy_loss=+0.0017 value_loss=  43.502 entropy=-1.858 (この反復   2.3秒, 累計  66.2分)
  iter 1510/2000: rollout平均ep報酬=   387.5 (エピソード数  7) policy_loss=+0.0189 value_loss=  63.652 entropy=-1.848 (この反復   2.7秒, 累計  66.2分)
    → 決定的方策の評価: best_reward候補 = 1105.8 (これまでのベスト = 1164.7)
  [checkpoint] これまでのベスト重みを ev3way_w1.npy/ev3way_w2.npy に中間保存しました
  iter 1511/2000: rollout平均ep報酬=   556.5 (エピソード数  4) policy_loss=-0.0306 value_loss=  16.239 entropy=-1.869 (この反復   2.1秒, 累計  66.3分)
  iter 1512/2000: rollout平均ep報酬=   342.2 (エピソード数  5) policy_loss=+0.0623 value_loss=  82.711 entropy=-1.879 (この反復   2.2秒, 累計  66.4分)
  iter 1513/2000: rollout平均ep報酬=  1007.7 (エピソード数  4) policy_loss=+0.0631 value_loss=  10.346 entropy=-1.945 (この反復   2.5秒, 累計  66.4分)
  iter 1514/2000: rollout平均ep報酬=   367.9 (エピソード数  7) policy_loss=+0.0355 value_loss=  38.448 entropy=-1.951 (この反復   2.3秒, 累計  66.4分)
  iter 1515/2000: rollout平均ep報酬=   242.5 (エピソード数  6) policy_loss=-0.0236 value_loss=  62.946 entropy=-1.952 (この反復   2.3秒, 累計  66.5分)
    → 決定的方策の評価: best_reward候補 = 1119.6 (これまでのベスト = 1164.7)
  iter 1516/2000: rollout平均ep報酬=   204.8 (エピソード数  9) policy_loss=-0.0308 value_loss=  44.743 entropy=-1.959 (この反復   2.4秒, 累計  66.6分)
  iter 1517/2000: rollout平均ep報酬=   738.1 (エピソード数  4) policy_loss=+0.0203 value_loss=  17.409 entropy=-1.941 (この反復   2.5秒, 累計  66.6分)
  iter 1518/2000: rollout平均ep報酬=   284.5 (エピソード数  6) policy_loss=+0.0446 value_loss=  87.289 entropy=-1.936 (この反復   2.3秒, 累計  66.6分)
  iter 1519/2000: rollout平均ep報酬=   215.1 (エピソード数  7) policy_loss=-0.0527 value_loss=  61.262 entropy=-1.928 (この反復   2.3秒, 累計  66.7分)
  iter 1520/2000: rollout平均ep報酬=   154.2 (エピソード数 11) policy_loss=-0.0212 value_loss=  45.195 entropy=-1.923 (この反復   2.2秒, 累計  66.7分)
    → 決定的方策の評価: best_reward候補 = 1102.9 (これまでのベスト = 1164.7)
  [checkpoint] これまでのベスト重みを ev3way_w1.npy/ev3way_w2.npy に中間保存しました
  iter 1521/2000: rollout平均ep報酬=   141.8 (エピソード数 10) policy_loss=+0.0205 value_loss=  66.400 entropy=-1.927 (この反復   2.4秒, 累計  66.8分)
  iter 1522/2000: rollout平均ep報酬=   782.1 (エピソード数  4) policy_loss=-0.0213 value_loss=  32.257 entropy=-1.921 (この反復   2.4秒, 累計  66.8分)
  iter 1523/2000: rollout平均ep報酬=   862.5 (エピソード数  4) policy_loss=+0.0037 value_loss=  12.942 entropy=-1.929 (この反復   2.5秒, 累計  66.9分)
  iter 1524/2000: rollout平均ep報酬=   210.0 (エピソード数  7) policy_loss=-0.0154 value_loss=  39.856 entropy=-1.931 (この反復   2.2秒, 累計  66.9分)
  iter 1525/2000: rollout平均ep報酬=   142.5 (エピソード数 11) policy_loss=+0.0565 value_loss= 104.230 entropy=-1.929 (この反復   2.3秒, 累計  67.0分)
    → 決定的方策の評価: best_reward候補 = 1106.0 (これまでのベスト = 1164.7)
  iter 1526/2000: rollout平均ep報酬=   605.0 (エピソード数  4) policy_loss=+0.0512 value_loss=  58.065 entropy=-1.931 (この反復   2.3秒, 累計  67.0分)
  iter 1527/2000: rollout平均ep報酬=   144.6 (エピソード数 14) policy_loss=+0.0536 value_loss=  77.278 entropy=-1.933 (この反復   2.3秒, 累計  67.1分)
  iter 1528/2000: rollout平均ep報酬=   539.4 (エピソード数  4) policy_loss=-0.0025 value_loss=  75.726 entropy=-1.935 (この反復   2.2秒, 累計  67.1分)
  iter 1529/2000: rollout平均ep報酬=   440.8 (エピソード数  6) policy_loss=+0.0214 value_loss=  38.955 entropy=-1.931 (この反復   2.4秒, 累計  67.2分)
  iter 1530/2000: rollout平均ep報酬=   705.8 (エピソード数  4) policy_loss=-0.0100 value_loss=  45.799 entropy=-1.927 (この反復   2.3秒, 累計  67.2分)
    → 決定的方策の評価: best_reward候補 = 1103.9 (これまでのベスト = 1164.7)
  [checkpoint] これまでのベスト重みを ev3way_w1.npy/ev3way_w2.npy に中間保存しました
  iter 1531/2000: rollout平均ep報酬=   134.3 (エピソード数 10) policy_loss=+0.0295 value_loss= 133.691 entropy=-1.934 (この反復   2.2秒, 累計  67.3分)
  iter 1532/2000: rollout平均ep報酬=   614.8 (エピソード数  4) policy_loss=-0.0325 value_loss=  12.945 entropy=-1.941 (この反復   2.2秒, 累計  67.3分)
  iter 1533/2000: rollout平均ep報酬=   142.8 (エピソード数 14) policy_loss=+0.0274 value_loss=  51.485 entropy=-1.925 (この反復   2.4秒, 累計  67.3分)
  iter 1534/2000: rollout平均ep報酬=    34.9 (エピソード数 19) policy_loss=-0.0679 value_loss=  85.385 entropy=-1.914 (この反復   2.5秒, 累計  67.4分)
  iter 1535/2000: rollout平均ep報酬=   360.2 (エピソード数  5) policy_loss=-0.0175 value_loss=  43.134 entropy=-1.900 (この反復   2.3秒, 累計  67.4分)
    → 決定的方策の評価: best_reward候補 = 1113.9 (これまでのベスト = 1164.7)
  iter 1536/2000: rollout平均ep報酬=   608.3 (エピソード数  4) policy_loss=-0.0386 value_loss=   8.559 entropy=-1.892 (この反復   2.3秒, 累計  67.5分)
  iter 1537/2000: rollout平均ep報酬=   434.0 (エピソード数  6) policy_loss=-0.0089 value_loss=  58.071 entropy=-1.858 (この反復   2.3秒, 累計  67.6分)
  iter 1538/2000: rollout平均ep報酬=   108.8 (エピソード数 15) policy_loss=-0.0646 value_loss=  48.499 entropy=-1.850 (この反復   2.3秒, 累計  67.6分)
  iter 1539/2000: rollout平均ep報酬=   241.0 (エピソード数 12) policy_loss=-0.0577 value_loss=  48.361 entropy=-1.844 (この反復   2.5秒, 累計  67.6分)
  iter 1540/2000: rollout平均ep報酬=   350.4 (エピソード数  6) policy_loss=+0.0213 value_loss=  67.507 entropy=-1.850 (この反復   2.4秒, 累計  67.7分)
    → 決定的方策の評価: best_reward候補 = 1110.2 (これまでのベスト = 1164.7)
  [checkpoint] これまでのベスト重みを ev3way_w1.npy/ev3way_w2.npy に中間保存しました
  iter 1541/2000: rollout平均ep報酬=  1008.5 (エピソード数  4) policy_loss=-0.0466 value_loss=   6.170 entropy=-1.873 (この反復   2.5秒, 累計  67.8分)
  iter 1542/2000: rollout平均ep報酬=   120.7 (エピソード数 14) policy_loss=-0.0376 value_loss=  46.742 entropy=-1.871 (この反復   2.4秒, 累計  67.8分)
  iter 1543/2000: rollout平均ep報酬=   240.3 (エピソード数  6) policy_loss=-0.0026 value_loss=  71.105 entropy=-1.876 (この反復   2.3秒, 累計  67.8分)
  iter 1544/2000: rollout平均ep報酬=   456.2 (エピソード数  4) policy_loss=+0.0294 value_loss=  24.450 entropy=-1.875 (この反復   2.3秒, 累計  67.9分)
  iter 1545/2000: rollout平均ep報酬=   313.6 (エピソード数  7) policy_loss=+0.0035 value_loss=  51.333 entropy=-1.872 (この反復   2.3秒, 累計  67.9分)
    → 決定的方策の評価: best_reward候補 = 900.3 (これまでのベスト = 1164.7)
  iter 1546/2000: rollout平均ep報酬=   485.2 (エピソード数  5) policy_loss=+0.0056 value_loss=  22.523 entropy=-1.881 (この反復   2.6秒, 累計  68.0分)
  iter 1547/2000: rollout平均ep報酬=   237.2 (エピソード数  9) policy_loss=+0.1069 value_loss= 182.925 entropy=-1.866 (この反復   2.5秒, 累計  68.0分)
  iter 1548/2000: rollout平均ep報酬=  1084.3 (エピソード数  4) policy_loss=-0.0830 value_loss=   2.822 entropy=-1.853 (この反復   2.4秒, 累計  68.1分)
  iter 1549/2000: rollout平均ep報酬=   178.0 (エピソード数 11) policy_loss=+0.0106 value_loss=  86.369 entropy=-1.852 (この反復   2.3秒, 累計  68.1分)
  iter 1550/2000: rollout平均ep報酬=   836.4 (エピソード数  4) policy_loss=-0.0210 value_loss=  21.424 entropy=-1.860 (この反復   2.2秒, 累計  68.2分)
    → 決定的方策の評価: best_reward候補 = 874.7 (これまでのベスト = 1164.7)
  [checkpoint] これまでのベスト重みを ev3way_w1.npy/ev3way_w2.npy に中間保存しました
  iter 1551/2000: rollout平均ep報酬=   212.6 (エピソード数  8) policy_loss=-0.0383 value_loss=  13.118 entropy=-1.868 (この反復   2.2秒, 累計  68.2分)
  iter 1552/2000: rollout平均ep報酬=   438.7 (エピソード数  5) policy_loss=-0.0005 value_loss=  51.875 entropy=-1.870 (この反復   2.4秒, 累計  68.3分)
  iter 1553/2000: rollout平均ep報酬=    89.0 (エピソード数 18) policy_loss=-0.0098 value_loss=  88.087 entropy=-1.864 (この反復   2.7秒, 累計  68.3分)
  iter 1554/2000: rollout平均ep報酬=   575.3 (エピソード数  5) policy_loss=+0.0454 value_loss= 133.880 entropy=-1.851 (この反復   2.4秒, 累計  68.4分)
  iter 1555/2000: rollout平均ep報酬=   215.3 (エピソード数  8) policy_loss=+0.0130 value_loss=  66.531 entropy=-1.848 (この反復   2.3秒, 累計  68.4分)
    → 決定的方策の評価: best_reward候補 = 920.2 (これまでのベスト = 1164.7)
  iter 1556/2000: rollout平均ep報酬=   155.0 (エピソード数  8) policy_loss=-0.0028 value_loss=  48.447 entropy=-1.849 (この反復   2.2秒, 累計  68.5分)
  iter 1557/2000: rollout平均ep報酬=   258.8 (エピソード数  8) policy_loss=+0.0452 value_loss=  82.280 entropy=-1.848 (この反復   2.3秒, 累計  68.5分)
  iter 1558/2000: rollout平均ep報酬=   165.5 (エピソード数 10) policy_loss=-0.0303 value_loss=  71.300 entropy=-1.856 (この反復   2.3秒, 累計  68.5分)
  iter 1559/2000: rollout平均ep報酬=   266.9 (エピソード数  8) policy_loss=-0.0371 value_loss=  25.174 entropy=-1.855 (この反復   2.4秒, 累計  68.6分)
  iter 1560/2000: rollout平均ep報酬=   756.2 (エピソード数  4) policy_loss=-0.0618 value_loss=   8.700 entropy=-1.890 (この反復   2.4秒, 累計  68.6分)
    → 決定的方策の評価: best_reward候補 = 866.9 (これまでのベスト = 1164.7)
  [checkpoint] これまでのベスト重みを ev3way_w1.npy/ev3way_w2.npy に中間保存しました
  iter 1561/2000: rollout平均ep報酬=    28.0 (エピソード数 10) policy_loss=-0.0480 value_loss=  82.904 entropy=-1.891 (この反復   2.3秒, 累計  68.7分)
  iter 1562/2000: rollout平均ep報酬=    96.5 (エピソード数 13) policy_loss=-0.0234 value_loss=  51.072 entropy=-1.891 (この反復   2.3秒, 累計  68.7分)
  iter 1563/2000: rollout平均ep報酬=   125.1 (エピソード数 10) policy_loss=-0.0188 value_loss=  58.594 entropy=-1.886 (この反復   2.4秒, 累計  68.8分)
  iter 1564/2000: rollout平均ep報酬=    26.5 (エピソード数 13) policy_loss=+0.0357 value_loss= 116.307 entropy=-1.888 (この反復   2.2秒, 累計  68.8分)
  iter 1565/2000: rollout平均ep報酬=   292.9 (エピソード数  9) policy_loss=+0.0438 value_loss=  96.965 entropy=-1.890 (この反復   2.6秒, 累計  68.9分)
    → 決定的方策の評価: best_reward候補 = 1125.1 (これまでのベスト = 1164.7)
  iter 1566/2000: rollout平均ep報酬=   152.8 (エピソード数  8) policy_loss=+0.0542 value_loss=  68.170 entropy=-1.891 (この反復   2.2秒, 累計  68.9分)
  iter 1567/2000: rollout平均ep報酬=   249.5 (エピソード数  8) policy_loss=+0.0122 value_loss= 135.077 entropy=-1.897 (この反復   2.5秒, 累計  69.0分)
  iter 1568/2000: rollout平均ep報酬=   238.4 (エピソード数  7) policy_loss=-0.0193 value_loss=  58.614 entropy=-1.910 (この反復   2.3秒, 累計  69.0分)
  iter 1569/2000: rollout平均ep報酬=   525.2 (エピソード数  4) policy_loss=-0.0203 value_loss=  27.247 entropy=-1.905 (この反復   2.2秒, 累計  69.1分)
  iter 1570/2000: rollout平均ep報酬=   461.8 (エピソード数  6) policy_loss=-0.0278 value_loss=  45.869 entropy=-1.914 (この反復   2.4秒, 累計  69.1分)
    → 決定的方策の評価: best_reward候補 = 859.8 (これまでのベスト = 1164.7)
  [checkpoint] これまでのベスト重みを ev3way_w1.npy/ev3way_w2.npy に中間保存しました
  iter 1571/2000: rollout平均ep報酬=   469.1 (エピソード数  5) policy_loss=-0.0098 value_loss=   8.934 entropy=-1.941 (この反復   2.3秒, 累計  69.2分)
  iter 1572/2000: rollout平均ep報酬=   110.4 (エピソード数 14) policy_loss=+0.0334 value_loss= 188.101 entropy=-1.948 (この反復   2.3秒, 累計  69.2分)
  iter 1573/2000: rollout平均ep報酬=   242.2 (エピソード数  8) policy_loss=+0.0380 value_loss= 131.023 entropy=-1.952 (この反復   2.4秒, 累計  69.3分)
  iter 1574/2000: rollout平均ep報酬=   167.5 (エピソード数  9) policy_loss=-0.0128 value_loss=  74.103 entropy=-1.949 (この反復   2.3秒, 累計  69.3分)
  iter 1575/2000: rollout平均ep報酬=   147.6 (エピソード数  9) policy_loss=+0.0652 value_loss=  35.092 entropy=-1.971 (この反復   2.2秒, 累計  69.3分)
    → 決定的方策の評価: best_reward候補 = 864.6 (これまでのベスト = 1164.7)
  iter 1576/2000: rollout平均ep報酬=   109.3 (エピソード数 11) policy_loss=-0.0060 value_loss=  84.130 entropy=-1.969 (この反復   2.3秒, 累計  69.4分)
  iter 1577/2000: rollout平均ep報酬=   235.5 (エピソード数  9) policy_loss=-0.1038 value_loss=  28.848 entropy=-1.962 (この反復   2.3秒, 累計  69.4分)
  iter 1578/2000: rollout平均ep報酬=   409.5 (エピソード数  6) policy_loss=+0.0311 value_loss= 121.133 entropy=-1.962 (この反復   2.4秒, 累計  69.5分)
  iter 1579/2000: rollout平均ep報酬=   468.9 (エピソード数  6) policy_loss=+0.0087 value_loss=  60.749 entropy=-1.944 (この反復   2.4秒, 累計  69.5分)
  iter 1580/2000: rollout平均ep報酬=   186.2 (エピソード数 12) policy_loss=+0.0029 value_loss=  72.499 entropy=-1.951 (この反復   2.4秒, 累計  69.6分)
    → 決定的方策の評価: best_reward候補 = 674.0 (これまでのベスト = 1164.7)
  [checkpoint] これまでのベスト重みを ev3way_w1.npy/ev3way_w2.npy に中間保存しました
  iter 1581/2000: rollout平均ep報酬=   237.6 (エピソード数  9) policy_loss=-0.0489 value_loss=   5.676 entropy=-1.953 (この反復   2.4秒, 累計  69.6分)
  iter 1582/2000: rollout平均ep報酬=   710.4 (エピソード数  4) policy_loss=+0.0318 value_loss=   3.211 entropy=-1.981 (この反復   2.8秒, 累計  69.7分)
  iter 1583/2000: rollout平均ep報酬=    13.4 (エピソード数  9) policy_loss=-0.0564 value_loss= 174.482 entropy=-1.986 (この反復   2.4秒, 累計  69.7分)
  iter 1584/2000: rollout平均ep報酬=   139.1 (エピソード数 10) policy_loss=-0.0698 value_loss=  51.369 entropy=-1.979 (この反復   2.5秒, 累計  69.8分)
  iter 1585/2000: rollout平均ep報酬=   191.0 (エピソード数  8) policy_loss=-0.0023 value_loss=  77.334 entropy=-1.980 (この反復   2.4秒, 累計  69.8分)
    → 決定的方策の評価: best_reward候補 = 861.5 (これまでのベスト = 1164.7)
  iter 1586/2000: rollout平均ep報酬=   197.6 (エピソード数 11) policy_loss=-0.0027 value_loss=  51.059 entropy=-1.966 (この反復   2.6秒, 累計  69.9分)
  iter 1587/2000: rollout平均ep報酬=   743.8 (エピソード数  4) policy_loss=+0.0177 value_loss=  45.200 entropy=-1.961 (この反復   2.5秒, 累計  69.9分)
  iter 1588/2000: rollout平均ep報酬=   273.2 (エピソード数  7) policy_loss=+0.1270 value_loss=  84.172 entropy=-1.967 (この反復   2.4秒, 累計  70.0分)
  iter 1589/2000: rollout平均ep報酬=   140.5 (エピソード数  9) policy_loss=+0.0100 value_loss=  76.867 entropy=-1.963 (この反復   2.3秒, 累計  70.0分)
  iter 1590/2000: rollout平均ep報酬=   354.0 (エピソード数  8) policy_loss=-0.0424 value_loss=  20.448 entropy=-1.970 (この反復   2.3秒, 累計  70.0分)
    → 決定的方策の評価: best_reward候補 = 857.4 (これまでのベスト = 1164.7)
  [checkpoint] これまでのベスト重みを ev3way_w1.npy/ev3way_w2.npy に中間保存しました
  iter 1591/2000: rollout平均ep報酬=   329.2 (エピソード数  7) policy_loss=+0.0053 value_loss=   7.271 entropy=-2.007 (この反復   2.5秒, 累計  70.1分)
  iter 1592/2000: rollout平均ep報酬=   291.4 (エピソード数  7) policy_loss=-0.0477 value_loss=  29.402 entropy=-2.006 (この反復   2.3秒, 累計  70.2分)
  iter 1593/2000: rollout平均ep報酬=   217.1 (エピソード数  9) policy_loss=-0.0369 value_loss=  82.869 entropy=-2.013 (この反復   2.3秒, 累計  70.2分)
  iter 1594/2000: rollout平均ep報酬=   236.0 (エピソード数  8) policy_loss=-0.0273 value_loss=  41.809 entropy=-2.013 (この反復   2.3秒, 累計  70.2分)
  iter 1595/2000: rollout平均ep報酬=   236.3 (エピソード数 10) policy_loss=-0.0836 value_loss=  19.775 entropy=-2.002 (この反復   2.3秒, 累計  70.3分)
    → 決定的方策の評価: best_reward候補 = 676.4 (これまでのベスト = 1164.7)
  iter 1596/2000: rollout平均ep報酬=   146.1 (エピソード数 13) policy_loss=-0.0007 value_loss=  47.506 entropy=-2.006 (この反復   2.5秒, 累計  70.3分)
  iter 1597/2000: rollout平均ep報酬=   157.8 (エピソード数 10) policy_loss=-0.0324 value_loss=  45.377 entropy=-2.003 (この反復   2.4秒, 累計  70.4分)
  iter 1598/2000: rollout平均ep報酬=   264.3 (エピソード数  6) policy_loss=-0.0063 value_loss=  42.235 entropy=-2.002 (この反復   2.5秒, 累計  70.4分)
  iter 1599/2000: rollout平均ep報酬=   189.4 (エピソード数  8) policy_loss=+0.0314 value_loss=  78.582 entropy=-2.006 (この反復   2.3秒, 累計  70.5分)
  iter 1600/2000: rollout平均ep報酬=   201.6 (エピソード数 10) policy_loss=+0.0439 value_loss=  68.002 entropy=-2.000 (この反復   2.3秒, 累計  70.5分)
    → 決定的方策の評価: best_reward候補 = 867.7 (これまでのベスト = 1164.7)
  [checkpoint] これまでのベスト重みを ev3way_w1.npy/ev3way_w2.npy に中間保存しました
  iter 1601/2000: rollout平均ep報酬=   241.0 (エピソード数  8) policy_loss=-0.0311 value_loss=  12.650 entropy=-2.010 (この反復   2.3秒, 累計  70.6分)
  iter 1602/2000: rollout平均ep報酬=   216.7 (エピソード数  8) policy_loss=-0.0415 value_loss=  75.848 entropy=-2.006 (この反復   2.4秒, 累計  70.6分)
  iter 1603/2000: rollout平均ep報酬=   536.7 (エピソード数  5) policy_loss=-0.0447 value_loss=  14.306 entropy=-2.021 (この反復   2.4秒, 累計  70.7分)
  iter 1604/2000: rollout平均ep報酬=    21.9 (エピソード数 13) policy_loss=-0.0838 value_loss=  22.930 entropy=-2.028 (この反復   2.2秒, 累計  70.7分)
  iter 1605/2000: rollout平均ep報酬=   548.5 (エピソード数  5) policy_loss=+0.0178 value_loss=  42.651 entropy=-1.977 (この反復   2.5秒, 累計  70.7分)
    → 決定的方策の評価: best_reward候補 = 888.4 (これまでのベスト = 1164.7)
  iter 1606/2000: rollout平均ep報酬=   222.9 (エピソード数 10) policy_loss=-0.0292 value_loss=  30.852 entropy=-1.969 (この反復   2.6秒, 累計  70.8分)
  iter 1607/2000: rollout平均ep報酬=   898.8 (エピソード数  4) policy_loss=+0.0028 value_loss=  26.090 entropy=-1.969 (この反復   2.4秒, 累計  70.9分)
  iter 1608/2000: rollout平均ep報酬=   368.1 (エピソード数  6) policy_loss=-0.0059 value_loss=  12.640 entropy=-1.977 (この反復   2.1秒, 累計  70.9分)
  iter 1609/2000: rollout平均ep報酬=   400.1 (エピソード数  7) policy_loss=-0.0070 value_loss=   7.449 entropy=-1.981 (この反復   2.4秒, 累計  70.9分)
  iter 1610/2000: rollout平均ep報酬=   382.2 (エピソード数  6) policy_loss=-0.0593 value_loss=  84.651 entropy=-1.981 (この反復   2.4秒, 累計  71.0分)
    → 決定的方策の評価: best_reward候補 = 863.8 (これまでのベスト = 1164.7)
  [checkpoint] これまでのベスト重みを ev3way_w1.npy/ev3way_w2.npy に中間保存しました
  iter 1611/2000: rollout平均ep報酬=   -10.5 (エピソード数 20) policy_loss=+0.0111 value_loss=  94.649 entropy=-1.978 (この反復   2.3秒, 累計  71.1分)
  iter 1612/2000: rollout平均ep報酬=   293.8 (エピソード数  6) policy_loss=+0.0190 value_loss=  85.506 entropy=-1.984 (この反復   2.2秒, 累計  71.1分)
  iter 1613/2000: rollout平均ep報酬=   225.4 (エピソード数  7) policy_loss=+0.0158 value_loss= 101.565 entropy=-1.983 (この反復   2.3秒, 累計  71.1分)
  iter 1614/2000: rollout平均ep報酬=   300.1 (エピソード数  8) policy_loss=+0.0347 value_loss=  53.135 entropy=-1.985 (この反復   2.3秒, 累計  71.2分)
  iter 1615/2000: rollout平均ep報酬=   149.6 (エピソード数 13) policy_loss=-0.0106 value_loss=  84.704 entropy=-1.978 (この反復   2.2秒, 累計  71.2分)
    → 決定的方策の評価: best_reward候補 = 879.2 (これまでのベスト = 1164.7)
  iter 1616/2000: rollout平均ep報酬=    61.0 (エピソード数 16) policy_loss=+0.0228 value_loss=  53.992 entropy=-1.989 (この反復   2.3秒, 累計  71.3分)
  iter 1617/2000: rollout平均ep報酬=   339.1 (エピソード数  7) policy_loss=+0.0224 value_loss=  54.180 entropy=-1.998 (この反復   2.4秒, 累計  71.3分)
  iter 1618/2000: rollout平均ep報酬=   356.4 (エピソード数  7) policy_loss=-0.0267 value_loss=  56.529 entropy=-2.008 (この反復   2.4秒, 累計  71.4分)
  iter 1619/2000: rollout平均ep報酬=   192.0 (エピソード数 12) policy_loss=+0.0390 value_loss=  78.019 entropy=-2.006 (この反復   2.3秒, 累計  71.4分)
  iter 1620/2000: rollout平均ep報酬=   184.5 (エピソード数 11) policy_loss=-0.0798 value_loss=  18.725 entropy=-2.006 (この反復   2.4秒, 累計  71.4分)
    → 決定的方策の評価: best_reward候補 = 661.8 (これまでのベスト = 1164.7)
  [checkpoint] これまでのベスト重みを ev3way_w1.npy/ev3way_w2.npy に中間保存しました
  iter 1621/2000: rollout平均ep報酬=   154.8 (エピソード数 12) policy_loss=-0.0732 value_loss=  29.655 entropy=-2.009 (この反復   2.3秒, 累計  71.5分)
  iter 1622/2000: rollout平均ep報酬=   184.7 (エピソード数 10) policy_loss=+0.0050 value_loss=  87.858 entropy=-2.003 (この反復   2.4秒, 累計  71.6分)
  iter 1623/2000: rollout平均ep報酬=   333.2 (エピソード数  7) policy_loss=+0.0816 value_loss=  47.067 entropy=-2.004 (この反復   2.4秒, 累計  71.6分)
  iter 1624/2000: rollout平均ep報酬=   579.8 (エピソード数  5) policy_loss=+0.0190 value_loss=   5.473 entropy=-2.006 (この反復   2.5秒, 累計  71.6分)
  iter 1625/2000: rollout平均ep報酬=   234.5 (エピソード数  8) policy_loss=+0.0360 value_loss=  57.456 entropy=-2.006 (この反復   2.3秒, 累計  71.7分)
    → 決定的方策の評価: best_reward候補 = 879.6 (これまでのベスト = 1164.7)
  iter 1626/2000: rollout平均ep報酬=   193.0 (エピソード数 11) policy_loss=-0.0637 value_loss=  16.115 entropy=-1.994 (この反復   2.5秒, 累計  71.7分)
  iter 1627/2000: rollout平均ep報酬=   356.5 (エピソード数  8) policy_loss=-0.0619 value_loss=  24.738 entropy=-1.993 (この反復   2.4秒, 累計  71.8分)
  iter 1628/2000: rollout平均ep報酬=    63.3 (エピソード数 18) policy_loss=+0.0560 value_loss= 196.416 entropy=-1.985 (この反復   2.6秒, 累計  71.8分)
  iter 1629/2000: rollout平均ep報酬=    32.7 (エピソード数 21) policy_loss=+0.0383 value_loss= 143.116 entropy=-1.981 (この反復   2.4秒, 累計  71.9分)
  iter 1630/2000: rollout平均ep報酬=   157.6 (エピソード数 12) policy_loss=-0.0620 value_loss=  47.980 entropy=-1.978 (この反復   2.4秒, 累計  71.9分)
    → 決定的方策の評価: best_reward候補 = 862.7 (これまでのベスト = 1164.7)
  [checkpoint] これまでのベスト重みを ev3way_w1.npy/ev3way_w2.npy に中間保存しました
  iter 1631/2000: rollout平均ep報酬=   131.8 (エピソード数 15) policy_loss=-0.0327 value_loss=  67.410 entropy=-1.972 (この反復   2.7秒, 累計  72.0分)
  iter 1632/2000: rollout平均ep報酬=   379.7 (エピソード数  6) policy_loss=+0.0480 value_loss=  76.068 entropy=-1.966 (この反復   2.3秒, 累計  72.0分)
  iter 1633/2000: rollout平均ep報酬=   921.9 (エピソード数  4) policy_loss=-0.0639 value_loss=   9.084 entropy=-1.963 (この反復   2.3秒, 累計  72.1分)
  iter 1634/2000: rollout平均ep報酬=   483.5 (エピソード数  5) policy_loss=+0.0042 value_loss=  11.778 entropy=-1.963 (この反復   2.4秒, 累計  72.1分)
  iter 1635/2000: rollout平均ep報酬=   481.7 (エピソード数  5) policy_loss=-0.0207 value_loss=  23.637 entropy=-1.945 (この反復   2.3秒, 累計  72.2分)
    → 決定的方策の評価: best_reward候補 = 885.7 (これまでのベスト = 1164.7)
  iter 1636/2000: rollout平均ep報酬=    40.8 (エピソード数 19) policy_loss=-0.0165 value_loss=  86.089 entropy=-1.939 (この反復   2.6秒, 累計  72.2分)
  iter 1637/2000: rollout平均ep報酬=    66.6 (エピソード数  9) policy_loss=+0.0129 value_loss=  92.432 entropy=-1.944 (この反復   2.2秒, 累計  72.3分)
  iter 1638/2000: rollout平均ep報酬=   654.0 (エピソード数  4) policy_loss=+0.0975 value_loss=  75.225 entropy=-1.952 (この反復   2.4秒, 累計  72.3分)
  iter 1639/2000: rollout平均ep報酬=   556.1 (エピソード数  4) policy_loss=-0.0278 value_loss=  43.778 entropy=-1.947 (この反復   2.4秒, 累計  72.3分)
  iter 1640/2000: rollout平均ep報酬=   207.0 (エピソード数 10) policy_loss=+0.0353 value_loss=  98.853 entropy=-1.956 (この反復   2.4秒, 累計  72.4分)
    → 決定的方策の評価: best_reward候補 = 871.5 (これまでのベスト = 1164.7)
  [checkpoint] これまでのベスト重みを ev3way_w1.npy/ev3way_w2.npy に中間保存しました
  iter 1641/2000: rollout平均ep報酬=   919.9 (エピソード数  4) policy_loss=+0.0031 value_loss=  28.536 entropy=-1.958 (この反復   2.5秒, 累計  72.5分)
  iter 1642/2000: rollout平均ep報酬=   405.2 (エピソード数  6) policy_loss=-0.0177 value_loss=  44.474 entropy=-1.925 (この反復   2.4秒, 累計  72.5分)
  iter 1643/2000: rollout平均ep報酬=   593.1 (エピソード数  4) policy_loss=-0.0416 value_loss=  39.980 entropy=-1.925 (この反復   2.3秒, 累計  72.5分)
  iter 1644/2000: rollout平均ep報酬=   173.3 (エピソード数 11) policy_loss=-0.0516 value_loss=  23.801 entropy=-1.915 (この反復   2.4秒, 累計  72.6分)
  iter 1645/2000: rollout平均ep報酬=   162.6 (エピソード数 12) policy_loss=+0.0190 value_loss=  59.320 entropy=-1.899 (この反復   2.3秒, 累計  72.6分)
    → 決定的方策の評価: best_reward候補 = 1082.4 (これまでのベスト = 1164.7)
  iter 1646/2000: rollout平均ep報酬=   330.7 (エピソード数  5) policy_loss=+0.0152 value_loss=  69.905 entropy=-1.890 (この反復   2.3秒, 累計  72.7分)
  iter 1647/2000: rollout平均ep報酬=   392.3 (エピソード数  7) policy_loss=+0.0389 value_loss=  71.014 entropy=-1.879 (この反復   2.5秒, 累計  72.7分)
  iter 1648/2000: rollout平均ep報酬=   290.8 (エピソード数  6) policy_loss=-0.0375 value_loss=  27.810 entropy=-1.880 (この反復   2.3秒, 累計  72.8分)
  iter 1649/2000: rollout平均ep報酬=   353.5 (エピソード数  7) policy_loss=+0.0236 value_loss= 113.667 entropy=-1.867 (この反復   2.5秒, 累計  72.8分)
  iter 1650/2000: rollout平均ep報酬=    88.7 (エピソード数 13) policy_loss=-0.0357 value_loss= 100.057 entropy=-1.866 (この反復   2.3秒, 累計  72.9分)
    → 決定的方策の評価: best_reward候補 = 863.7 (これまでのベスト = 1164.7)
  [checkpoint] これまでのベスト重みを ev3way_w1.npy/ev3way_w2.npy に中間保存しました
  iter 1651/2000: rollout平均ep報酬=   287.2 (エピソード数  8) policy_loss=+0.0476 value_loss=  49.225 entropy=-1.871 (この反復   2.8秒, 累計  72.9分)
  iter 1652/2000: rollout平均ep報酬=   403.5 (エピソード数  6) policy_loss=-0.0015 value_loss=  73.411 entropy=-1.861 (この反復   2.4秒, 累計  73.0分)
  iter 1653/2000: rollout平均ep報酬=   586.2 (エピソード数  5) policy_loss=-0.0845 value_loss=   7.696 entropy=-1.870 (この反復   2.4秒, 累計  73.0分)
  iter 1654/2000: rollout平均ep報酬=   368.4 (エピソード数  6) policy_loss=-0.0272 value_loss=  21.310 entropy=-1.880 (この反復   2.3秒, 累計  73.1分)
  iter 1655/2000: rollout平均ep報酬=   267.9 (エピソード数  8) policy_loss=-0.1258 value_loss=  21.359 entropy=-1.881 (この反復   2.4秒, 累計  73.1分)
    → 決定的方策の評価: best_reward候補 = 897.6 (これまでのベスト = 1164.7)
  iter 1656/2000: rollout平均ep報酬=   138.9 (エピソード数 13) policy_loss=-0.0255 value_loss=  46.378 entropy=-1.872 (この反復   2.5秒, 累計  73.2分)
  iter 1657/2000: rollout平均ep報酬=   914.3 (エピソード数  4) policy_loss=-0.0634 value_loss=  39.756 entropy=-1.868 (この反復   2.4秒, 累計  73.2分)
  iter 1658/2000: rollout平均ep報酬=   335.5 (エピソード数  7) policy_loss=+0.0558 value_loss=  68.670 entropy=-1.857 (この反復   2.6秒, 累計  73.3分)
  iter 1659/2000: rollout平均ep報酬=   891.1 (エピソード数  4) policy_loss=-0.0800 value_loss=  19.657 entropy=-1.874 (この反復   2.5秒, 累計  73.3分)
  iter 1660/2000: rollout平均ep報酬=   301.4 (エピソード数  7) policy_loss=-0.0367 value_loss=  40.240 entropy=-1.883 (この反復   2.3秒, 累計  73.3分)
    → 決定的方策の評価: best_reward候補 = 881.6 (これまでのベスト = 1164.7)
  [checkpoint] これまでのベスト重みを ev3way_w1.npy/ev3way_w2.npy に中間保存しました
  iter 1661/2000: rollout平均ep報酬=   438.4 (エピソード数  6) policy_loss=-0.0287 value_loss=  22.039 entropy=-1.875 (この反復   2.5秒, 累計  73.4分)
  iter 1662/2000: rollout平均ep報酬=   195.7 (エピソード数 10) policy_loss=+0.0149 value_loss= 109.792 entropy=-1.875 (この反復   2.2秒, 累計  73.5分)
  iter 1663/2000: rollout平均ep報酬=   780.4 (エピソード数  4) policy_loss=+0.0309 value_loss=  31.860 entropy=-1.871 (この反復   2.5秒, 累計  73.5分)
  iter 1664/2000: rollout平均ep報酬=   103.6 (エピソード数 11) policy_loss=-0.0224 value_loss=  68.366 entropy=-1.870 (この反復   2.4秒, 累計  73.5分)
  iter 1665/2000: rollout平均ep報酬=   179.3 (エピソード数 10) policy_loss=+0.0022 value_loss=  60.758 entropy=-1.860 (この反復   2.3秒, 累計  73.6分)
    → 決定的方策の評価: best_reward候補 = 900.4 (これまでのベスト = 1164.7)
  iter 1666/2000: rollout平均ep報酬=   193.4 (エピソード数 11) policy_loss=+0.0383 value_loss= 110.453 entropy=-1.851 (この反復   2.4秒, 累計  73.6分)
  iter 1667/2000: rollout平均ep報酬=   198.4 (エピソード数  9) policy_loss=-0.0500 value_loss=  48.171 entropy=-1.843 (この反復   2.2秒, 累計  73.7分)
  iter 1668/2000: rollout平均ep報酬=   236.0 (エピソード数  4) policy_loss=+0.0295 value_loss=  76.596 entropy=-1.851 (この反復   2.2秒, 累計  73.7分)
  iter 1669/2000: rollout平均ep報酬=   296.5 (エピソード数  7) policy_loss=-0.0879 value_loss=  10.225 entropy=-1.857 (この反復   2.2秒, 累計  73.8分)
  iter 1670/2000: rollout平均ep報酬=   386.6 (エピソード数  5) policy_loss=-0.0558 value_loss=  13.755 entropy=-1.863 (この反復   2.2秒, 累計  73.8分)
    → 決定的方策の評価: best_reward候補 = 859.0 (これまでのベスト = 1164.7)
  [checkpoint] これまでのベスト重みを ev3way_w1.npy/ev3way_w2.npy に中間保存しました
  iter 1671/2000: rollout平均ep報酬=   264.1 (エピソード数  9) policy_loss=+0.0035 value_loss=  60.070 entropy=-1.868 (この反復   2.4秒, 累計  73.9分)
  iter 1672/2000: rollout平均ep報酬=   164.9 (エピソード数  8) policy_loss=-0.0462 value_loss=  69.818 entropy=-1.873 (この反復   2.2秒, 累計  73.9分)
  iter 1673/2000: rollout平均ep報酬=    95.8 (エピソード数  8) policy_loss=-0.0298 value_loss=  56.036 entropy=-1.880 (この反復   2.3秒, 累計  74.0分)
  iter 1674/2000: rollout平均ep報酬=   -27.7 (エピソード数 10) policy_loss=-0.0113 value_loss= 170.727 entropy=-1.881 (この反復   2.2秒, 累計  74.0分)
  iter 1675/2000: rollout平均ep報酬=   273.9 (エピソード数  9) policy_loss=+0.0467 value_loss=  50.308 entropy=-1.881 (この反復   2.4秒, 累計  74.0分)
    → 決定的方策の評価: best_reward候補 = 869.8 (これまでのベスト = 1164.7)
  iter 1676/2000: rollout平均ep報酬=   207.8 (エピソード数  7) policy_loss=+0.0771 value_loss= 163.489 entropy=-1.888 (この反復   2.1秒, 累計  74.1分)
  iter 1677/2000: rollout平均ep報酬=    40.6 (エピソード数 16) policy_loss=-0.0063 value_loss=  99.609 entropy=-1.888 (この反復   2.3秒, 累計  74.1分)
  iter 1678/2000: rollout平均ep報酬=   305.9 (エピソード数  8) policy_loss=+0.0964 value_loss= 172.254 entropy=-1.874 (この反復   2.3秒, 累計  74.2分)
  iter 1679/2000: rollout平均ep報酬=   378.2 (エピソード数  6) policy_loss=+0.0009 value_loss=  87.525 entropy=-1.873 (この反復   2.2秒, 累計  74.2分)
  iter 1680/2000: rollout平均ep報酬=   248.1 (エピソード数  8) policy_loss=-0.0087 value_loss=  29.005 entropy=-1.862 (この反復   2.3秒, 累計  74.3分)
    → 決定的方策の評価: best_reward候補 = 876.6 (これまでのベスト = 1164.7)
  [checkpoint] これまでのベスト重みを ev3way_w1.npy/ev3way_w2.npy に中間保存しました
  iter 1681/2000: rollout平均ep報酬=   263.3 (エピソード数  7) policy_loss=-0.0741 value_loss=  14.828 entropy=-1.861 (この反復   2.3秒, 累計  74.3分)
  iter 1682/2000: rollout平均ep報酬=   149.7 (エピソード数 12) policy_loss=-0.0398 value_loss=  57.254 entropy=-1.850 (この反復   2.4秒, 累計  74.4分)
  iter 1683/2000: rollout平均ep報酬=   280.2 (エピソード数  7) policy_loss=-0.0343 value_loss=  41.787 entropy=-1.843 (この反復   2.2秒, 累計  74.4分)
  iter 1684/2000: rollout平均ep報酬=   695.3 (エピソード数  4) policy_loss=+0.0890 value_loss=  11.489 entropy=-1.841 (この反復   2.4秒, 累計  74.5分)
  iter 1685/2000: rollout平均ep報酬=    85.3 (エピソード数 13) policy_loss=-0.0518 value_loss=  16.750 entropy=-1.841 (この反復   2.4秒, 累計  74.5分)
    → 決定的方策の評価: best_reward候補 = 1106.2 (これまでのベスト = 1164.7)
  iter 1686/2000: rollout平均ep報酬=   145.3 (エピソード数 10) policy_loss=-0.0800 value_loss=  24.401 entropy=-1.838 (この反復   2.4秒, 累計  74.6分)
  iter 1687/2000: rollout平均ep報酬=   284.8 (エピソード数  7) policy_loss=-0.0566 value_loss=  14.143 entropy=-1.840 (この反復   2.4秒, 累計  74.6分)
  iter 1688/2000: rollout平均ep報酬=   212.2 (エピソード数  8) policy_loss=-0.0001 value_loss=  47.233 entropy=-1.836 (この反復   2.3秒, 累計  74.7分)
  iter 1689/2000: rollout平均ep報酬=   139.6 (エピソード数  8) policy_loss=+0.0549 value_loss= 100.767 entropy=-1.828 (この反復   2.4秒, 累計  74.7分)
  iter 1690/2000: rollout平均ep報酬=   462.2 (エピソード数  6) policy_loss=-0.0261 value_loss=  31.836 entropy=-1.810 (この反復   2.5秒, 累計  74.7分)
    → 決定的方策の評価: best_reward候補 = 1081.8 (これまでのベスト = 1164.7)
  [checkpoint] これまでのベスト重みを ev3way_w1.npy/ev3way_w2.npy に中間保存しました
  iter 1691/2000: rollout平均ep報酬=   307.2 (エピソード数  6) policy_loss=-0.0207 value_loss=  63.625 entropy=-1.798 (この反復   2.3秒, 累計  74.8分)
  iter 1692/2000: rollout平均ep報酬=    67.6 (エピソード数  9) policy_loss=+0.0557 value_loss=  22.545 entropy=-1.796 (この反復   2.4秒, 累計  74.9分)
  iter 1693/2000: rollout平均ep報酬=   137.5 (エピソード数 10) policy_loss=-0.0169 value_loss= 142.554 entropy=-1.798 (この反復   2.2秒, 累計  74.9分)
  iter 1694/2000: rollout平均ep報酬=   172.1 (エピソード数 11) policy_loss=-0.0304 value_loss=  46.820 entropy=-1.791 (この反復   2.5秒, 累計  74.9分)
  iter 1695/2000: rollout平均ep報酬=   344.3 (エピソード数  6) policy_loss=-0.0116 value_loss=  49.762 entropy=-1.782 (この反復   2.4秒, 累計  75.0分)
    → 決定的方策の評価: best_reward候補 = 850.6 (これまでのベスト = 1164.7)
  iter 1696/2000: rollout平均ep報酬=    91.2 (エピソード数 15) policy_loss=-0.0175 value_loss=  62.610 entropy=-1.780 (この反復   2.2秒, 累計  75.1分)
  iter 1697/2000: rollout平均ep報酬=   217.2 (エピソード数 10) policy_loss=-0.0546 value_loss=  26.386 entropy=-1.782 (この反復   2.2秒, 累計  75.1分)
  iter 1698/2000: rollout平均ep報酬=   271.9 (エピソード数  6) policy_loss=-0.0516 value_loss=   8.612 entropy=-1.787 (この反復   2.3秒, 累計  75.1分)
  iter 1699/2000: rollout平均ep報酬=   115.1 (エピソード数 12) policy_loss=-0.0533 value_loss=  17.616 entropy=-1.794 (この反復   2.3秒, 累計  75.2分)
  iter 1700/2000: rollout平均ep報酬=   191.8 (エピソード数 10) policy_loss=+0.0278 value_loss=  77.694 entropy=-1.790 (この反復   2.4秒, 累計  75.2分)
    → 決定的方策の評価: best_reward候補 = 860.5 (これまでのベスト = 1164.7)
  [checkpoint] これまでのベスト重みを ev3way_w1.npy/ev3way_w2.npy に中間保存しました
  iter 1701/2000: rollout平均ep報酬=   246.3 (エピソード数  9) policy_loss=-0.0553 value_loss=  27.621 entropy=-1.780 (この反復   2.5秒, 累計  75.3分)
  iter 1702/2000: rollout平均ep報酬=   382.5 (エピソード数  6) policy_loss=-0.0683 value_loss=  12.081 entropy=-1.777 (この反復   2.2秒, 累計  75.3分)
  iter 1703/2000: rollout平均ep報酬=   236.5 (エピソード数  8) policy_loss=-0.0134 value_loss=  55.965 entropy=-1.784 (この反復   2.2秒, 累計  75.4分)
  iter 1704/2000: rollout平均ep報酬=   294.4 (エピソード数  7) policy_loss=+0.0420 value_loss= 126.135 entropy=-1.799 (この反復   2.2秒, 累計  75.4分)
  iter 1705/2000: rollout平均ep報酬=  1065.4 (エピソード数  4) policy_loss=+0.0095 value_loss=  26.282 entropy=-1.806 (この反復   2.4秒, 累計  75.4分)
    → 決定的方策の評価: best_reward候補 = 864.5 (これまでのベスト = 1164.7)
  iter 1706/2000: rollout平均ep報酬=   473.0 (エピソード数  6) policy_loss=-0.0125 value_loss=  47.279 entropy=-1.797 (この反復   2.2秒, 累計  75.5分)
  iter 1707/2000: rollout平均ep報酬=    56.4 (エピソード数 16) policy_loss=-0.0080 value_loss= 122.991 entropy=-1.800 (この反復   2.2秒, 累計  75.6分)
  iter 1708/2000: rollout平均ep報酬=   185.9 (エピソード数  9) policy_loss=+0.0115 value_loss=  33.291 entropy=-1.799 (この反復   2.2秒, 累計  75.6分)
  iter 1709/2000: rollout平均ep報酬=   612.7 (エピソード数  5) policy_loss=-0.0721 value_loss=  21.052 entropy=-1.783 (この反復   2.6秒, 累計  75.6分)
  iter 1710/2000: rollout平均ep報酬=   558.0 (エピソード数  5) policy_loss=+0.0166 value_loss=  19.951 entropy=-1.792 (この反復   2.4秒, 累計  75.7分)
    → 決定的方策の評価: best_reward候補 = 855.7 (これまでのベスト = 1164.7)
  [checkpoint] これまでのベスト重みを ev3way_w1.npy/ev3way_w2.npy に中間保存しました
  iter 1711/2000: rollout平均ep報酬=   226.1 (エピソード数  8) policy_loss=-0.0054 value_loss=  49.950 entropy=-1.789 (この反復   2.3秒, 累計  75.8分)
  iter 1712/2000: rollout平均ep報酬=   275.3 (エピソード数  9) policy_loss=+0.0031 value_loss=  56.375 entropy=-1.793 (この反復   2.4秒, 累計  75.8分)
  iter 1713/2000: rollout平均ep報酬=   604.6 (エピソード数  5) policy_loss=+0.0083 value_loss=   7.649 entropy=-1.818 (この反復   2.3秒, 累計  75.8分)
  iter 1714/2000: rollout平均ep報酬=   537.2 (エピソード数  5) policy_loss=-0.0054 value_loss=  20.777 entropy=-1.808 (この反復   2.4秒, 累計  75.9分)
  iter 1715/2000: rollout平均ep報酬=   209.9 (エピソード数  8) policy_loss=-0.0017 value_loss=  80.631 entropy=-1.811 (この反復   2.3秒, 累計  75.9分)
    → 決定的方策の評価: best_reward候補 = 612.3 (これまでのベスト = 1164.7)
  iter 1716/2000: rollout平均ep報酬=   187.8 (エピソード数 11) policy_loss=+0.0509 value_loss= 110.927 entropy=-1.809 (この反復   2.4秒, 累計  76.0分)
  iter 1717/2000: rollout平均ep報酬=    33.2 (エピソード数 16) policy_loss=-0.0552 value_loss=  56.515 entropy=-1.806 (この反復   2.3秒, 累計  76.0分)
  iter 1718/2000: rollout平均ep報酬=   317.9 (エピソード数  7) policy_loss=+0.0574 value_loss=  35.547 entropy=-1.806 (この反復   2.3秒, 累計  76.1分)
  iter 1719/2000: rollout平均ep報酬=   954.8 (エピソード数  4) policy_loss=+0.0001 value_loss=   9.788 entropy=-1.833 (この反復   2.3秒, 累計  76.1分)
  iter 1720/2000: rollout平均ep報酬=   185.4 (エピソード数 12) policy_loss=-0.0844 value_loss=  16.023 entropy=-1.832 (この反復   2.5秒, 累計  76.1分)
    → 決定的方策の評価: best_reward候補 = 662.1 (これまでのベスト = 1164.7)
  [checkpoint] これまでのベスト重みを ev3way_w1.npy/ev3way_w2.npy に中間保存しました
  iter 1721/2000: rollout平均ep報酬=   552.8 (エピソード数  5) policy_loss=-0.0975 value_loss=   3.042 entropy=-1.875 (この反復   2.3秒, 累計  76.2分)
  iter 1722/2000: rollout平均ep報酬=   314.0 (エピソード数  8) policy_loss=-0.0823 value_loss=  13.749 entropy=-1.873 (この反復   2.6秒, 累計  76.2分)
  iter 1723/2000: rollout平均ep報酬=   339.7 (エピソード数  7) policy_loss=+0.0236 value_loss=  50.816 entropy=-1.867 (この反復   2.3秒, 累計  76.3分)
  iter 1724/2000: rollout平均ep報酬=   180.2 (エピソード数 10) policy_loss=+0.0278 value_loss=  43.576 entropy=-1.867 (この反復   2.4秒, 累計  76.3分)
  iter 1725/2000: rollout平均ep報酬=   109.2 (エピソード数 17) policy_loss=-0.0102 value_loss=  60.881 entropy=-1.864 (この反復   2.5秒, 累計  76.4分)
    → 決定的方策の評価: best_reward候補 = 644.4 (これまでのベスト = 1164.7)
  iter 1726/2000: rollout平均ep報酬=   647.2 (エピソード数  5) policy_loss=+0.0060 value_loss=  40.868 entropy=-1.817 (この反復   2.6秒, 累計  76.4分)
  iter 1727/2000: rollout平均ep報酬=   226.4 (エピソード数 10) policy_loss=-0.0156 value_loss=  62.895 entropy=-1.811 (この反復   2.4秒, 累計  76.5分)
  iter 1728/2000: rollout平均ep報酬=   293.9 (エピソード数  7) policy_loss=-0.0078 value_loss=  24.236 entropy=-1.810 (この反復   2.2秒, 累計  76.5分)
  iter 1729/2000: rollout平均ep報酬=   596.8 (エピソード数  4) policy_loss=-0.1326 value_loss=   9.984 entropy=-1.834 (この反復   2.2秒, 累計  76.6分)
  iter 1730/2000: rollout平均ep報酬=   258.1 (エピソード数  9) policy_loss=-0.0162 value_loss=  44.362 entropy=-1.835 (この反復   2.3秒, 累計  76.6分)
    → 決定的方策の評価: best_reward候補 = 619.7 (これまでのベスト = 1164.7)
  [checkpoint] これまでのベスト重みを ev3way_w1.npy/ev3way_w2.npy に中間保存しました
  iter 1731/2000: rollout平均ep報酬=   235.4 (エピソード数  9) policy_loss=+0.0069 value_loss=  48.641 entropy=-1.827 (この反復   2.4秒, 累計  76.7分)
  iter 1732/2000: rollout平均ep報酬=   629.8 (エピソード数  4) policy_loss=-0.0547 value_loss=   4.721 entropy=-1.821 (この反復   2.2秒, 累計  76.7分)
  iter 1733/2000: rollout平均ep報酬=   323.5 (エピソード数  7) policy_loss=+0.0546 value_loss=  29.234 entropy=-1.806 (この反復   2.3秒, 累計  76.7分)
  iter 1734/2000: rollout平均ep報酬=   229.2 (エピソード数  9) policy_loss=+0.0379 value_loss=  78.543 entropy=-1.805 (この反復   2.2秒, 累計  76.8分)
  iter 1735/2000: rollout平均ep報酬=   229.4 (エピソード数  6) policy_loss=-0.0226 value_loss=  37.159 entropy=-1.804 (この反復   2.3秒, 累計  76.8分)
    → 決定的方策の評価: best_reward候補 = 379.7 (これまでのベスト = 1164.7)
  iter 1736/2000: rollout平均ep報酬=   505.0 (エピソード数  4) policy_loss=+0.0040 value_loss=  19.546 entropy=-1.802 (この反復   2.3秒, 累計  76.9分)
  iter 1737/2000: rollout平均ep報酬=   303.3 (エピソード数  5) policy_loss=-0.0610 value_loss=  23.964 entropy=-1.806 (この反復   2.2秒, 累計  76.9分)
  iter 1738/2000: rollout平均ep報酬=    96.1 (エピソード数 14) policy_loss=+0.0088 value_loss=  93.811 entropy=-1.807 (この反復   2.4秒, 累計  76.9分)
  iter 1739/2000: rollout平均ep報酬=   157.6 (エピソード数 13) policy_loss=+0.0840 value_loss= 199.967 entropy=-1.804 (この反復   2.5秒, 累計  77.0分)
  iter 1740/2000: rollout平均ep報酬=   420.7 (エピソード数  7) policy_loss=-0.0552 value_loss=  24.437 entropy=-1.799 (この反復   2.4秒, 累計  77.0分)
    → 決定的方策の評価: best_reward候補 = 628.6 (これまでのベスト = 1164.7)
  [checkpoint] これまでのベスト重みを ev3way_w1.npy/ev3way_w2.npy に中間保存しました
  iter 1741/2000: rollout平均ep報酬=   360.8 (エピソード数  7) policy_loss=-0.0073 value_loss=  77.953 entropy=-1.798 (この反復   2.4秒, 累計  77.1分)
  iter 1742/2000: rollout平均ep報酬=   199.5 (エピソード数  9) policy_loss=-0.0317 value_loss=  20.528 entropy=-1.804 (この反復   2.2秒, 累計  77.1分)
  iter 1743/2000: rollout平均ep報酬=   319.6 (エピソード数  7) policy_loss=+0.1021 value_loss=  56.170 entropy=-1.803 (この反復   2.2秒, 累計  77.2分)
  iter 1744/2000: rollout平均ep報酬=   330.7 (エピソード数  7) policy_loss=-0.0260 value_loss=  54.707 entropy=-1.804 (この反復   2.5秒, 累計  77.2分)
  iter 1745/2000: rollout平均ep報酬=   129.7 (エピソード数 10) policy_loss=+0.0345 value_loss= 117.005 entropy=-1.804 (この反復   2.2秒, 累計  77.2分)
    → 決定的方策の評価: best_reward候補 = 620.7 (これまでのベスト = 1164.7)
  iter 1746/2000: rollout平均ep報酬=   500.7 (エピソード数  6) policy_loss=-0.0258 value_loss=  30.341 entropy=-1.798 (この反復   2.5秒, 累計  77.3分)
  iter 1747/2000: rollout平均ep報酬=   858.4 (エピソード数  4) policy_loss=-0.0163 value_loss=  26.206 entropy=-1.812 (この反復   2.4秒, 累計  77.4分)
  iter 1748/2000: rollout平均ep報酬=   156.1 (エピソード数 10) policy_loss=-0.0067 value_loss=  34.782 entropy=-1.814 (この反復   2.2秒, 累計  77.4分)
  iter 1749/2000: rollout平均ep報酬=   147.5 (エピソード数  7) policy_loss=+0.0357 value_loss=  63.526 entropy=-1.820 (この反復   2.3秒, 累計  77.4分)
  iter 1750/2000: rollout平均ep報酬=   383.1 (エピソード数  7) policy_loss=-0.0736 value_loss=  21.660 entropy=-1.823 (この反復   2.3秒, 累計  77.5分)
    → 決定的方策の評価: best_reward候補 = 679.3 (これまでのベスト = 1164.7)
  [checkpoint] これまでのベスト重みを ev3way_w1.npy/ev3way_w2.npy に中間保存しました
  iter 1751/2000: rollout平均ep報酬=   478.9 (エピソード数  5) policy_loss=-0.0679 value_loss=  11.544 entropy=-1.828 (この反復   2.2秒, 累計  77.5分)
  iter 1752/2000: rollout平均ep報酬=   457.3 (エピソード数  6) policy_loss=+0.0145 value_loss=  57.154 entropy=-1.817 (この反復   2.4秒, 累計  77.6分)
  iter 1753/2000: rollout平均ep報酬=   201.0 (エピソード数  9) policy_loss=-0.0527 value_loss=  39.248 entropy=-1.819 (この反復   2.3秒, 累計  77.6分)
  iter 1754/2000: rollout平均ep報酬=   471.2 (エピソード数  4) policy_loss=+0.0975 value_loss=  62.164 entropy=-1.826 (この反復   2.5秒, 累計  77.7分)
  iter 1755/2000: rollout平均ep報酬=   302.4 (エピソード数  8) policy_loss=+0.0430 value_loss=  95.460 entropy=-1.830 (この反復   2.2秒, 累計  77.7分)
    → 決定的方策の評価: best_reward候補 = 616.3 (これまでのベスト = 1164.7)
  iter 1756/2000: rollout平均ep報酬=   713.6 (エピソード数  4) policy_loss=-0.0324 value_loss=   7.038 entropy=-1.835 (この反復   2.3秒, 累計  77.8分)
  iter 1757/2000: rollout平均ep報酬=    67.2 (エピソード数  7) policy_loss=-0.0316 value_loss=  42.933 entropy=-1.845 (この反復   2.2秒, 累計  77.8分)
  iter 1758/2000: rollout平均ep報酬=   281.1 (エピソード数  7) policy_loss=-0.0425 value_loss=  19.756 entropy=-1.859 (この反復   2.2秒, 累計  77.8分)
  iter 1759/2000: rollout平均ep報酬=   141.6 (エピソード数 15) policy_loss=+0.0650 value_loss= 205.446 entropy=-1.857 (この反復   2.6秒, 累計  77.9分)
  iter 1760/2000: rollout平均ep報酬=   294.3 (エピソード数  8) policy_loss=+0.0650 value_loss= 121.433 entropy=-1.856 (この反復   2.2秒, 累計  77.9分)
    → 決定的方策の評価: best_reward候補 = 632.5 (これまでのベスト = 1164.7)
  [checkpoint] これまでのベスト重みを ev3way_w1.npy/ev3way_w2.npy に中間保存しました
  iter 1761/2000: rollout平均ep報酬=    -6.1 (エピソード数 16) policy_loss=+0.0358 value_loss=  47.935 entropy=-1.861 (この反復   2.3秒, 累計  78.0分)
  iter 1762/2000: rollout平均ep報酬=   179.1 (エピソード数 11) policy_loss=-0.0449 value_loss=  13.888 entropy=-1.851 (この反復   2.4秒, 累計  78.0分)
  iter 1763/2000: rollout平均ep報酬=   167.3 (エピソード数  9) policy_loss=+0.0179 value_loss=  62.531 entropy=-1.859 (この反復   2.2秒, 累計  78.1分)
  iter 1764/2000: rollout平均ep報酬=   175.9 (エピソード数 11) policy_loss=-0.0601 value_loss=  96.230 entropy=-1.858 (この反復   2.3秒, 累計  78.1分)
  iter 1765/2000: rollout平均ep報酬=    76.7 (エピソード数 15) policy_loss=-0.0456 value_loss=  38.907 entropy=-1.867 (この反復   2.3秒, 累計  78.1分)
    → 決定的方策の評価: best_reward候補 = 423.0 (これまでのベスト = 1164.7)
  iter 1766/2000: rollout平均ep報酬=   265.6 (エピソード数  9) policy_loss=+0.0349 value_loss=  16.262 entropy=-1.862 (この反復   2.6秒, 累計  78.2分)
  iter 1767/2000: rollout平均ep報酬=   540.1 (エピソード数  5) policy_loss=+0.0065 value_loss=  14.848 entropy=-1.872 (この反復   2.2秒, 累計  78.2分)
  iter 1768/2000: rollout平均ep報酬=   528.0 (エピソード数  5) policy_loss=+0.0582 value_loss=  65.830 entropy=-1.871 (この反復   2.3秒, 累計  78.3分)
  iter 1769/2000: rollout平均ep報酬=    42.4 (エピソード数 17) policy_loss=-0.0489 value_loss=  85.295 entropy=-1.875 (この反復   2.3秒, 累計  78.3分)
  iter 1770/2000: rollout平均ep報酬=   286.7 (エピソード数  8) policy_loss=-0.0110 value_loss=  46.856 entropy=-1.881 (この反復   2.3秒, 累計  78.4分)
    → 決定的方策の評価: best_reward候補 = 624.3 (これまでのベスト = 1164.7)
  [checkpoint] これまでのベスト重みを ev3way_w1.npy/ev3way_w2.npy に中間保存しました
  iter 1771/2000: rollout平均ep報酬=   693.1 (エピソード数  4) policy_loss=-0.0670 value_loss=  26.243 entropy=-1.897 (この反復   2.2秒, 累計  78.4分)
  iter 1772/2000: rollout平均ep報酬=   562.8 (エピソード数  5) policy_loss=+0.0360 value_loss=  16.638 entropy=-1.911 (この反復   2.3秒, 累計  78.5分)
  iter 1773/2000: rollout平均ep報酬=   394.2 (エピソード数  5) policy_loss=+0.0555 value_loss=  53.081 entropy=-1.914 (この反復   2.3秒, 累計  78.5分)
  iter 1774/2000: rollout平均ep報酬=   151.4 (エピソード数 13) policy_loss=+0.0926 value_loss=  96.846 entropy=-1.912 (この反復   2.4秒, 累計  78.5分)
  iter 1775/2000: rollout平均ep報酬=   139.4 (エピソード数 11) policy_loss=+0.0418 value_loss=  83.398 entropy=-1.902 (この反復   2.5秒, 累計  78.6分)
    → 決定的方策の評価: best_reward候補 = 858.9 (これまでのベスト = 1164.7)
  iter 1776/2000: rollout平均ep報酬=   251.7 (エピソード数  8) policy_loss=+0.0500 value_loss=  87.457 entropy=-1.895 (この反復   2.4秒, 累計  78.7分)
  iter 1777/2000: rollout平均ep報酬=   375.2 (エピソード数  6) policy_loss=-0.0037 value_loss=  63.408 entropy=-1.903 (この反復   2.4秒, 累計  78.7分)
  iter 1778/2000: rollout平均ep報酬=   572.8 (エピソード数  5) policy_loss=+0.0488 value_loss=   8.431 entropy=-1.900 (この反復   2.5秒, 累計  78.7分)
  iter 1779/2000: rollout平均ep報酬=   261.4 (エピソード数  7) policy_loss=-0.0279 value_loss=  29.872 entropy=-1.904 (この反復   2.2秒, 累計  78.8分)
  iter 1780/2000: rollout平均ep報酬=   198.0 (エピソード数 10) policy_loss=+0.0641 value_loss= 115.393 entropy=-1.905 (この反復   2.5秒, 累計  78.8分)
    → 決定的方策の評価: best_reward候補 = 1089.9 (これまでのベスト = 1164.7)
  [checkpoint] これまでのベスト重みを ev3way_w1.npy/ev3way_w2.npy に中間保存しました
  iter 1781/2000: rollout平均ep報酬=   211.2 (エピソード数  8) policy_loss=-0.0473 value_loss=  37.285 entropy=-1.900 (この反復   2.5秒, 累計  78.9分)
  iter 1782/2000: rollout平均ep報酬=     1.6 (エピソード数 18) policy_loss=+0.0875 value_loss=  91.457 entropy=-1.896 (この反復   2.3秒, 累計  78.9分)
  iter 1783/2000: rollout平均ep報酬=   244.0 (エピソード数  8) policy_loss=+0.0019 value_loss=  43.711 entropy=-1.883 (この反復   2.6秒, 累計  79.0分)
  iter 1784/2000: rollout平均ep報酬=   373.5 (エピソード数  7) policy_loss=+0.0559 value_loss=  81.992 entropy=-1.870 (この反復   2.4秒, 累計  79.0分)
  iter 1785/2000: rollout平均ep報酬=   185.7 (エピソード数 11) policy_loss=-0.0507 value_loss=  12.651 entropy=-1.875 (この反復   2.4秒, 累計  79.1分)
    → 決定的方策の評価: best_reward候補 = 1079.0 (これまでのベスト = 1164.7)
  iter 1786/2000: rollout平均ep報酬=  1046.4 (エピソード数  4) policy_loss=+0.0153 value_loss=   5.603 entropy=-1.859 (この反復   2.5秒, 累計  79.2分)
  iter 1787/2000: rollout平均ep報酬=   232.2 (エピソード数  9) policy_loss=-0.0437 value_loss=  37.118 entropy=-1.855 (この反復   2.2秒, 累計  79.2分)
  iter 1788/2000: rollout平均ep報酬=   313.7 (エピソード数  6) policy_loss=+0.0006 value_loss=  48.908 entropy=-1.857 (この反復   2.2秒, 累計  79.2分)
  iter 1789/2000: rollout平均ep報酬=    94.7 (エピソード数 11) policy_loss=-0.0236 value_loss= 146.269 entropy=-1.857 (この反復   2.2秒, 累計  79.3分)
  iter 1790/2000: rollout平均ep報酬=    93.4 (エピソード数 14) policy_loss=+0.0535 value_loss=  82.621 entropy=-1.842 (この反復   2.3秒, 累計  79.3分)
    → 決定的方策の評価: best_reward候補 = 921.7 (これまでのベスト = 1164.7)
  [checkpoint] これまでのベスト重みを ev3way_w1.npy/ev3way_w2.npy に中間保存しました
  iter 1791/2000: rollout平均ep報酬=   184.3 (エピソード数 11) policy_loss=+0.0056 value_loss=  47.278 entropy=-1.838 (この反復   2.4秒, 累計  79.4分)
  iter 1792/2000: rollout平均ep報酬=   187.4 (エピソード数 11) policy_loss=+0.0114 value_loss= 153.421 entropy=-1.830 (この反復   2.5秒, 累計  79.4分)
  iter 1793/2000: rollout平均ep報酬=   366.5 (エピソード数  6) policy_loss=-0.0563 value_loss=  20.962 entropy=-1.838 (この反復   2.2秒, 累計  79.5分)
  iter 1794/2000: rollout平均ep報酬=   688.3 (エピソード数  4) policy_loss=-0.0192 value_loss=  22.317 entropy=-1.857 (この反復   2.1秒, 累計  79.5分)
  iter 1795/2000: rollout平均ep報酬=  1018.3 (エピソード数  4) policy_loss=-0.0662 value_loss=   3.884 entropy=-1.908 (この反復   2.4秒, 累計  79.5分)
    → 決定的方策の評価: best_reward候補 = 1122.6 (これまでのベスト = 1164.7)
  iter 1796/2000: rollout平均ep報酬=   280.9 (エピソード数  8) policy_loss=+0.0111 value_loss=  30.841 entropy=-1.915 (この反復   2.1秒, 累計  79.6分)
  iter 1797/2000: rollout平均ep報酬=   374.4 (エピソード数  6) policy_loss=+0.0267 value_loss=  38.117 entropy=-1.913 (この反復   2.4秒, 累計  79.7分)
  iter 1798/2000: rollout平均ep報酬=   187.3 (エピソード数 13) policy_loss=-0.0365 value_loss=  46.967 entropy=-1.894 (この反復   2.7秒, 累計  79.7分)
  iter 1799/2000: rollout平均ep報酬=   293.8 (エピソード数  7) policy_loss=-0.0868 value_loss=  87.231 entropy=-1.890 (この反復   2.2秒, 累計  79.7分)
  iter 1800/2000: rollout平均ep報酬=    40.0 (エピソード数 15) policy_loss=+0.0358 value_loss=  90.398 entropy=-1.890 (この反復   2.4秒, 累計  79.8分)
    → 決定的方策の評価: best_reward候補 = 940.6 (これまでのベスト = 1164.7)
  [checkpoint] これまでのベスト重みを ev3way_w1.npy/ev3way_w2.npy に中間保存しました
  iter 1801/2000: rollout平均ep報酬=   261.8 (エピソード数  9) policy_loss=+0.0375 value_loss= 143.549 entropy=-1.889 (この反復   2.5秒, 累計  79.9分)
  iter 1802/2000: rollout平均ep報酬=   204.5 (エピソード数  9) policy_loss=-0.0080 value_loss=  65.710 entropy=-1.886 (この反復   2.3秒, 累計  79.9分)
  iter 1803/2000: rollout平均ep報酬=   439.8 (エピソード数  6) policy_loss=-0.0333 value_loss=  44.457 entropy=-1.884 (この反復   2.4秒, 累計  79.9分)
  iter 1804/2000: rollout平均ep報酬=   107.3 (エピソード数 17) policy_loss=+0.0636 value_loss= 119.894 entropy=-1.879 (この反復   2.8秒, 累計  80.0分)
  iter 1805/2000: rollout平均ep報酬=   989.5 (エピソード数  4) policy_loss=-0.0482 value_loss=  11.205 entropy=-1.878 (この反復   2.4秒, 累計  80.0分)
    → 決定的方策の評価: best_reward候補 = 922.8 (これまでのベスト = 1164.7)
  iter 1806/2000: rollout平均ep報酬=   672.4 (エピソード数  4) policy_loss=+0.0669 value_loss=  31.168 entropy=-1.873 (この反復   2.4秒, 累計  80.1分)
  iter 1807/2000: rollout平均ep報酬=   378.4 (エピソード数  4) policy_loss=+0.0365 value_loss=  65.038 entropy=-1.887 (この反復   2.1秒, 累計  80.1分)
  iter 1808/2000: rollout平均ep報酬=   389.3 (エピソード数  6) policy_loss=-0.0057 value_loss=  19.928 entropy=-1.899 (この反復   2.2秒, 累計  80.2分)
  iter 1809/2000: rollout平均ep報酬=    59.5 (エピソード数 19) policy_loss=+0.1003 value_loss= 177.072 entropy=-1.890 (この反復   2.5秒, 累計  80.2分)
  iter 1810/2000: rollout平均ep報酬=   251.6 (エピソード数 10) policy_loss=+0.0881 value_loss= 130.572 entropy=-1.915 (この反復   2.4秒, 累計  80.3分)
    → 決定的方策の評価: best_reward候補 = 885.4 (これまでのベスト = 1164.7)
  [checkpoint] これまでのベスト重みを ev3way_w1.npy/ev3way_w2.npy に中間保存しました
  iter 1811/2000: rollout平均ep報酬=    51.6 (エピソード数 21) policy_loss=-0.0362 value_loss=  68.521 entropy=-1.912 (この反復   2.4秒, 累計  80.3分)
  iter 1812/2000: rollout平均ep報酬=   234.0 (エピソード数  9) policy_loss=-0.0016 value_loss=  61.589 entropy=-1.905 (この反復   2.4秒, 累計  80.4分)
  iter 1813/2000: rollout平均ep報酬=   334.1 (エピソード数  6) policy_loss=+0.1250 value_loss= 110.200 entropy=-1.907 (この反復   2.3秒, 累計  80.4分)
  iter 1814/2000: rollout平均ep報酬=   147.5 (エピソード数 11) policy_loss=-0.0086 value_loss=  38.884 entropy=-1.910 (この反復   2.1秒, 累計  80.5分)
  iter 1815/2000: rollout平均ep報酬=   214.4 (エピソード数  9) policy_loss=-0.0566 value_loss=  17.088 entropy=-1.914 (この反復   2.3秒, 累計  80.5分)
    → 決定的方策の評価: best_reward候補 = 641.9 (これまでのベスト = 1164.7)
  iter 1816/2000: rollout平均ep報酬=   802.1 (エピソード数  4) policy_loss=+0.0224 value_loss=  37.508 entropy=-1.907 (この反復   2.4秒, 累計  80.6分)
  iter 1817/2000: rollout平均ep報酬=   502.5 (エピソード数  5) policy_loss=-0.0301 value_loss=  12.547 entropy=-1.910 (この反復   2.3秒, 累計  80.6分)
  iter 1818/2000: rollout平均ep報酬=   121.1 (エピソード数 11) policy_loss=-0.0560 value_loss=  26.701 entropy=-1.916 (この反復   2.2秒, 累計  80.6分)
  iter 1819/2000: rollout平均ep報酬=   736.8 (エピソード数  4) policy_loss=-0.0455 value_loss=  12.677 entropy=-1.906 (この反復   2.4秒, 累計  80.7分)
  iter 1820/2000: rollout平均ep報酬=   142.8 (エピソード数 13) policy_loss=+0.0008 value_loss=  54.312 entropy=-1.907 (この反復   2.2秒, 累計  80.7分)
    → 決定的方策の評価: best_reward候補 = 875.2 (これまでのベスト = 1164.7)
  [checkpoint] これまでのベスト重みを ev3way_w1.npy/ev3way_w2.npy に中間保存しました
  iter 1821/2000: rollout平均ep報酬=   488.2 (エピソード数  5) policy_loss=-0.0313 value_loss=  53.611 entropy=-1.914 (この反復   2.3秒, 累計  80.8分)
  iter 1822/2000: rollout平均ep報酬=   773.4 (エピソード数  4) policy_loss=-0.0482 value_loss=   4.802 entropy=-1.948 (この反復   2.4秒, 累計  80.8分)
  iter 1823/2000: rollout平均ep報酬=   272.6 (エピソード数  7) policy_loss=+0.0230 value_loss=  39.943 entropy=-1.944 (この反復   2.2秒, 累計  80.9分)
  iter 1824/2000: rollout平均ep報酬=   257.7 (エピソード数  8) policy_loss=-0.0462 value_loss=  13.042 entropy=-1.951 (この反復   2.2秒, 累計  80.9分)
  iter 1825/2000: rollout平均ep報酬=   383.6 (エピソード数  7) policy_loss=-0.0489 value_loss=  21.924 entropy=-1.951 (この反復   2.3秒, 累計  80.9分)
    → 決定的方策の評価: best_reward候補 = 642.6 (これまでのベスト = 1164.7)
  iter 1826/2000: rollout平均ep報酬=   163.5 (エピソード数  9) policy_loss=+0.0564 value_loss=  68.912 entropy=-1.953 (この反復   2.3秒, 累計  81.0分)
  iter 1827/2000: rollout平均ep報酬=   210.0 (エピソード数 11) policy_loss=-0.0190 value_loss=  56.153 entropy=-1.952 (この反復   2.6秒, 累計  81.1分)
  iter 1828/2000: rollout平均ep報酬=   304.9 (エピソード数  7) policy_loss=+0.0118 value_loss=  30.853 entropy=-1.946 (この反復   2.4秒, 累計  81.1分)
  iter 1829/2000: rollout平均ep報酬=   480.6 (エピソード数  5) policy_loss=-0.0413 value_loss=  48.163 entropy=-1.957 (この反復   2.3秒, 累計  81.1分)
  iter 1830/2000: rollout平均ep報酬=   157.7 (エピソード数 13) policy_loss=-0.0224 value_loss=  45.752 entropy=-1.959 (この反復   2.4秒, 累計  81.2分)
    → 決定的方策の評価: best_reward候補 = 656.9 (これまでのベスト = 1164.7)
  [checkpoint] これまでのベスト重みを ev3way_w1.npy/ev3way_w2.npy に中間保存しました
  iter 1831/2000: rollout平均ep報酬=   332.9 (エピソード数  7) policy_loss=-0.1027 value_loss=  23.764 entropy=-1.962 (この反復   2.4秒, 累計  81.2分)
  iter 1832/2000: rollout平均ep報酬=   438.4 (エピソード数  6) policy_loss=-0.0429 value_loss=  14.990 entropy=-1.964 (この反復   2.4秒, 累計  81.3分)
  iter 1833/2000: rollout平均ep報酬=   281.4 (エピソード数  8) policy_loss=-0.0539 value_loss=  46.481 entropy=-1.962 (この反復   2.3秒, 累計  81.3分)
  iter 1834/2000: rollout平均ep報酬=   455.9 (エピソード数  6) policy_loss=+0.1222 value_loss= 143.014 entropy=-1.967 (この反復   2.4秒, 累計  81.4分)
  iter 1835/2000: rollout平均ep報酬=    94.9 (エピソード数 15) policy_loss=+0.0477 value_loss= 166.131 entropy=-1.965 (この反復   2.5秒, 累計  81.4分)
    → 決定的方策の評価: best_reward候補 = 856.6 (これまでのベスト = 1164.7)
  iter 1836/2000: rollout平均ep報酬=   820.0 (エピソード数  4) policy_loss=+0.0027 value_loss=  27.372 entropy=-1.958 (この反復   2.6秒, 累計  81.5分)
  iter 1837/2000: rollout平均ep報酬=   617.3 (エピソード数  5) policy_loss=+0.0382 value_loss=  32.118 entropy=-1.964 (この反復   2.5秒, 累計  81.5分)
  iter 1838/2000: rollout平均ep報酬=   508.0 (エピソード数  5) policy_loss=-0.0330 value_loss=  16.340 entropy=-1.966 (この反復   2.3秒, 累計  81.6分)
  iter 1839/2000: rollout平均ep報酬=   384.4 (エピソード数  5) policy_loss=+0.0113 value_loss=  27.754 entropy=-1.965 (この反復   2.2秒, 累計  81.6分)
  iter 1840/2000: rollout平均ep報酬=   769.9 (エピソード数  4) policy_loss=-0.0747 value_loss=  15.692 entropy=-1.974 (この反復   2.5秒, 累計  81.6分)
    → 決定的方策の評価: best_reward候補 = 876.3 (これまでのベスト = 1164.7)
  [checkpoint] これまでのベスト重みを ev3way_w1.npy/ev3way_w2.npy に中間保存しました
  iter 1841/2000: rollout平均ep報酬=   225.2 (エピソード数  9) policy_loss=-0.0062 value_loss=  14.722 entropy=-1.981 (この反復   2.3秒, 累計  81.7分)
  iter 1842/2000: rollout平均ep報酬=   305.0 (エピソード数  6) policy_loss=-0.0398 value_loss=  39.811 entropy=-1.978 (この反復   2.3秒, 累計  81.8分)
  iter 1843/2000: rollout平均ep報酬=   313.7 (エピソード数  8) policy_loss=-0.0201 value_loss= 146.835 entropy=-1.976 (この反復   2.4秒, 累計  81.8分)
  iter 1844/2000: rollout平均ep報酬=   807.6 (エピソード数  4) policy_loss=-0.0585 value_loss=  30.788 entropy=-1.981 (この反復   2.2秒, 累計  81.8分)
  iter 1845/2000: rollout平均ep報酬=   116.1 (エピソード数 15) policy_loss=-0.0869 value_loss=  30.077 entropy=-1.980 (この反復   2.3秒, 累計  81.9分)
    → 決定的方策の評価: best_reward候補 = 663.3 (これまでのベスト = 1164.7)
  iter 1846/2000: rollout平均ep報酬=   327.4 (エピソード数  8) policy_loss=-0.0447 value_loss=  10.469 entropy=-1.970 (この反復   2.5秒, 累計  81.9分)
  iter 1847/2000: rollout平均ep報酬=   395.4 (エピソード数  7) policy_loss=+0.1236 value_loss=  88.835 entropy=-1.960 (この反復   2.5秒, 累計  82.0分)
  iter 1848/2000: rollout平均ep報酬=   240.8 (エピソード数  8) policy_loss=+0.0901 value_loss=  84.060 entropy=-1.967 (この反復   2.3秒, 累計  82.0分)
  iter 1849/2000: rollout平均ep報酬=   265.3 (エピソード数 10) policy_loss=+0.0274 value_loss= 134.098 entropy=-1.967 (この反復   2.6秒, 累計  82.1分)
  iter 1850/2000: rollout平均ep報酬=   333.7 (エピソード数  6) policy_loss=+0.0824 value_loss=  30.352 entropy=-1.969 (この反復   2.1秒, 累計  82.1分)
    → 決定的方策の評価: best_reward候補 = 875.0 (これまでのベスト = 1164.7)
  [checkpoint] これまでのベスト重みを ev3way_w1.npy/ev3way_w2.npy に中間保存しました
  iter 1851/2000: rollout平均ep報酬=   295.6 (エピソード数  8) policy_loss=-0.0970 value_loss=   6.045 entropy=-1.979 (この反復   2.6秒, 累計  82.2分)
  iter 1852/2000: rollout平均ep報酬=   728.4 (エピソード数  4) policy_loss=+0.0006 value_loss=   5.106 entropy=-2.026 (この反復   2.6秒, 累計  82.2分)
  iter 1853/2000: rollout平均ep報酬=  1014.5 (エピソード数  4) policy_loss=-0.0628 value_loss=  21.870 entropy=-2.029 (この反復   2.6秒, 累計  82.3分)
  iter 1854/2000: rollout平均ep報酬=   218.5 (エピソード数  7) policy_loss=-0.0191 value_loss=  16.991 entropy=-2.029 (この反復   2.2秒, 累計  82.3分)
  iter 1855/2000: rollout平均ep報酬=   426.2 (エピソード数  5) policy_loss=+0.0313 value_loss= 124.527 entropy=-2.025 (この反復   2.4秒, 累計  82.3分)
    → 決定的方策の評価: best_reward候補 = 634.6 (これまでのベスト = 1164.7)
  iter 1856/2000: rollout平均ep報酬=   649.7 (エピソード数  4) policy_loss=-0.0490 value_loss=  17.430 entropy=-2.019 (この反復   2.3秒, 累計  82.4分)
  iter 1857/2000: rollout平均ep報酬=   454.5 (エピソード数  6) policy_loss=-0.0116 value_loss=  46.991 entropy=-2.023 (この反復   2.5秒, 累計  82.4分)
  iter 1858/2000: rollout平均ep報酬=   188.3 (エピソード数 12) policy_loss=-0.0724 value_loss=  57.170 entropy=-2.026 (この反復   2.4秒, 累計  82.5分)
  iter 1859/2000: rollout平均ep報酬=   126.5 (エピソード数 13) policy_loss=-0.0260 value_loss=  47.223 entropy=-2.024 (この反復   2.3秒, 累計  82.5分)
  iter 1860/2000: rollout平均ep報酬=   271.7 (エピソード数  8) policy_loss=+0.0072 value_loss=  63.909 entropy=-2.021 (この反復   2.4秒, 累計  82.6分)
    → 決定的方策の評価: best_reward候補 = 660.1 (これまでのベスト = 1164.7)
  [checkpoint] これまでのベスト重みを ev3way_w1.npy/ev3way_w2.npy に中間保存しました
  iter 1861/2000: rollout平均ep報酬=   641.4 (エピソード数  4) policy_loss=-0.0599 value_loss=   6.055 entropy=-2.031 (この反復   2.5秒, 累計  82.6分)
  iter 1862/2000: rollout平均ep報酬=   441.2 (エピソード数  5) policy_loss=+0.0311 value_loss=  24.512 entropy=-2.028 (この反復   2.3秒, 累計  82.7分)
  iter 1863/2000: rollout平均ep報酬=   450.2 (エピソード数  6) policy_loss=-0.0336 value_loss=  11.624 entropy=-2.005 (この反復   2.4秒, 累計  82.7分)
  iter 1864/2000: rollout平均ep報酬=   119.1 (エピソード数 15) policy_loss=-0.0612 value_loss=  36.103 entropy=-2.005 (この反復   2.6秒, 累計  82.8分)
  iter 1865/2000: rollout平均ep報酬=   424.7 (エピソード数  7) policy_loss=-0.0399 value_loss=  21.505 entropy=-2.006 (この反復   2.5秒, 累計  82.8分)
    → 決定的方策の評価: best_reward候補 = 636.8 (これまでのベスト = 1164.7)
  iter 1866/2000: rollout平均ep報酬=   480.6 (エピソード数  5) policy_loss=-0.1072 value_loss=  49.893 entropy=-2.007 (この反復   2.5秒, 累計  82.9分)
  iter 1867/2000: rollout平均ep報酬=   333.0 (エピソード数  7) policy_loss=-0.0579 value_loss=  41.293 entropy=-2.008 (この反復   2.4秒, 累計  82.9分)
  iter 1868/2000: rollout平均ep報酬=   255.0 (エピソード数  7) policy_loss=-0.0581 value_loss=  33.982 entropy=-2.009 (この反復   2.3秒, 累計  82.9分)
  iter 1869/2000: rollout平均ep報酬=   321.4 (エピソード数  8) policy_loss=-0.0888 value_loss=  45.855 entropy=-2.008 (この反復   2.5秒, 累計  83.0分)
  iter 1870/2000: rollout平均ep報酬=   681.6 (エピソード数  4) policy_loss=-0.0315 value_loss=  22.986 entropy=-1.996 (この反復   2.3秒, 累計  83.0分)
    → 決定的方策の評価: best_reward候補 = 621.1 (これまでのベスト = 1164.7)
  [checkpoint] これまでのベスト重みを ev3way_w1.npy/ev3way_w2.npy に中間保存しました
  iter 1871/2000: rollout平均ep報酬=   288.8 (エピソード数  9) policy_loss=+0.0677 value_loss= 109.038 entropy=-1.976 (この反復   2.3秒, 累計  83.1分)
  iter 1872/2000: rollout平均ep報酬=   487.6 (エピソード数  5) policy_loss=-0.0384 value_loss=  36.814 entropy=-1.969 (この反復   2.3秒, 累計  83.1分)
  iter 1873/2000: rollout平均ep報酬=   873.9 (エピソード数  4) policy_loss=-0.0153 value_loss=   7.024 entropy=-1.972 (この反復   2.2秒, 累計  83.2分)
  iter 1874/2000: rollout平均ep報酬=   182.4 (エピソード数 10) policy_loss=-0.0920 value_loss=  40.417 entropy=-1.973 (この反復   2.4秒, 累計  83.2分)
  iter 1875/2000: rollout平均ep報酬=   481.4 (エピソード数  6) policy_loss=+0.0107 value_loss=  75.021 entropy=-1.951 (この反復   2.4秒, 累計  83.2分)
    → 決定的方策の評価: best_reward候補 = 607.4 (これまでのベスト = 1164.7)
  iter 1876/2000: rollout平均ep報酬=   524.0 (エピソード数  5) policy_loss=-0.0835 value_loss=  14.605 entropy=-1.972 (この反復   2.3秒, 累計  83.3分)
  iter 1877/2000: rollout平均ep報酬=   664.2 (エピソード数  4) policy_loss=+0.0271 value_loss=  44.240 entropy=-1.976 (この反復   2.3秒, 累計  83.3分)
  iter 1878/2000: rollout平均ep報酬=   280.0 (エピソード数  7) policy_loss=+0.0450 value_loss= 101.781 entropy=-1.971 (この反復   2.4秒, 累計  83.4分)
  iter 1879/2000: rollout平均ep報酬=   256.7 (エピソード数  8) policy_loss=+0.0410 value_loss=  66.508 entropy=-1.968 (この反復   2.2秒, 累計  83.4分)
  iter 1880/2000: rollout平均ep報酬=   198.0 (エピソード数 10) policy_loss=-0.0764 value_loss=  27.254 entropy=-1.964 (この反復   2.5秒, 累計  83.5分)
    → 決定的方策の評価: best_reward候補 = 593.8 (これまでのベスト = 1164.7)
  [checkpoint] これまでのベスト重みを ev3way_w1.npy/ev3way_w2.npy に中間保存しました
  iter 1881/2000: rollout平均ep報酬=   203.7 (エピソード数 10) policy_loss=+0.0686 value_loss= 156.575 entropy=-1.956 (この反復   2.6秒, 累計  83.5分)
  iter 1882/2000: rollout平均ep報酬=   511.7 (エピソード数  5) policy_loss=+0.0626 value_loss=  62.147 entropy=-1.952 (この反復   2.2秒, 累計  83.6分)
  iter 1883/2000: rollout平均ep報酬=   746.9 (エピソード数  4) policy_loss=-0.0108 value_loss=  15.084 entropy=-1.953 (この反復   2.4秒, 累計  83.6分)
  iter 1884/2000: rollout平均ep報酬=   442.2 (エピソード数  7) policy_loss=-0.0107 value_loss=  12.935 entropy=-1.949 (この反復   2.5秒, 累計  83.6分)
  iter 1885/2000: rollout平均ep報酬=   925.9 (エピソード数  4) policy_loss=-0.0450 value_loss=  26.379 entropy=-1.942 (この反復   2.2秒, 累計  83.7分)
    → 決定的方策の評価: best_reward候補 = 627.8 (これまでのベスト = 1164.7)
  iter 1886/2000: rollout平均ep報酬=   393.7 (エピソード数  7) policy_loss=-0.0115 value_loss=  28.722 entropy=-1.938 (この反復   2.4秒, 累計  83.7分)
  iter 1887/2000: rollout平均ep報酬=   439.2 (エピソード数  5) policy_loss=-0.0735 value_loss=  10.216 entropy=-1.945 (この反復   2.3秒, 累計  83.8分)
  iter 1888/2000: rollout平均ep報酬=   733.0 (エピソード数  4) policy_loss=+0.0339 value_loss=  19.084 entropy=-1.943 (この反復   2.5秒, 累計  83.8分)
  iter 1889/2000: rollout平均ep報酬=   483.9 (エピソード数  6) policy_loss=-0.0010 value_loss=  67.304 entropy=-1.910 (この反復   2.5秒, 累計  83.9分)
  iter 1890/2000: rollout平均ep報酬=  1020.9 (エピソード数  4) policy_loss=-0.0017 value_loss=  37.749 entropy=-1.902 (この反復   2.5秒, 累計  83.9分)
    → 決定的方策の評価: best_reward候補 = 641.5 (これまでのベスト = 1164.7)
  [checkpoint] これまでのベスト重みを ev3way_w1.npy/ev3way_w2.npy に中間保存しました
  iter 1891/2000: rollout平均ep報酬=   346.0 (エピソード数  5) policy_loss=-0.0693 value_loss=  28.191 entropy=-1.904 (この反復   2.2秒, 累計  84.0分)
  iter 1892/2000: rollout平均ep報酬=   390.3 (エピソード数  5) policy_loss=-0.0465 value_loss=  43.535 entropy=-1.916 (この反復   2.3秒, 累計  84.0分)
  iter 1893/2000: rollout平均ep報酬=    77.6 (エピソード数 12) policy_loss=+0.0009 value_loss=  97.883 entropy=-1.919 (この反復   2.3秒, 累計  84.0分)
  iter 1894/2000: rollout平均ep報酬=   391.5 (エピソード数  6) policy_loss=-0.0352 value_loss=  68.434 entropy=-1.929 (この反復   2.5秒, 累計  84.1分)
  iter 1895/2000: rollout平均ep報酬=   753.4 (エピソード数  4) policy_loss=+0.0279 value_loss=  21.530 entropy=-1.947 (この反復   2.4秒, 累計  84.1分)
    → 決定的方策の評価: best_reward候補 = 640.8 (これまでのベスト = 1164.7)
  iter 1896/2000: rollout平均ep報酬=   259.1 (エピソード数  9) policy_loss=-0.0533 value_loss=  30.329 entropy=-1.943 (この反復   2.4秒, 累計  84.2分)
  iter 1897/2000: rollout平均ep報酬=    69.4 (エピソード数  9) policy_loss=+0.1384 value_loss= 136.924 entropy=-1.939 (この反復   2.3秒, 累計  84.2分)
  iter 1898/2000: rollout平均ep報酬=   244.4 (エピソード数  9) policy_loss=-0.0656 value_loss=  69.153 entropy=-1.943 (この反復   2.2秒, 累計  84.3分)
  iter 1899/2000: rollout平均ep報酬=   609.6 (エピソード数  5) policy_loss=+0.0284 value_loss=  53.168 entropy=-1.931 (この反復   2.4秒, 累計  84.3分)
  iter 1900/2000: rollout平均ep報酬=    58.9 (エピソード数 18) policy_loss=-0.0003 value_loss=  53.368 entropy=-1.932 (この反復   2.4秒, 累計  84.3分)
    → 決定的方策の評価: best_reward候補 = 876.1 (これまでのベスト = 1164.7)
  [checkpoint] これまでのベスト重みを ev3way_w1.npy/ev3way_w2.npy に中間保存しました
  iter 1901/2000: rollout平均ep報酬=   596.0 (エピソード数  5) policy_loss=+0.0417 value_loss=  61.110 entropy=-1.920 (この反復   2.4秒, 累計  84.4分)
  iter 1902/2000: rollout平均ep報酬=    31.2 (エピソード数  8) policy_loss=-0.0588 value_loss=  61.086 entropy=-1.921 (この反復   2.3秒, 累計  84.5分)
  iter 1903/2000: rollout平均ep報酬=   578.0 (エピソード数  5) policy_loss=-0.0114 value_loss=   3.622 entropy=-1.971 (この反復   2.4秒, 累計  84.5分)
  iter 1904/2000: rollout平均ep報酬=   350.2 (エピソード数  7) policy_loss=-0.0666 value_loss=   8.746 entropy=-1.971 (この反復   2.5秒, 累計  84.5分)
  iter 1905/2000: rollout平均ep報酬=   287.1 (エピソード数  8) policy_loss=-0.0423 value_loss=  24.397 entropy=-1.970 (この反復   2.3秒, 累計  84.6分)
    → 決定的方策の評価: best_reward候補 = 876.8 (これまでのベスト = 1164.7)
  iter 1906/2000: rollout平均ep報酬=   127.1 (エピソード数 10) policy_loss=-0.0559 value_loss=  67.515 entropy=-1.966 (この反復   2.4秒, 累計  84.7分)
  iter 1907/2000: rollout平均ep報酬=   534.8 (エピソード数  5) policy_loss=+0.0625 value_loss=  22.597 entropy=-1.973 (この反復   2.2秒, 累計  84.7分)
  iter 1908/2000: rollout平均ep報酬=   971.6 (エピソード数  4) policy_loss=-0.0454 value_loss=   9.582 entropy=-1.975 (この反復   2.3秒, 累計  84.7分)
  iter 1909/2000: rollout平均ep報酬=   422.0 (エピソード数  7) policy_loss=+0.0716 value_loss= 153.710 entropy=-1.951 (この反復   2.3秒, 累計  84.8分)
  iter 1910/2000: rollout平均ep報酬=   121.9 (エピソード数 12) policy_loss=+0.0993 value_loss= 107.277 entropy=-1.951 (この反復   2.3秒, 累計  84.8分)
    → 決定的方策の評価: best_reward候補 = 881.4 (これまでのベスト = 1164.7)
  [checkpoint] これまでのベスト重みを ev3way_w1.npy/ev3way_w2.npy に中間保存しました
  iter 1911/2000: rollout平均ep報酬=   642.7 (エピソード数  5) policy_loss=+0.0105 value_loss=  23.531 entropy=-1.933 (この反復   2.5秒, 累計  84.9分)
  iter 1912/2000: rollout平均ep報酬=   307.3 (エピソード数  9) policy_loss=+0.0762 value_loss=  84.935 entropy=-1.931 (この反復   2.3秒, 累計  84.9分)
  iter 1913/2000: rollout平均ep報酬=   375.8 (エピソード数  5) policy_loss=-0.0821 value_loss=  12.336 entropy=-1.944 (この反復   2.2秒, 累計  85.0分)
  iter 1914/2000: rollout平均ep報酬=   395.1 (エピソード数  5) policy_loss=-0.0199 value_loss=  72.470 entropy=-1.946 (この反復   2.3秒, 累計  85.0分)
  iter 1915/2000: rollout平均ep報酬=   348.7 (エピソード数  8) policy_loss=-0.1004 value_loss=   4.598 entropy=-1.939 (この反復   2.4秒, 累計  85.0分)
    → 決定的方策の評価: best_reward候補 = 638.8 (これまでのベスト = 1164.7)
  iter 1916/2000: rollout平均ep報酬=   475.4 (エピソード数  6) policy_loss=-0.0615 value_loss=  24.968 entropy=-1.936 (この反復   2.5秒, 累計  85.1分)
  iter 1917/2000: rollout平均ep報酬=   201.8 (エピソード数 10) policy_loss=-0.0316 value_loss=  20.165 entropy=-1.936 (この反復   2.2秒, 累計  85.2分)
  iter 1918/2000: rollout平均ep報酬=   249.0 (エピソード数  7) policy_loss=+0.1411 value_loss= 161.802 entropy=-1.936 (この反復   2.2秒, 累計  85.2分)
  iter 1919/2000: rollout平均ep報酬=   388.9 (エピソード数  7) policy_loss=-0.0478 value_loss=  17.661 entropy=-1.932 (この反復   2.6秒, 累計  85.2分)
  iter 1920/2000: rollout平均ep報酬=   120.0 (エピソード数 11) policy_loss=-0.1111 value_loss=  31.391 entropy=-1.925 (この反復   2.3秒, 累計  85.3分)
    → 決定的方策の評価: best_reward候補 = 612.9 (これまでのベスト = 1164.7)
  [checkpoint] これまでのベスト重みを ev3way_w1.npy/ev3way_w2.npy に中間保存しました
  iter 1921/2000: rollout平均ep報酬=   465.0 (エピソード数  6) policy_loss=-0.0098 value_loss= 130.281 entropy=-1.921 (この反復   2.4秒, 累計  85.3分)
  iter 1922/2000: rollout平均ep報酬=   430.7 (エピソード数  6) policy_loss=+0.0091 value_loss=  41.223 entropy=-1.929 (この反復   2.4秒, 累計  85.4分)
  iter 1923/2000: rollout平均ep報酬=   355.3 (エピソード数  8) policy_loss=+0.0134 value_loss= 110.614 entropy=-1.929 (この反復   2.4秒, 累計  85.4分)
  iter 1924/2000: rollout平均ep報酬=   327.2 (エピソード数  7) policy_loss=+0.0765 value_loss=  38.531 entropy=-1.927 (この反復   2.5秒, 累計  85.5分)
  iter 1925/2000: rollout平均ep報酬=   382.5 (エピソード数  7) policy_loss=-0.0077 value_loss=  67.535 entropy=-1.927 (この反復   2.4秒, 累計  85.5分)
    → 決定的方策の評価: best_reward候補 = 632.4 (これまでのベスト = 1164.7)
  iter 1926/2000: rollout平均ep報酬=   673.8 (エピソード数  4) policy_loss=-0.0437 value_loss=  20.102 entropy=-1.924 (この反復   2.2秒, 累計  85.6分)
  iter 1927/2000: rollout平均ep報酬=   635.1 (エピソード数  5) policy_loss=-0.0168 value_loss=  30.526 entropy=-1.910 (この反復   2.5秒, 累計  85.6分)
  iter 1928/2000: rollout平均ep報酬=   783.2 (エピソード数  4) policy_loss=-0.0077 value_loss=  48.889 entropy=-1.892 (この反復   2.4秒, 累計  85.6分)
  iter 1929/2000: rollout平均ep報酬=   201.0 (エピソード数 10) policy_loss=-0.0213 value_loss=  62.470 entropy=-1.891 (この反復   2.1秒, 累計  85.7分)
  iter 1930/2000: rollout平均ep報酬=   476.3 (エピソード数  4) policy_loss=+0.0043 value_loss=  73.242 entropy=-1.899 (この反復   2.3秒, 累計  85.7分)
    → 決定的方策の評価: best_reward候補 = 368.0 (これまでのベスト = 1164.7)
  [checkpoint] これまでのベスト重みを ev3way_w1.npy/ev3way_w2.npy に中間保存しました
  iter 1931/2000: rollout平均ep報酬=    78.4 (エピソード数 17) policy_loss=-0.0410 value_loss=  74.484 entropy=-1.899 (この反復   2.2秒, 累計  85.8分)
  iter 1932/2000: rollout平均ep報酬=   645.0 (エピソード数  4) policy_loss=-0.0390 value_loss=  23.263 entropy=-1.903 (この反復   2.2秒, 累計  85.8分)
  iter 1933/2000: rollout平均ep報酬=   270.5 (エピソード数  9) policy_loss=-0.0375 value_loss=  25.181 entropy=-1.902 (この反復   2.2秒, 累計  85.8分)
  iter 1934/2000: rollout平均ep報酬=   194.2 (エピソード数  9) policy_loss=-0.0234 value_loss= 112.627 entropy=-1.905 (この反復   2.3秒, 累計  85.9分)
  iter 1935/2000: rollout平均ep報酬=   695.0 (エピソード数  4) policy_loss=+0.0349 value_loss=  59.469 entropy=-1.911 (この反復   2.2秒, 累計  85.9分)
    → 決定的方策の評価: best_reward候補 = 359.1 (これまでのベスト = 1164.7)
  iter 1936/2000: rollout平均ep報酬=   277.0 (エピソード数  6) policy_loss=+0.0096 value_loss=  28.009 entropy=-1.914 (この反復   2.4秒, 累計  86.0分)
  iter 1937/2000: rollout平均ep報酬=   561.2 (エピソード数  4) policy_loss=+0.0659 value_loss=  21.706 entropy=-1.924 (この反復   2.3秒, 累計  86.0分)
  iter 1938/2000: rollout平均ep報酬=   794.4 (エピソード数  4) policy_loss=+0.0292 value_loss=  55.548 entropy=-1.923 (この反復   2.2秒, 累計  86.1分)
  iter 1939/2000: rollout平均ep報酬=   293.8 (エピソード数  8) policy_loss=-0.0613 value_loss=  12.182 entropy=-1.938 (この反復   2.5秒, 累計  86.1分)
  iter 1940/2000: rollout平均ep報酬=   453.7 (エピソード数  6) policy_loss=+0.0488 value_loss=  43.553 entropy=-1.923 (この反復   2.3秒, 累計  86.1分)
    → 決定的方策の評価: best_reward候補 = 370.2 (これまでのベスト = 1164.7)
  [checkpoint] これまでのベスト重みを ev3way_w1.npy/ev3way_w2.npy に中間保存しました
  iter 1941/2000: rollout平均ep報酬=   176.8 (エピソード数 12) policy_loss=-0.0019 value_loss=  55.056 entropy=-1.908 (この反復   2.6秒, 累計  86.2分)
  iter 1942/2000: rollout平均ep報酬=   680.2 (エピソード数  4) policy_loss=-0.0247 value_loss=   8.628 entropy=-1.933 (この反復   2.3秒, 累計  86.2分)
  iter 1943/2000: rollout平均ep報酬=   446.2 (エピソード数  5) policy_loss=-0.0352 value_loss=  29.644 entropy=-1.932 (この反復   2.3秒, 累計  86.3分)
  iter 1944/2000: rollout平均ep報酬=   156.7 (エピソード数 13) policy_loss=-0.0630 value_loss=  44.140 entropy=-1.924 (この反復   2.4秒, 累計  86.3分)
  iter 1945/2000: rollout平均ep報酬=   266.1 (エピソード数  9) policy_loss=+0.0114 value_loss=  88.616 entropy=-1.920 (この反復   2.5秒, 累計  86.4分)
    → 決定的方策の評価: best_reward候補 = 358.6 (これまでのベスト = 1164.7)
  iter 1946/2000: rollout平均ep報酬=   981.2 (エピソード数  4) policy_loss=-0.0449 value_loss=  11.450 entropy=-1.917 (この反復   2.4秒, 累計  86.4分)
  iter 1947/2000: rollout平均ep報酬=   380.6 (エピソード数  5) policy_loss=-0.0389 value_loss=  19.094 entropy=-1.932 (この反復   2.3秒, 累計  86.5分)
  iter 1948/2000: rollout平均ep報酬=   273.1 (エピソード数 10) policy_loss=-0.0532 value_loss=   4.567 entropy=-1.929 (この反復   2.8秒, 累計  86.5分)
  iter 1949/2000: rollout平均ep報酬=   607.1 (エピソード数  4) policy_loss=+0.0703 value_loss=  52.726 entropy=-1.934 (この反復   2.4秒, 累計  86.5分)
  iter 1950/2000: rollout平均ep報酬=    70.4 (エピソード数 12) policy_loss=-0.0344 value_loss=  53.933 entropy=-1.942 (この反復   2.1秒, 累計  86.6分)
    → 決定的方策の評価: best_reward候補 = 643.7 (これまでのベスト = 1164.7)
  [checkpoint] これまでのベスト重みを ev3way_w1.npy/ev3way_w2.npy に中間保存しました
  iter 1951/2000: rollout平均ep報酬=   365.2 (エピソード数  7) policy_loss=+0.1615 value_loss= 175.729 entropy=-1.961 (この反復   2.2秒, 累計  86.6分)
  iter 1952/2000: rollout平均ep報酬=   640.3 (エピソード数  5) policy_loss=-0.0483 value_loss=   6.869 entropy=-1.981 (この反復   2.7秒, 累計  86.7分)
  iter 1953/2000: rollout平均ep報酬=   215.0 (エピソード数  7) policy_loss=-0.0065 value_loss= 117.910 entropy=-1.983 (この反復   2.2秒, 累計  86.7分)
  iter 1954/2000: rollout平均ep報酬=   172.6 (エピソード数 11) policy_loss=+0.0706 value_loss= 134.097 entropy=-1.976 (この反復   2.4秒, 累計  86.8分)
  iter 1955/2000: rollout平均ep報酬=   702.3 (エピソード数  4) policy_loss=+0.0617 value_loss=  40.215 entropy=-1.975 (この反復   2.8秒, 累計  86.8分)
    → 決定的方策の評価: best_reward候補 = 650.5 (これまでのベスト = 1164.7)
  iter 1956/2000: rollout平均ep報酬=   416.3 (エピソード数  7) policy_loss=+0.0204 value_loss=  62.128 entropy=-1.970 (この反復   2.7秒, 累計  86.9分)
  iter 1957/2000: rollout平均ep報酬=   501.7 (エピソード数  6) policy_loss=+0.0007 value_loss=  73.789 entropy=-1.988 (この反復   2.7秒, 累計  86.9分)
  iter 1958/2000: rollout平均ep報酬=   921.2 (エピソード数  4) policy_loss=+0.0740 value_loss=  98.001 entropy=-1.988 (この反復   2.4秒, 累計  87.0分)
  iter 1959/2000: rollout平均ep報酬=   514.0 (エピソード数  6) policy_loss=+0.0409 value_loss= 121.161 entropy=-1.964 (この反復   2.7秒, 累計  87.0分)
  iter 1960/2000: rollout平均ep報酬=   511.6 (エピソード数  6) policy_loss=+0.0796 value_loss=  78.934 entropy=-1.955 (この反復   2.4秒, 累計  87.1分)
    → 決定的方策の評価: best_reward候補 = 858.7 (これまでのベスト = 1164.7)
  [checkpoint] これまでのベスト重みを ev3way_w1.npy/ev3way_w2.npy に中間保存しました
  iter 1961/2000: rollout平均ep報酬=   163.7 (エピソード数 12) policy_loss=-0.0222 value_loss=  94.246 entropy=-1.958 (この反復   2.5秒, 累計  87.1分)
  iter 1962/2000: rollout平均ep報酬=   377.0 (エピソード数  6) policy_loss=-0.0601 value_loss=  29.263 entropy=-1.964 (この反復   2.3秒, 累計  87.2分)
  iter 1963/2000: rollout平均ep報酬=   155.8 (エピソード数 12) policy_loss=-0.0185 value_loss=  56.927 entropy=-1.955 (この反復   2.5秒, 累計  87.2分)
  iter 1964/2000: rollout平均ep報酬=   771.3 (エピソード数  4) policy_loss=+0.0404 value_loss=  32.064 entropy=-1.944 (この反復   2.7秒, 累計  87.2分)
  iter 1965/2000: rollout平均ep報酬=   583.0 (エピソード数  5) policy_loss=+0.0271 value_loss=  61.864 entropy=-1.937 (この反復   2.5秒, 累計  87.3分)
    → 決定的方策の評価: best_reward候補 = 659.4 (これまでのベスト = 1164.7)
  iter 1966/2000: rollout平均ep報酬=   584.5 (エピソード数  5) policy_loss=-0.0411 value_loss=   4.791 entropy=-1.931 (この反復   2.6秒, 累計  87.4分)
  iter 1967/2000: rollout平均ep報酬=   219.9 (エピソード数  6) policy_loss=+0.0062 value_loss=  50.485 entropy=-1.928 (この反復   2.2秒, 累計  87.4分)
  iter 1968/2000: rollout平均ep報酬=   569.3 (エピソード数  5) policy_loss=+0.0373 value_loss=  73.123 entropy=-1.925 (この反復   2.6秒, 累計  87.4分)
  iter 1969/2000: rollout平均ep報酬=   237.6 (エピソード数  8) policy_loss=+0.1246 value_loss= 130.592 entropy=-1.923 (この反復   2.3秒, 累計  87.5分)
  iter 1970/2000: rollout平均ep報酬=   365.3 (エピソード数  6) policy_loss=-0.0564 value_loss=  24.254 entropy=-1.931 (この反復   2.3秒, 累計  87.5分)
    → 決定的方策の評価: best_reward候補 = 616.3 (これまでのベスト = 1164.7)
  [checkpoint] これまでのベスト重みを ev3way_w1.npy/ev3way_w2.npy に中間保存しました
  iter 1971/2000: rollout平均ep報酬=   311.7 (エピソード数  7) policy_loss=+0.0366 value_loss=  67.019 entropy=-1.936 (この反復   2.2秒, 累計  87.6分)
  iter 1972/2000: rollout平均ep報酬=   526.2 (エピソード数  5) policy_loss=-0.0748 value_loss=   7.278 entropy=-1.925 (この反復   2.4秒, 累計  87.6分)
  iter 1973/2000: rollout平均ep報酬=   218.3 (エピソード数  7) policy_loss=-0.0370 value_loss=  40.936 entropy=-1.924 (この反復   2.3秒, 累計  87.7分)
  iter 1974/2000: rollout平均ep報酬=   174.2 (エピソード数 13) policy_loss=-0.0252 value_loss=  52.397 entropy=-1.901 (この反復   2.4秒, 累計  87.7分)
  iter 1975/2000: rollout平均ep報酬=   389.3 (エピソード数  6) policy_loss=-0.0450 value_loss=  18.453 entropy=-1.899 (この反復   2.2秒, 累計  87.7分)
    → 決定的方策の評価: best_reward候補 = 600.7 (これまでのベスト = 1164.7)
  iter 1976/2000: rollout平均ep報酬=   137.6 (エピソード数 11) policy_loss=-0.0135 value_loss=  10.684 entropy=-1.901 (この反復   2.4秒, 累計  87.8分)
  iter 1977/2000: rollout平均ep報酬=   222.7 (エピソード数  8) policy_loss=-0.0391 value_loss=  92.575 entropy=-1.895 (この反復   2.4秒, 累計  87.8分)
  iter 1978/2000: rollout平均ep報酬=   316.3 (エピソード数  5) policy_loss=-0.0444 value_loss=  52.951 entropy=-1.893 (この反復   2.3秒, 累計  87.9分)
  iter 1979/2000: rollout平均ep報酬=   158.8 (エピソード数  9) policy_loss=+0.0302 value_loss=  34.764 entropy=-1.895 (この反復   2.3秒, 累計  87.9分)
  iter 1980/2000: rollout平均ep報酬=   231.6 (エピソード数  9) policy_loss=+0.0268 value_loss=  96.739 entropy=-1.900 (この反復   2.2秒, 累計  88.0分)
    → 決定的方策の評価: best_reward候補 = 624.1 (これまでのベスト = 1164.7)
  [checkpoint] これまでのベスト重みを ev3way_w1.npy/ev3way_w2.npy に中間保存しました
  iter 1981/2000: rollout平均ep報酬=   580.8 (エピソード数  5) policy_loss=+0.0245 value_loss=  22.543 entropy=-1.894 (この反復   2.5秒, 累計  88.0分)
  iter 1982/2000: rollout平均ep報酬=   181.1 (エピソード数 11) policy_loss=-0.0760 value_loss=  43.011 entropy=-1.888 (この反復   2.6秒, 累計  88.1分)
  iter 1983/2000: rollout平均ep報酬=   650.7 (エピソード数  4) policy_loss=+0.0545 value_loss=  60.845 entropy=-1.898 (この反復   2.2秒, 累計  88.1分)
  iter 1984/2000: rollout平均ep報酬=   278.1 (エピソード数  7) policy_loss=-0.0628 value_loss=  18.735 entropy=-1.896 (この反復   2.1秒, 累計  88.1分)
  iter 1985/2000: rollout平均ep報酬=  1177.5 (エピソード数  4) policy_loss=+0.0418 value_loss=   4.648 entropy=-1.937 (この反復   2.6秒, 累計  88.2分)
    → 決定的方策の評価: best_reward候補 = 632.9 (これまでのベスト = 1164.7)
  iter 1986/2000: rollout平均ep報酬=   343.5 (エピソード数  7) policy_loss=-0.0381 value_loss=   3.487 entropy=-1.949 (この反復   2.5秒, 累計  88.3分)
  iter 1987/2000: rollout平均ep報酬=   177.6 (エピソード数 12) policy_loss=+0.0501 value_loss= 102.390 entropy=-1.935 (この反復   2.6秒, 累計  88.3分)
  iter 1988/2000: rollout平均ep報酬=   353.5 (エピソード数  7) policy_loss=-0.0237 value_loss=  37.931 entropy=-1.932 (この反復   2.6秒, 累計  88.3分)
  iter 1989/2000: rollout平均ep報酬=   358.0 (エピソード数  8) policy_loss=+0.0156 value_loss= 119.219 entropy=-1.927 (この反復   2.6秒, 累計  88.4分)
  iter 1990/2000: rollout平均ep報酬=   641.0 (エピソード数  5) policy_loss=-0.0297 value_loss=  56.630 entropy=-1.919 (この反復   2.5秒, 累計  88.4分)
    → 決定的方策の評価: best_reward候補 = 652.5 (これまでのベスト = 1164.7)
  [checkpoint] これまでのベスト重みを ev3way_w1.npy/ev3way_w2.npy に中間保存しました
  iter 1991/2000: rollout平均ep報酬=   397.0 (エピソード数  6) policy_loss=+0.0323 value_loss=  88.487 entropy=-1.919 (この反復   2.3秒, 累計  88.5分)
  iter 1992/2000: rollout平均ep報酬=   328.8 (エピソード数  7) policy_loss=-0.0381 value_loss=  10.385 entropy=-1.918 (この反復   2.3秒, 累計  88.5分)
  iter 1993/2000: rollout平均ep報酬=   199.8 (エピソード数  8) policy_loss=+0.0749 value_loss=  91.993 entropy=-1.916 (この反復   2.4秒, 累計  88.6分)
  iter 1994/2000: rollout平均ep報酬=   316.1 (エピソード数  7) policy_loss=+0.0845 value_loss=  95.955 entropy=-1.914 (この反復   2.6秒, 累計  88.6分)
  iter 1995/2000: rollout平均ep報酬=   474.0 (エピソード数  6) policy_loss=+0.0436 value_loss= 111.348 entropy=-1.906 (この反復   2.3秒, 累計  88.7分)
    → 決定的方策の評価: best_reward候補 = 883.9 (これまでのベスト = 1164.7)
  iter 1996/2000: rollout平均ep報酬=   126.1 (エピソード数 13) policy_loss=-0.0512 value_loss=  65.455 entropy=-1.899 (この反復   2.3秒, 累計  88.7分)
  iter 1997/2000: rollout平均ep報酬=   169.6 (エピソード数 10) policy_loss=+0.0293 value_loss= 104.729 entropy=-1.892 (この反復   2.1秒, 累計  88.8分)
  iter 1998/2000: rollout平均ep報酬=   362.2 (エピソード数  8) policy_loss=+0.0976 value_loss= 177.885 entropy=-1.884 (この反復   2.4秒, 累計  88.8分)
  iter 1999/2000: rollout平均ep報酬=   163.5 (エピソード数 14) policy_loss=+0.0857 value_loss=  96.940 entropy=-1.878 (この反復   2.6秒, 累計  88.8分)
  iter 2000/2000: rollout平均ep報酬=   313.9 (エピソード数  9) policy_loss=+0.0344 value_loss=  70.567 entropy=-1.879 (この反復   2.5秒, 累計  88.9分)
    → 決定的方策の評価: best_reward候補 = 877.7 (これまでのベスト = 1164.7)
  [checkpoint] これまでのベスト重みを ev3way_w1.npy/ev3way_w2.npy に中間保存しました

このラン(iterations=2000, rollout_steps=6000)の学習完了! 最良報酬 = 1164.7 (所要時間 88.9分)

=== 通常条件でのテスト ===
  test 0: 30.0秒 生存 (最終傾き -2.7°)
  test 1: 30.0秒 生存 (最終傾き -3.2°)
  test 2: 30.0秒 生存 (最終傾き -3.2°)

=== ★最悪条件でのテスト (重量増+重心高+摩擦低下+電池弱+トルク損失最大+重心が前方・上方に最大シフト) ===
  最悪条件: 30.0秒 生存 (最終傾き -3.4°, 最大傾き 6.1°)
  → ★最悪条件でも最後まで倒立を維持できました。

学習結果の動画を録画します(決定的方策の単一ロールアウト)...
録画完了: training_result_ppo.mp4 (20.0秒間)

ev3way_w1.npy, ev3way_w2.npy を保存(上書き・最終版)しました

============================================================
以下をnnapp/app.cのW1/W2に貼り付けてください:
============================================================
static const float W1[7][16] = {
    { +8.15597630f, -0.35187903f, +0.19921309f, -0.53777248f, +0.23017849f, +0.21501057f, +0.49256575f, +0.87410516f, -0.34575829f, -0.27878520f, -0.93729502f, -0.69970936f, -0.44738856f, -1.09287500f, -0.38545814f, -0.10920008f },
    { +2.02546668f, -0.02393677f, +0.09568608f, +0.69866258f, +0.26748577f, +0.21941681f, -0.30812192f, +0.41432294f, -0.22947493f, -0.09012468f, -0.54930049f, +0.36884928f, -0.12180680f, -0.01238390f, -0.16532677f, -0.26682031f },
    { +0.37561372f, +0.15261120f, +0.08848080f, -0.15852453f, -0.14826617f, -0.22165637f, +0.09086350f, +0.20126449f, -0.49585384f, +0.24028204f, +0.26725355f, -0.15047097f, +0.06375054f, +0.01498493f, +0.02187945f, +0.26849398f },
    { +0.18885458f, -0.31588554f, +0.21908227f, -0.10955998f, -0.15608320f, +0.02026449f, -0.05519671f, -0.16574754f, +0.13581504f, +0.12427928f, -0.14234388f, +0.07412213f, +0.21182756f, -0.33789808f, +0.06543828f, -0.02141619f },
    { -0.00476608f, +0.33590487f, +0.19285665f, +0.31236440f, -0.00425561f, -0.12922145f, +0.00513307f, +0.08503117f, +0.58943224f, -0.17858461f, -0.02898601f, +0.28003225f, +0.54876071f, +0.06987596f, -0.22464707f, +0.37563902f },
    { +0.37961182f, +0.47627664f, +0.47113881f, +0.68041396f, -0.42344221f, +0.64492536f, +0.54653454f, +0.27461347f, -0.25514439f, -0.27141497f, +0.31566843f, -0.46711990f, +0.17115559f, -0.21716484f, -0.45237631f, -0.25405535f },
    { -0.70859581f, -0.51083702f, -0.53702021f, -0.20941958f, +0.17327407f, +0.10777958f, +0.17869180f, -0.95855379f, +0.53721911f, -0.65666080f, +0.11125567f, +0.77018195f, -0.32763129f, -0.17597385f, -0.05640550f, +0.00313369f },
};

static const float W2[16][2] = {
    { +0.55732363f, +0.50101435f },
    { -0.21460959f, +0.31760719f },
    { +0.10641304f, -0.27603236f },
    { -0.28866667f, +0.11879181f },
    { -0.20166098f, +0.03601131f },
    { +0.46714923f, -0.36722645f },
    { -0.29821846f, +0.45608184f },
    { -0.09968156f, +0.02662736f },
    { +0.17237812f, -0.26431480f },
    { +0.09506810f, -0.09294256f },
    { +0.24084230f, +0.15671204f },
    { -0.12577450f, +0.24121641f },
    { +0.31031144f, +0.20831662f },
    { -0.27665064f, -0.14743839f },
    { +0.12630087f, +0.29269883f },
    { -0.21622692f, +0.41647866f },
};

保存場所: /Users/hiromac02/claude code/ai-lab/Sim2RealEV3/ev3way_w1.npy
保存場所: /Users/hiromac02/claude code/ai-lab/Sim2RealEV3/ev3way_w2.npy
動画: /Users/hiromac02/claude code/ai-lab/Sim2RealEV3/training_result_ppo.mp4
