pybullet build time: Sep 19 2026 08:27:33
✅ 既存の重み(ev3way_w1.npy, ev3way_w2.npy)をActorのwarm startとして読み込みました(v9の最終重みを引き継ぎ、log_std/Criticは新規初期化)
開始時点(warm start)の評価: best_reward = 1232.3
  iter   1/2000: rollout平均ep報酬=  -104.5 (エピソード数  4) policy_loss=-0.0418 value_loss=  83.096 entropy=-0.177 (この反復   2.2秒, 累計   0.0分)
  iter   2/2000: rollout平均ep報酬=  -775.8 (エピソード数  9) policy_loss=+0.0466 value_loss=8134.830 entropy=-0.177 (この反復   2.2秒, 累計   0.1分)
  iter   3/2000: rollout平均ep報酬=  -289.1 (エピソード数  4) policy_loss=-0.0319 value_loss= 184.149 entropy=-0.180 (この反復   2.0秒, 累計   0.1分)
  iter   4/2000: rollout平均ep報酬=   229.9 (エピソード数  4) policy_loss=-0.0248 value_loss=  45.318 entropy=-0.197 (この反復   2.1秒, 累計   0.1分)
  iter   5/2000: rollout平均ep報酬= -1420.6 (エピソード数  7) policy_loss=+0.0665 value_loss=7306.498 entropy=-0.198 (この反復   2.1秒, 累計   0.2分)
    → 決定的方策の評価: best_reward候補 = 966.4 (これまでのベスト = 1232.3)
  iter   6/2000: rollout平均ep報酬=  -723.2 (エピソード数  4) policy_loss=-0.0159 value_loss=1031.843 entropy=-0.196 (この反復   2.0秒, 累計   0.3分)
  iter   7/2000: rollout平均ep報酬=  -293.4 (エピソード数  4) policy_loss=+0.0249 value_loss= 415.719 entropy=-0.198 (この反復   2.2秒, 累計   0.3分)
  iter   8/2000: rollout平均ep報酬= -2348.0 (エピソード数  6) policy_loss=-0.0007 value_loss=6111.561 entropy=-0.199 (この反復   2.1秒, 累計   0.3分)
  iter   9/2000: rollout平均ep報酬=  -716.0 (エピソード数  4) policy_loss=-0.0600 value_loss=  99.241 entropy=-0.212 (この反復   2.0秒, 累計   0.4分)
  iter  10/2000: rollout平均ep報酬=  -299.7 (エピソード数  6) policy_loss=-0.0085 value_loss=1277.625 entropy=-0.210 (この反復   2.2秒, 累計   0.4分)
    → 決定的方策の評価: best_reward候補 = 728.0 (これまでのベスト = 1232.3)
  [checkpoint] これまでのベスト重みを ev3way_w1.npy/ev3way_w2.npy に中間保存しました
  iter  11/2000: rollout平均ep報酬=  -563.1 (エピソード数  5) policy_loss=-0.0225 value_loss=1043.131 entropy=-0.210 (この反復   2.0秒, 累計   0.5分)
  iter  12/2000: rollout平均ep報酬=    -6.8 (エピソード数  4) policy_loss=+0.0003 value_loss= 300.870 entropy=-0.219 (この反復   2.2秒, 累計   0.5分)
  iter  13/2000: rollout平均ep報酬=    12.0 (エピソード数  4) policy_loss=+0.0342 value_loss= 124.823 entropy=-0.218 (この反復   2.1秒, 累計   0.6分)
  iter  14/2000: rollout平均ep報酬= -1883.3 (エピソード数  4) policy_loss=-0.0074 value_loss=4637.339 entropy=-0.215 (この反復   2.1秒, 累計   0.6分)
  iter  15/2000: rollout平均ep報酬=  -343.4 (エピソード数  4) policy_loss=-0.0394 value_loss= 238.911 entropy=-0.220 (この反復   2.1秒, 累計   0.6分)
    → 決定的方策の評価: best_reward候補 = 778.8 (これまでのベスト = 1232.3)
  iter  16/2000: rollout平均ep報酬=  -261.7 (エピソード数  4) policy_loss=-0.0013 value_loss=  56.737 entropy=-0.285 (この反復   2.1秒, 累計   0.7分)
  iter  17/2000: rollout平均ep報酬=  -399.6 (エピソード数  4) policy_loss=+0.0021 value_loss= 212.027 entropy=-0.314 (この反復   2.1秒, 累計   0.7分)
  iter  18/2000: rollout平均ep報酬= -1211.9 (エピソード数  5) policy_loss=+0.0195 value_loss=3592.603 entropy=-0.317 (この反復   2.0秒, 累計   0.8分)
  iter  19/2000: rollout平均ep報酬=  -383.2 (エピソード数  7) policy_loss=+0.0758 value_loss= 458.538 entropy=-0.319 (この反復   2.0秒, 累計   0.8分)
  iter  20/2000: rollout平均ep報酬=  -408.4 (エピソード数  4) policy_loss=-0.0233 value_loss= 142.063 entropy=-0.328 (この反復   2.0秒, 累計   0.8分)
    → 決定的方策の評価: best_reward候補 = 667.5 (これまでのベスト = 1232.3)
  [checkpoint] これまでのベスト重みを ev3way_w1.npy/ev3way_w2.npy に中間保存しました
  iter  21/2000: rollout平均ep報酬=   -17.8 (エピソード数  4) policy_loss=-0.0608 value_loss= 176.994 entropy=-0.326 (この反復   2.1秒, 累計   0.9分)
  iter  22/2000: rollout平均ep報酬=  -301.2 (エピソード数  4) policy_loss=-0.0521 value_loss= 139.156 entropy=-0.339 (この反復   2.1秒, 累計   1.0分)
  iter  23/2000: rollout平均ep報酬=  -620.1 (エピソード数  4) policy_loss=+0.0006 value_loss= 396.599 entropy=-0.345 (この反復   2.0秒, 累計   1.0分)
  iter  24/2000: rollout平均ep報酬=  -558.2 (エピソード数  7) policy_loss=-0.0326 value_loss=1661.248 entropy=-0.345 (この反復   2.1秒, 累計   1.0分)
  iter  25/2000: rollout平均ep報酬=  -799.3 (エピソード数  4) policy_loss=+0.0763 value_loss= 402.911 entropy=-0.349 (この反復   2.0秒, 累計   1.1分)
    → 決定的方策の評価: best_reward候補 = 488.1 (これまでのベスト = 1232.3)
  iter  26/2000: rollout平均ep報酬=  -843.7 (エピソード数  5) policy_loss=+0.0229 value_loss=1447.765 entropy=-0.348 (この反復   2.1秒, 累計   1.2分)
  iter  27/2000: rollout平均ep報酬=  -481.3 (エピソード数  6) policy_loss=-0.0290 value_loss= 381.101 entropy=-0.350 (この反復   2.1秒, 累計   1.2分)
  iter  28/2000: rollout平均ep報酬=  -785.3 (エピソード数  6) policy_loss=-0.0806 value_loss= 702.544 entropy=-0.352 (この反復   2.1秒, 累計   1.2分)
  iter  29/2000: rollout平均ep報酬=  -451.7 (エピソード数  5) policy_loss=+0.0031 value_loss= 175.670 entropy=-0.369 (この反復   2.0秒, 累計   1.3分)
  iter  30/2000: rollout平均ep報酬= -1203.8 (エピソード数  8) policy_loss=+0.0596 value_loss=5667.995 entropy=-0.371 (この反復   2.0秒, 累計   1.3分)
    → 決定的方策の評価: best_reward候補 = 492.5 (これまでのベスト = 1232.3)
  [checkpoint] これまでのベスト重みを ev3way_w1.npy/ev3way_w2.npy に中間保存しました
  iter  31/2000: rollout平均ep報酬=  -502.6 (エピソード数  6) policy_loss=-0.0123 value_loss=1098.595 entropy=-0.365 (この反復   2.1秒, 累計   1.4分)
  iter  32/2000: rollout平均ep報酬=  -946.9 (エピソード数  7) policy_loss=+0.0092 value_loss=2585.092 entropy=-0.365 (この反復   1.9秒, 累計   1.4分)
  iter  33/2000: rollout平均ep報酬=  -945.5 (エピソード数  5) policy_loss=+0.0495 value_loss=2316.387 entropy=-0.366 (この反復   2.0秒, 累計   1.4分)
  iter  34/2000: rollout平均ep報酬=  -246.2 (エピソード数  8) policy_loss=-0.0646 value_loss= 614.607 entropy=-0.365 (この反復   2.0秒, 累計   1.5分)
  iter  35/2000: rollout平均ep報酬=  -629.1 (エピソード数  6) policy_loss=-0.0371 value_loss= 225.228 entropy=-0.376 (この反復   2.1秒, 累計   1.5分)
    → 決定的方策の評価: best_reward候補 = 581.1 (これまでのベスト = 1232.3)
  iter  36/2000: rollout平均ep報酬=   130.2 (エピソード数  4) policy_loss=+0.0546 value_loss=  66.699 entropy=-0.396 (この反復   2.0秒, 累計   1.6分)
  iter  37/2000: rollout平均ep報酬=  -565.8 (エピソード数  4) policy_loss=-0.0768 value_loss= 291.732 entropy=-0.411 (この反復   1.9秒, 累計   1.6分)
  iter  38/2000: rollout平均ep報酬=  -178.2 (エピソード数  6) policy_loss=-0.0287 value_loss= 242.210 entropy=-0.401 (この反復   2.0秒, 累計   1.6分)
  iter  39/2000: rollout平均ep報酬=  -482.9 (エピソード数  8) policy_loss=-0.0561 value_loss= 505.340 entropy=-0.401 (この反復   2.0秒, 累計   1.7分)
  iter  40/2000: rollout平均ep報酬=  -212.6 (エピソード数  7) policy_loss=-0.0401 value_loss= 231.165 entropy=-0.405 (この反復   2.1秒, 累計   1.7分)
    → 決定的方策の評価: best_reward候補 = 525.8 (これまでのベスト = 1232.3)
  [checkpoint] これまでのベスト重みを ev3way_w1.npy/ev3way_w2.npy に中間保存しました
  iter  41/2000: rollout平均ep報酬=  -222.1 (エピソード数  4) policy_loss=+0.0726 value_loss=  93.557 entropy=-0.420 (この反復   2.0秒, 累計   1.8分)
  iter  42/2000: rollout平均ep報酬= -1538.7 (エピソード数  7) policy_loss=+0.0092 value_loss=5612.314 entropy=-0.421 (この反復   2.0秒, 累計   1.8分)
  iter  43/2000: rollout平均ep報酬=  -531.7 (エピソード数  5) policy_loss=-0.0501 value_loss= 920.086 entropy=-0.421 (この反復   2.1秒, 累計   1.9分)
  iter  44/2000: rollout平均ep報酬= -1319.0 (エピソード数  5) policy_loss=-0.0691 value_loss=1805.949 entropy=-0.418 (この反復   2.0秒, 累計   1.9分)
  iter  45/2000: rollout平均ep報酬=   -51.3 (エピソード数  5) policy_loss=-0.0359 value_loss= 199.898 entropy=-0.422 (この反復   2.0秒, 累計   1.9分)
    → 決定的方策の評価: best_reward候補 = 543.7 (これまでのベスト = 1232.3)
  iter  46/2000: rollout平均ep報酬=  -449.0 (エピソード数  7) policy_loss=+0.0184 value_loss=1322.395 entropy=-0.416 (この反復   2.0秒, 累計   2.0分)
  iter  47/2000: rollout平均ep報酬= -1305.5 (エピソード数  4) policy_loss=+0.0219 value_loss= 552.642 entropy=-0.421 (この反復   2.0秒, 累計   2.0分)
  iter  48/2000: rollout平均ep報酬=   -93.6 (エピソード数  5) policy_loss=-0.0243 value_loss= 137.056 entropy=-0.418 (この反復   2.1秒, 累計   2.1分)
  iter  49/2000: rollout平均ep報酬=  -484.7 (エピソード数  6) policy_loss=+0.0415 value_loss= 790.587 entropy=-0.417 (この反復   2.1秒, 累計   2.1分)
  iter  50/2000: rollout平均ep報酬=  -249.4 (エピソード数  4) policy_loss=-0.0328 value_loss= 120.692 entropy=-0.425 (この反復   2.0秒, 累計   2.1分)
    → 決定的方策の評価: best_reward候補 = 658.0 (これまでのベスト = 1232.3)
  [checkpoint] これまでのベスト重みを ev3way_w1.npy/ev3way_w2.npy に中間保存しました
  iter  51/2000: rollout平均ep報酬=  -446.5 (エピソード数  4) policy_loss=+0.0414 value_loss= 254.869 entropy=-0.428 (この反復   2.1秒, 累計   2.2分)
  iter  52/2000: rollout平均ep報酬=   138.6 (エピソード数  4) policy_loss=-0.0013 value_loss=  44.602 entropy=-0.458 (この反復   2.1秒, 累計   2.3分)
  iter  53/2000: rollout平均ep報酬=  -820.0 (エピソード数  5) policy_loss=-0.0506 value_loss= 418.342 entropy=-0.461 (この反復   1.8秒, 累計   2.3分)
  iter  54/2000: rollout平均ep報酬=  -137.7 (エピソード数  4) policy_loss=+0.0245 value_loss= 298.861 entropy=-0.467 (この反復   1.9秒, 累計   2.3分)
  iter  55/2000: rollout平均ep報酬= -1041.6 (エピソード数  4) policy_loss=-0.0272 value_loss= 435.677 entropy=-0.466 (この反復   2.0秒, 累計   2.4分)
    → 決定的方策の評価: best_reward候補 = 787.1 (これまでのベスト = 1232.3)
  iter  56/2000: rollout平均ep報酬=  -405.8 (エピソード数  4) policy_loss=-0.1376 value_loss= 385.707 entropy=-0.465 (この反復   2.0秒, 累計   2.4分)
  iter  57/2000: rollout平均ep報酬= -1134.2 (エピソード数  4) policy_loss=+0.0056 value_loss= 709.886 entropy=-0.469 (この反復   1.9秒, 累計   2.5分)
  iter  58/2000: rollout平均ep報酬=  -382.4 (エピソード数  5) policy_loss=+0.0589 value_loss= 172.107 entropy=-0.482 (この反復   2.0秒, 累計   2.5分)
  iter  59/2000: rollout平均ep報酬=  -392.8 (エピソード数  5) policy_loss=-0.0307 value_loss= 133.055 entropy=-0.481 (この反復   2.1秒, 累計   2.5分)
  iter  60/2000: rollout平均ep報酬=  -266.4 (エピソード数  7) policy_loss=-0.0033 value_loss=1667.503 entropy=-0.474 (この反復   2.2秒, 累計   2.6分)
    → 決定的方策の評価: best_reward候補 = 674.3 (これまでのベスト = 1232.3)
  [checkpoint] これまでのベスト重みを ev3way_w1.npy/ev3way_w2.npy に中間保存しました
  iter  61/2000: rollout平均ep報酬=  -891.8 (エピソード数  6) policy_loss=-0.0445 value_loss=1146.088 entropy=-0.478 (この反復   1.9秒, 累計   2.7分)
  iter  62/2000: rollout平均ep報酬=  -502.2 (エピソード数  4) policy_loss=-0.0048 value_loss= 246.181 entropy=-0.486 (この反復   2.0秒, 累計   2.7分)
  iter  63/2000: rollout平均ep報酬=  -332.3 (エピソード数  7) policy_loss=-0.0584 value_loss= 376.768 entropy=-0.484 (この反復   2.1秒, 累計   2.7分)
  iter  64/2000: rollout平均ep報酬= -1284.0 (エピソード数  5) policy_loss=-0.0507 value_loss= 412.474 entropy=-0.482 (この反復   2.1秒, 累計   2.8分)
  iter  65/2000: rollout平均ep報酬=  -138.5 (エピソード数  7) policy_loss=+0.0594 value_loss= 270.480 entropy=-0.489 (この反復   2.0秒, 累計   2.8分)
    → 決定的方策の評価: best_reward候補 = 728.0 (これまでのベスト = 1232.3)
  iter  66/2000: rollout平均ep報酬=  -952.9 (エピソード数  5) policy_loss=-0.0064 value_loss= 323.420 entropy=-0.508 (この反復   1.9秒, 累計   2.9分)
  iter  67/2000: rollout平均ep報酬= -1214.5 (エピソード数  7) policy_loss=-0.0558 value_loss=1088.040 entropy=-0.511 (この反復   1.9秒, 累計   2.9分)
  iter  68/2000: rollout平均ep報酬=  -554.9 (エピソード数  5) policy_loss=+0.0323 value_loss= 174.769 entropy=-0.509 (この反復   2.0秒, 累計   2.9分)
  iter  69/2000: rollout平均ep報酬=  -894.9 (エピソード数  8) policy_loss=-0.0262 value_loss=1202.829 entropy=-0.506 (この反復   1.8秒, 累計   3.0分)
  iter  70/2000: rollout平均ep報酬=  -772.8 (エピソード数  6) policy_loss=+0.0389 value_loss= 430.662 entropy=-0.514 (この反復   2.7秒, 累計   3.0分)
    → 決定的方策の評価: best_reward候補 = 549.8 (これまでのベスト = 1232.3)
  [checkpoint] これまでのベスト重みを ev3way_w1.npy/ev3way_w2.npy に中間保存しました
  iter  71/2000: rollout平均ep報酬= -1020.6 (エピソード数  8) policy_loss=+0.0538 value_loss=2129.711 entropy=-0.513 (この反復   2.2秒, 累計   3.1分)
  iter  72/2000: rollout平均ep報酬=  -211.6 (エピソード数  7) policy_loss=-0.0783 value_loss= 224.272 entropy=-0.515 (この反復   2.4秒, 累計   3.1分)
  iter  73/2000: rollout平均ep報酬=  -781.7 (エピソード数  7) policy_loss=+0.0242 value_loss= 602.619 entropy=-0.512 (この反復   2.0秒, 累計   3.2分)
  iter  74/2000: rollout平均ep報酬=  -472.8 (エピソード数 12) policy_loss=+0.0106 value_loss= 569.980 entropy=-0.515 (この反復   1.9秒, 累計   3.2分)
  iter  75/2000: rollout平均ep報酬=  -543.8 (エピソード数  4) policy_loss=-0.0429 value_loss= 206.610 entropy=-0.536 (この反復   2.0秒, 累計   3.2分)
    → 決定的方策の評価: best_reward候補 = 497.5 (これまでのベスト = 1232.3)
  iter  76/2000: rollout平均ep報酬= -1071.7 (エピソード数  7) policy_loss=+0.0174 value_loss= 652.646 entropy=-0.542 (この反復   2.0秒, 累計   3.3分)
  iter  77/2000: rollout平均ep報酬=  -879.6 (エピソード数  6) policy_loss=-0.0183 value_loss= 739.928 entropy=-0.542 (この反復   2.2秒, 累計   3.4分)
  iter  78/2000: rollout平均ep報酬=  -298.3 (エピソード数  4) policy_loss=-0.1081 value_loss=  81.841 entropy=-0.552 (この反復   2.0秒, 累計   3.4分)
  iter  79/2000: rollout平均ep報酬=  -531.1 (エピソード数  7) policy_loss=-0.0557 value_loss= 281.576 entropy=-0.549 (この反復   1.9秒, 累計   3.4分)
  iter  80/2000: rollout平均ep報酬=  -344.6 (エピソード数 11) policy_loss=+0.0097 value_loss= 311.372 entropy=-0.541 (この反復   2.0秒, 累計   3.5分)
    → 決定的方策の評価: best_reward候補 = 685.0 (これまでのベスト = 1232.3)
  [checkpoint] これまでのベスト重みを ev3way_w1.npy/ev3way_w2.npy に中間保存しました
  iter  81/2000: rollout平均ep報酬=  -597.9 (エピソード数  5) policy_loss=+0.0297 value_loss= 194.110 entropy=-0.542 (この反復   2.0秒, 累計   3.5分)
  iter  82/2000: rollout平均ep報酬=  -753.2 (エピソード数  5) policy_loss=-0.0144 value_loss= 369.263 entropy=-0.530 (この反復   2.1秒, 累計   3.6分)
  iter  83/2000: rollout平均ep報酬=  -370.5 (エピソード数  9) policy_loss=-0.0174 value_loss= 379.100 entropy=-0.540 (この反復   2.0秒, 累計   3.6分)
  iter  84/2000: rollout平均ep報酬=  -664.2 (エピソード数 14) policy_loss=+0.0208 value_loss= 877.831 entropy=-0.538 (この反復   2.0秒, 累計   3.6分)
  iter  85/2000: rollout平均ep報酬=  -279.3 (エピソード数  5) policy_loss=-0.0253 value_loss= 199.160 entropy=-0.544 (この反復   2.0秒, 累計   3.7分)
    → 決定的方策の評価: best_reward候補 = 557.7 (これまでのベスト = 1232.3)
  iter  86/2000: rollout平均ep報酬=  -436.5 (エピソード数  9) policy_loss=+0.0011 value_loss= 423.647 entropy=-0.547 (この反復   2.0秒, 累計   3.7分)
  iter  87/2000: rollout平均ep報酬=  -379.7 (エピソード数 12) policy_loss=-0.0527 value_loss= 329.923 entropy=-0.558 (この反復   2.0秒, 累計   3.8分)
  iter  88/2000: rollout平均ep報酬=  -286.4 (エピソード数  7) policy_loss=-0.0103 value_loss= 238.630 entropy=-0.566 (この反復   2.0秒, 累計   3.8分)
  iter  89/2000: rollout平均ep報酬=  -492.3 (エピソード数  7) policy_loss=-0.0555 value_loss= 264.851 entropy=-0.565 (この反復   2.1秒, 累計   3.8分)
  iter  90/2000: rollout平均ep報酬=  -852.0 (エピソード数  6) policy_loss=-0.0578 value_loss= 318.919 entropy=-0.571 (この反復   2.0秒, 累計   3.9分)
    → 決定的方策の評価: best_reward候補 = 826.5 (これまでのベスト = 1232.3)
  [checkpoint] これまでのベスト重みを ev3way_w1.npy/ev3way_w2.npy に中間保存しました
  iter  91/2000: rollout平均ep報酬=  -241.4 (エピソード数  9) policy_loss=+0.0036 value_loss= 290.459 entropy=-0.580 (この反復   1.9秒, 累計   4.0分)
  iter  92/2000: rollout平均ep報酬=  -506.3 (エピソード数 14) policy_loss=+0.0169 value_loss= 704.474 entropy=-0.586 (この反復   2.0秒, 累計   4.0分)
  iter  93/2000: rollout平均ep報酬=  -727.2 (エピソード数  4) policy_loss=+0.0564 value_loss= 340.873 entropy=-0.595 (この反復   2.2秒, 累計   4.0分)
  iter  94/2000: rollout平均ep報酬=  -308.6 (エピソード数  8) policy_loss=-0.0242 value_loss= 190.956 entropy=-0.599 (この反復   2.0秒, 累計   4.1分)
  iter  95/2000: rollout平均ep報酬=  -650.7 (エピソード数  4) policy_loss=+0.0377 value_loss= 185.555 entropy=-0.621 (この反復   1.9秒, 累計   4.1分)
    → 決定的方策の評価: best_reward候補 = 943.0 (これまでのベスト = 1232.3)
  iter  96/2000: rollout平均ep報酬=  -435.6 (エピソード数 10) policy_loss=-0.0227 value_loss= 287.281 entropy=-0.629 (この反復   2.0秒, 累計   4.2分)
  iter  97/2000: rollout平均ep報酬=  -192.1 (エピソード数  9) policy_loss=-0.0069 value_loss= 244.383 entropy=-0.627 (この反復   2.0秒, 累計   4.2分)
  iter  98/2000: rollout平均ep報酬=  -163.7 (エピソード数  7) policy_loss=+0.0345 value_loss= 212.582 entropy=-0.625 (この反復   2.0秒, 累計   4.2分)
  iter  99/2000: rollout平均ep報酬=  -375.9 (エピソード数  5) policy_loss=-0.0231 value_loss= 130.072 entropy=-0.646 (この反復   2.0秒, 累計   4.3分)
  iter 100/2000: rollout平均ep報酬=  -254.4 (エピソード数  8) policy_loss=+0.0366 value_loss= 370.161 entropy=-0.661 (この反復   2.0秒, 累計   4.3分)
    → 決定的方策の評価: best_reward候補 = 941.4 (これまでのベスト = 1232.3)
  [checkpoint] これまでのベスト重みを ev3way_w1.npy/ev3way_w2.npy に中間保存しました
  iter 101/2000: rollout平均ep報酬=  -278.5 (エピソード数 12) policy_loss=+0.0079 value_loss= 562.041 entropy=-0.669 (この反復   2.0秒, 累計   4.4分)
  iter 102/2000: rollout平均ep報酬=  -309.7 (エピソード数 16) policy_loss=+0.0595 value_loss= 438.190 entropy=-0.674 (この反復   2.0秒, 累計   4.4分)
  iter 103/2000: rollout平均ep報酬=  -497.8 (エピソード数  6) policy_loss=+0.0183 value_loss= 281.080 entropy=-0.702 (この反復   2.1秒, 累計   4.5分)
  iter 104/2000: rollout平均ep報酬=  -364.9 (エピソード数  7) policy_loss=-0.0043 value_loss= 230.150 entropy=-0.693 (この反復   2.0秒, 累計   4.5分)
  iter 105/2000: rollout平均ep報酬=  -610.2 (エピソード数 11) policy_loss=-0.0568 value_loss=1086.932 entropy=-0.687 (この反復   2.0秒, 累計   4.5分)
    → 決定的方策の評価: best_reward候補 = 1017.3 (これまでのベスト = 1232.3)
  iter 106/2000: rollout平均ep報酬=  -544.8 (エピソード数  7) policy_loss=-0.0353 value_loss= 194.849 entropy=-0.705 (この反復   2.0秒, 累計   4.6分)
  iter 107/2000: rollout平均ep報酬=  -203.6 (エピソード数  8) policy_loss=-0.0009 value_loss= 219.667 entropy=-0.721 (この反復   2.0秒, 累計   4.6分)
  iter 108/2000: rollout平均ep報酬=  -145.3 (エピソード数 13) policy_loss=-0.0350 value_loss= 175.295 entropy=-0.729 (この反復   2.0秒, 累計   4.7分)
  iter 109/2000: rollout平均ep報酬=  -494.1 (エピソード数  6) policy_loss=-0.0197 value_loss= 315.909 entropy=-0.734 (この反復   2.1秒, 累計   4.7分)
  iter 110/2000: rollout平均ep報酬=  -234.4 (エピソード数 12) policy_loss=-0.0037 value_loss= 477.840 entropy=-0.740 (この反復   2.1秒, 累計   4.7分)
    → 決定的方策の評価: best_reward候補 = 1033.7 (これまでのベスト = 1232.3)
  [checkpoint] これまでのベスト重みを ev3way_w1.npy/ev3way_w2.npy に中間保存しました
  iter 111/2000: rollout平均ep報酬=  -131.8 (エピソード数 14) policy_loss=+0.1111 value_loss= 276.263 entropy=-0.728 (この反復   2.0秒, 累計   4.8分)
  iter 112/2000: rollout平均ep報酬=  -161.0 (エピソード数  7) policy_loss=-0.1233 value_loss= 207.130 entropy=-0.723 (この反復   2.0秒, 累計   4.9分)
  iter 113/2000: rollout平均ep報酬=  -280.1 (エピソード数 18) policy_loss=-0.0039 value_loss= 445.198 entropy=-0.725 (この反復   2.0秒, 累計   4.9分)
  iter 114/2000: rollout平均ep報酬=  -364.6 (エピソード数  6) policy_loss=+0.0110 value_loss= 201.189 entropy=-0.740 (この反復   2.0秒, 累計   4.9分)
  iter 115/2000: rollout平均ep報酬=  -109.5 (エピソード数 15) policy_loss=+0.0520 value_loss= 368.753 entropy=-0.753 (この反復   2.1秒, 累計   5.0分)
    → 決定的方策の評価: best_reward候補 = 572.0 (これまでのベスト = 1232.3)
  iter 116/2000: rollout平均ep報酬=  -221.6 (エピソード数 21) policy_loss=+0.0037 value_loss= 390.327 entropy=-0.768 (この反復   2.0秒, 累計   5.0分)
  iter 117/2000: rollout平均ep報酬=   -76.5 (エピソード数  8) policy_loss=-0.0439 value_loss= 114.645 entropy=-0.776 (この反復   2.1秒, 累計   5.1分)
  iter 118/2000: rollout平均ep報酬=  -174.1 (エピソード数 13) policy_loss=+0.0265 value_loss= 233.356 entropy=-0.775 (この反復   2.1秒, 累計   5.1分)
  iter 119/2000: rollout平均ep報酬=   -61.5 (エピソード数 11) policy_loss=-0.0511 value_loss= 164.025 entropy=-0.772 (この反復   2.1秒, 累計   5.1分)
  iter 120/2000: rollout平均ep報酬=  -125.6 (エピソード数 14) policy_loss=+0.0187 value_loss= 215.409 entropy=-0.782 (この反復   2.2秒, 累計   5.2分)
    → 決定的方策の評価: best_reward候補 = 567.6 (これまでのベスト = 1232.3)
  [checkpoint] これまでのベスト重みを ev3way_w1.npy/ev3way_w2.npy に中間保存しました
  iter 121/2000: rollout平均ep報酬=  -124.6 (エピソード数 17) policy_loss=-0.1427 value_loss= 265.370 entropy=-0.786 (この反復   2.1秒, 累計   5.2分)
  iter 122/2000: rollout平均ep報酬=  -200.7 (エピソード数 16) policy_loss=-0.0358 value_loss= 272.445 entropy=-0.801 (この反復   2.1秒, 累計   5.3分)
  iter 123/2000: rollout平均ep報酬=  -199.9 (エピソード数 17) policy_loss=-0.0531 value_loss= 262.836 entropy=-0.819 (この反復   2.1秒, 累計   5.3分)
  iter 124/2000: rollout平均ep報酬=  -206.7 (エピソード数 15) policy_loss=-0.1039 value_loss= 169.394 entropy=-0.835 (この反復   2.1秒, 累計   5.3分)
  iter 125/2000: rollout平均ep報酬=  -106.6 (エピソード数 16) policy_loss=+0.0773 value_loss= 235.117 entropy=-0.821 (この反復   2.1秒, 累計   5.4分)
    → 決定的方策の評価: best_reward候補 = 540.1 (これまでのベスト = 1232.3)
  iter 126/2000: rollout平均ep報酬=   -29.2 (エピソード数 15) policy_loss=-0.0071 value_loss= 128.724 entropy=-0.807 (この反復   2.2秒, 累計   5.4分)
  iter 127/2000: rollout平均ep報酬=  -117.2 (エピソード数 21) policy_loss=-0.0079 value_loss= 229.681 entropy=-0.803 (この反復   2.2秒, 累計   5.5分)
  iter 128/2000: rollout平均ep報酬=  -160.4 (エピソード数 16) policy_loss=+0.0400 value_loss= 196.036 entropy=-0.815 (この反復   2.0秒, 累計   5.5分)
  iter 129/2000: rollout平均ep報酬=  -221.5 (エピソード数 27) policy_loss=+0.0640 value_loss= 345.290 entropy=-0.827 (この反復   2.0秒, 累計   5.5分)
  iter 130/2000: rollout平均ep報酬=  -169.9 (エピソード数 21) policy_loss=-0.0126 value_loss= 229.910 entropy=-0.826 (この反復   2.1秒, 累計   5.6分)
    → 決定的方策の評価: best_reward候補 = 458.9 (これまでのベスト = 1232.3)
  [checkpoint] これまでのベスト重みを ev3way_w1.npy/ev3way_w2.npy に中間保存しました
  iter 131/2000: rollout平均ep報酬=  -151.1 (エピソード数 32) policy_loss=+0.0135 value_loss= 265.559 entropy=-0.818 (この反復   2.2秒, 累計   5.6分)
  iter 132/2000: rollout平均ep報酬=  -175.1 (エピソード数 38) policy_loss=-0.0381 value_loss= 244.326 entropy=-0.827 (この反復   2.1秒, 累計   5.7分)
  iter 133/2000: rollout平均ep報酬=  -155.3 (エピソード数 40) policy_loss=+0.0100 value_loss= 162.994 entropy=-0.843 (この反復   2.2秒, 累計   5.7分)
  iter 134/2000: rollout平均ep報酬=  -142.5 (エピソード数 32) policy_loss=+0.0303 value_loss= 184.676 entropy=-0.841 (この反復   2.1秒, 累計   5.7分)
  iter 135/2000: rollout平均ep報酬=  -135.5 (エピソード数 25) policy_loss=+0.0272 value_loss= 129.260 entropy=-0.846 (この反復   2.1秒, 累計   5.8分)
    → 決定的方策の評価: best_reward候補 = 323.7 (これまでのベスト = 1232.3)
  iter 136/2000: rollout平均ep報酬=  -102.6 (エピソード数 24) policy_loss=-0.1198 value_loss=  83.439 entropy=-0.866 (この反復   2.1秒, 累計   5.8分)
  iter 137/2000: rollout平均ep報酬=  -144.8 (エピソード数 40) policy_loss=-0.0507 value_loss= 177.803 entropy=-0.864 (この反復   2.2秒, 累計   5.9分)
  iter 138/2000: rollout平均ep報酬=  -126.5 (エピソード数 43) policy_loss=+0.0280 value_loss= 115.002 entropy=-0.865 (この反復   2.2秒, 累計   5.9分)
  iter 139/2000: rollout平均ep報酬=  -152.5 (エピソード数 43) policy_loss=-0.0586 value_loss= 245.244 entropy=-0.857 (この反復   2.2秒, 累計   5.9分)
  iter 140/2000: rollout平均ep報酬=  -148.3 (エピソード数 50) policy_loss=+0.0315 value_loss= 252.166 entropy=-0.852 (この反復   2.1秒, 累計   6.0分)
    → 決定的方策の評価: best_reward候補 = -97.0 (これまでのベスト = 1232.3)
  [checkpoint] これまでのベスト重みを ev3way_w1.npy/ev3way_w2.npy に中間保存しました
  iter 141/2000: rollout平均ep報酬=  -143.9 (エピソード数 36) policy_loss=+0.1153 value_loss= 158.633 entropy=-0.849 (この反復   2.1秒, 累計   6.0分)
  iter 142/2000: rollout平均ep報酬=  -134.9 (エピソード数 54) policy_loss=-0.0449 value_loss= 233.557 entropy=-0.846 (この反復   2.2秒, 累計   6.0分)
  iter 143/2000: rollout平均ep報酬=  -126.8 (エピソード数 45) policy_loss=+0.0872 value_loss= 183.661 entropy=-0.859 (この反復   2.2秒, 累計   6.1分)
  iter 144/2000: rollout平均ep報酬=  -119.3 (エピソード数 42) policy_loss=-0.0343 value_loss= 101.995 entropy=-0.853 (この反復   2.4秒, 累計   6.1分)
  iter 145/2000: rollout平均ep報酬=  -144.3 (エピソード数 71) policy_loss=+0.0077 value_loss= 203.962 entropy=-0.844 (この反復   2.2秒, 累計   6.2分)
    → 決定的方策の評価: best_reward候補 = -100.3 (これまでのベスト = 1232.3)
  iter 146/2000: rollout平均ep報酬=  -145.0 (エピソード数 64) policy_loss=-0.0579 value_loss= 190.777 entropy=-0.844 (この反復   2.1秒, 累計   6.2分)
  iter 147/2000: rollout平均ep報酬=  -134.5 (エピソード数 75) policy_loss=+0.0297 value_loss= 119.471 entropy=-0.850 (この反復   2.2秒, 累計   6.2分)
  iter 148/2000: rollout平均ep報酬=  -138.5 (エピソード数 73) policy_loss=+0.1003 value_loss= 196.196 entropy=-0.850 (この反復   2.1秒, 累計   6.3分)
  iter 149/2000: rollout平均ep報酬=  -130.7 (エピソード数 86) policy_loss=+0.0059 value_loss= 161.622 entropy=-0.862 (この反復   2.2秒, 累計   6.3分)
  iter 150/2000: rollout平均ep報酬=  -127.7 (エピソード数 72) policy_loss=-0.0327 value_loss= 129.898 entropy=-0.858 (この反復   2.2秒, 累計   6.3分)
    → 決定的方策の評価: best_reward候補 = 68.8 (これまでのベスト = 1232.3)
  [checkpoint] これまでのベスト重みを ev3way_w1.npy/ev3way_w2.npy に中間保存しました
  iter 151/2000: rollout平均ep報酬=  -127.6 (エピソード数 83) policy_loss=-0.0323 value_loss= 144.384 entropy=-0.870 (この反復   2.2秒, 累計   6.4分)
  iter 152/2000: rollout平均ep報酬=  -126.3 (エピソード数 81) policy_loss=+0.0054 value_loss= 180.386 entropy=-0.871 (この反復   2.2秒, 累計   6.4分)
  iter 153/2000: rollout平均ep報酬=  -119.0 (エピソード数 65) policy_loss=-0.0723 value_loss=  81.383 entropy=-0.883 (この反復   2.2秒, 累計   6.5分)
  iter 154/2000: rollout平均ep報酬=  -120.9 (エピソード数 70) policy_loss=-0.0082 value_loss=  99.841 entropy=-0.874 (この反復   2.1秒, 累計   6.5分)
  iter 155/2000: rollout平均ep報酬=  -102.3 (エピソード数 46) policy_loss=-0.0235 value_loss= 108.079 entropy=-0.882 (この反復   2.2秒, 累計   6.5分)
    → 決定的方策の評価: best_reward候補 = -95.6 (これまでのベスト = 1232.3)
  iter 156/2000: rollout平均ep報酬=  -124.7 (エピソード数 72) policy_loss=-0.0135 value_loss= 137.284 entropy=-0.876 (この反復   2.2秒, 累計   6.6分)
  iter 157/2000: rollout平均ep報酬=  -123.2 (エピソード数 40) policy_loss=-0.0140 value_loss= 135.861 entropy=-0.882 (この反復   2.1秒, 累計   6.6分)
  iter 158/2000: rollout平均ep報酬=  -122.7 (エピソード数 68) policy_loss=-0.0207 value_loss= 107.186 entropy=-0.894 (この反復   2.3秒, 累計   6.7分)
  iter 159/2000: rollout平均ep報酬=  -128.7 (エピソード数 62) policy_loss=+0.0164 value_loss= 123.421 entropy=-0.900 (この反復   2.2秒, 累計   6.7分)
  iter 160/2000: rollout平均ep報酬=  -102.1 (エピソード数 45) policy_loss=-0.1152 value_loss=  96.783 entropy=-0.914 (この反復   2.2秒, 累計   6.7分)
    → 決定的方策の評価: best_reward候補 = -93.1 (これまでのベスト = 1232.3)
  [checkpoint] これまでのベスト重みを ev3way_w1.npy/ev3way_w2.npy に中間保存しました
  iter 161/2000: rollout平均ep報酬=  -104.9 (エピソード数 40) policy_loss=-0.0573 value_loss= 123.100 entropy=-0.925 (この反復   2.2秒, 累計   6.8分)
  iter 162/2000: rollout平均ep報酬=   -94.2 (エピソード数 38) policy_loss=-0.0423 value_loss=  89.527 entropy=-0.926 (この反復   2.2秒, 累計   6.8分)
  iter 163/2000: rollout平均ep報酬=  -115.6 (エピソード数 35) policy_loss=+0.0607 value_loss= 120.629 entropy=-0.943 (この反復   2.1秒, 累計   6.8分)
  iter 164/2000: rollout平均ep報酬=  -161.2 (エピソード数 27) policy_loss=-0.0034 value_loss= 148.593 entropy=-0.953 (この反復   2.2秒, 累計   6.9分)
  iter 165/2000: rollout平均ep報酬=  -123.1 (エピソード数 50) policy_loss=-0.0228 value_loss=  99.233 entropy=-0.960 (この反復   2.2秒, 累計   6.9分)
    → 決定的方策の評価: best_reward候補 = 317.4 (これまでのベスト = 1232.3)
  iter 166/2000: rollout平均ep報酬=  -119.0 (エピソード数 29) policy_loss=+0.0101 value_loss=  59.500 entropy=-0.975 (この反復   2.2秒, 累計   7.0分)
  iter 167/2000: rollout平均ep報酬=   -90.9 (エピソード数 30) policy_loss=-0.0208 value_loss=  73.853 entropy=-0.979 (この反復   2.2秒, 累計   7.0分)
  iter 168/2000: rollout平均ep報酬=  -130.9 (エピソード数 46) policy_loss=-0.0342 value_loss= 131.104 entropy=-0.997 (この反復   2.2秒, 累計   7.0分)
  iter 169/2000: rollout平均ep報酬=  -129.0 (エピソード数 74) policy_loss=-0.0104 value_loss= 131.004 entropy=-0.996 (この反復   2.2秒, 累計   7.1分)
  iter 170/2000: rollout平均ep報酬=  -133.7 (エピソード数 45) policy_loss=-0.0048 value_loss= 111.437 entropy=-1.006 (この反復   2.2秒, 累計   7.1分)
    → 決定的方策の評価: best_reward候補 = 48.9 (これまでのベスト = 1232.3)
  [checkpoint] これまでのベスト重みを ev3way_w1.npy/ev3way_w2.npy に中間保存しました
  iter 171/2000: rollout平均ep報酬=   -71.1 (エピソード数 23) policy_loss=-0.0658 value_loss=  80.530 entropy=-1.017 (この反復   2.2秒, 累計   7.2分)
  iter 172/2000: rollout平均ep報酬=  -116.9 (エピソード数 30) policy_loss=+0.0030 value_loss= 108.922 entropy=-1.025 (この反復   2.2秒, 累計   7.2分)
  iter 173/2000: rollout平均ep報酬=  -118.8 (エピソード数 41) policy_loss=-0.0541 value_loss= 121.398 entropy=-1.034 (この反復   2.2秒, 累計   7.2分)
  iter 174/2000: rollout平均ep報酬=   -84.9 (エピソード数 22) policy_loss=-0.0201 value_loss=  97.664 entropy=-1.042 (この反復   2.2秒, 累計   7.3分)
  iter 175/2000: rollout平均ep報酬=  -116.2 (エピソード数 34) policy_loss=+0.0367 value_loss= 130.114 entropy=-1.043 (この反復   2.1秒, 累計   7.3分)
    → 決定的方策の評価: best_reward候補 = 99.3 (これまでのベスト = 1232.3)
  iter 176/2000: rollout平均ep報酬=   -82.4 (エピソード数 22) policy_loss=+0.0222 value_loss=  88.593 entropy=-1.051 (この反復   2.1秒, 累計   7.4分)
  iter 177/2000: rollout平均ep報酬=   -96.6 (エピソード数 21) policy_loss=+0.0576 value_loss= 133.901 entropy=-1.062 (この反復   2.2秒, 累計   7.4分)
  iter 178/2000: rollout平均ep報酬=   -82.1 (エピソード数 26) policy_loss=+0.0535 value_loss=  77.692 entropy=-1.071 (この反復   2.8秒, 累計   7.4分)
  iter 179/2000: rollout平均ep報酬=  -105.8 (エピソード数 15) policy_loss=+0.0043 value_loss=  71.895 entropy=-1.071 (この反復   2.2秒, 累計   7.5分)
  iter 180/2000: rollout平均ep報酬=  -124.1 (エピソード数 19) policy_loss=+0.0601 value_loss= 117.304 entropy=-1.077 (この反復   2.1秒, 累計   7.5分)
    → 決定的方策の評価: best_reward候補 = 511.8 (これまでのベスト = 1232.3)
  [checkpoint] これまでのベスト重みを ev3way_w1.npy/ev3way_w2.npy に中間保存しました
  iter 181/2000: rollout平均ep報酬=   -84.4 (エピソード数 17) policy_loss=-0.0201 value_loss=  77.032 entropy=-1.082 (この反復   2.3秒, 累計   7.6分)
  iter 182/2000: rollout平均ep報酬=  -134.9 (エピソード数 34) policy_loss=-0.0157 value_loss=  44.618 entropy=-1.088 (この反復   2.3秒, 累計   7.6分)
  iter 183/2000: rollout平均ep報酬=  -166.0 (エピソード数 20) policy_loss=+0.0108 value_loss=  71.377 entropy=-1.109 (この反復   2.2秒, 累計   7.7分)
  iter 184/2000: rollout平均ep報酬=   -86.0 (エピソード数 25) policy_loss=+0.0162 value_loss=  69.074 entropy=-1.107 (この反復   2.2秒, 累計   7.7分)
  iter 185/2000: rollout平均ep報酬=  -105.1 (エピソード数 31) policy_loss=-0.0149 value_loss=  81.052 entropy=-1.110 (この反復   2.2秒, 累計   7.7分)
    → 決定的方策の評価: best_reward候補 = 389.5 (これまでのベスト = 1232.3)
  iter 186/2000: rollout平均ep報酬=  -104.8 (エピソード数 41) policy_loss=+0.0000 value_loss=  72.748 entropy=-1.122 (この反復   2.2秒, 累計   7.8分)
  iter 187/2000: rollout平均ep報酬=  -104.9 (エピソード数 37) policy_loss=-0.0088 value_loss=  78.300 entropy=-1.133 (この反復   2.2秒, 累計   7.8分)
  iter 188/2000: rollout平均ep報酬=   -55.8 (エピソード数 13) policy_loss=+0.0280 value_loss=  82.405 entropy=-1.147 (この反復   2.2秒, 累計   7.9分)
  iter 189/2000: rollout平均ep報酬=   -28.6 (エピソード数 14) policy_loss=+0.0102 value_loss= 111.175 entropy=-1.165 (この反復   2.2秒, 累計   7.9分)
  iter 190/2000: rollout平均ep報酬=   103.5 (エピソード数 11) policy_loss=-0.0427 value_loss=  28.545 entropy=-1.168 (この反復   2.2秒, 累計   7.9分)
    → 決定的方策の評価: best_reward候補 = 122.7 (これまでのベスト = 1232.3)
  [checkpoint] これまでのベスト重みを ev3way_w1.npy/ev3way_w2.npy に中間保存しました
  iter 191/2000: rollout平均ep報酬=   -43.4 (エピソード数 23) policy_loss=-0.0193 value_loss= 110.480 entropy=-1.176 (この反復   2.2秒, 累計   8.0分)
  iter 192/2000: rollout平均ep報酬=   -44.2 (エピソード数 17) policy_loss=+0.0524 value_loss= 114.633 entropy=-1.178 (この反復   2.3秒, 累計   8.0分)
  iter 193/2000: rollout平均ep報酬=  -118.0 (エピソード数 18) policy_loss=-0.0627 value_loss= 154.446 entropy=-1.189 (この反復   2.1秒, 累計   8.1分)
  iter 194/2000: rollout平均ep報酬=  -103.3 (エピソード数 19) policy_loss=+0.0092 value_loss=  89.140 entropy=-1.195 (この反復   2.3秒, 累計   8.1分)
  iter 195/2000: rollout平均ep報酬=   150.7 (エピソード数  6) policy_loss=+0.0166 value_loss=  70.160 entropy=-1.205 (この反復   2.2秒, 累計   8.1分)
    → 決定的方策の評価: best_reward候補 = 346.8 (これまでのベスト = 1232.3)
  iter 196/2000: rollout平均ep報酬=   -75.5 (エピソード数 21) policy_loss=+0.1225 value_loss= 105.116 entropy=-1.209 (この反復   2.2秒, 累計   8.2分)
  iter 197/2000: rollout平均ep報酬=   -32.3 (エピソード数  7) policy_loss=+0.0444 value_loss=  51.155 entropy=-1.205 (この反復   2.0秒, 累計   8.2分)
  iter 198/2000: rollout平均ep報酬=   -74.5 (エピソード数 19) policy_loss=+0.0574 value_loss=  88.987 entropy=-1.198 (この反復   2.2秒, 累計   8.3分)
  iter 199/2000: rollout平均ep報酬=   -18.2 (エピソード数 16) policy_loss=-0.0122 value_loss=  50.200 entropy=-1.215 (この反復   2.2秒, 累計   8.3分)
  iter 200/2000: rollout平均ep報酬=    -0.7 (エピソード数 20) policy_loss=-0.0409 value_loss=  61.902 entropy=-1.211 (この反復   2.3秒, 累計   8.3分)
    → 決定的方策の評価: best_reward候補 = 600.3 (これまでのベスト = 1232.3)
  [checkpoint] これまでのベスト重みを ev3way_w1.npy/ev3way_w2.npy に中間保存しました
  iter 201/2000: rollout平均ep報酬=   465.2 (エピソード数  6) policy_loss=-0.0700 value_loss=  48.453 entropy=-1.206 (この反復   2.3秒, 累計   8.4分)
  iter 202/2000: rollout平均ep報酬=   243.5 (エピソード数  7) policy_loss=+0.0078 value_loss=  79.642 entropy=-1.214 (この反復   2.2秒, 累計   8.4分)
  iter 203/2000: rollout平均ep報酬=   281.5 (エピソード数  7) policy_loss=+0.0228 value_loss=  83.193 entropy=-1.214 (この反復   2.2秒, 累計   8.5分)
  iter 204/2000: rollout平均ep報酬=   -47.0 (エピソード数 19) policy_loss=+0.0175 value_loss= 103.224 entropy=-1.206 (この反復   2.3秒, 累計   8.5分)
  iter 205/2000: rollout平均ep報酬=    46.5 (エピソード数 15) policy_loss=-0.0194 value_loss=  67.552 entropy=-1.205 (この反復   2.2秒, 累計   8.5分)
    → 決定的方策の評価: best_reward候補 = 573.2 (これまでのベスト = 1232.3)
  iter 206/2000: rollout平均ep報酬=    55.7 (エピソード数 15) policy_loss=-0.0148 value_loss=  96.770 entropy=-1.214 (この反復   2.3秒, 累計   8.6分)
  iter 207/2000: rollout平均ep報酬=    35.8 (エピソード数 12) policy_loss=+0.0221 value_loss=  98.328 entropy=-1.223 (この反復   2.3秒, 累計   8.6分)
  iter 208/2000: rollout平均ep報酬=   -14.6 (エピソード数 10) policy_loss=-0.0112 value_loss=  25.996 entropy=-1.232 (この反復   2.2秒, 累計   8.7分)
  iter 209/2000: rollout平均ep報酬=   -63.2 (エピソード数 20) policy_loss=-0.0448 value_loss=  99.633 entropy=-1.229 (この反復   2.2秒, 累計   8.7分)
  iter 210/2000: rollout平均ep報酬=    71.3 (エピソード数 11) policy_loss=-0.0161 value_loss=  93.352 entropy=-1.233 (この反復   2.2秒, 累計   8.8分)
    → 決定的方策の評価: best_reward候補 = 594.0 (これまでのベスト = 1232.3)
  [checkpoint] これまでのベスト重みを ev3way_w1.npy/ev3way_w2.npy に中間保存しました
  iter 211/2000: rollout平均ep報酬=   247.1 (エピソード数  9) policy_loss=-0.0237 value_loss=  54.700 entropy=-1.233 (この反復   2.3秒, 累計   8.8分)
  iter 212/2000: rollout平均ep報酬=     0.3 (エピソード数 11) policy_loss=-0.0071 value_loss= 104.228 entropy=-1.244 (この反復   2.2秒, 累計   8.9分)
  iter 213/2000: rollout平均ep報酬=   110.9 (エピソード数 11) policy_loss=+0.0242 value_loss=  19.434 entropy=-1.250 (この反復   2.2秒, 累計   8.9分)
  iter 214/2000: rollout平均ep報酬=    13.7 (エピソード数 21) policy_loss=-0.0672 value_loss=  66.147 entropy=-1.247 (この反復   2.2秒, 累計   8.9分)
  iter 215/2000: rollout平均ep報酬=   -67.0 (エピソード数  9) policy_loss=+0.0339 value_loss= 152.879 entropy=-1.255 (この反復   2.2秒, 累計   9.0分)
    → 決定的方策の評価: best_reward候補 = 614.3 (これまでのベスト = 1232.3)
  iter 216/2000: rollout平均ep報酬=    76.9 (エピソード数  5) policy_loss=+0.0225 value_loss=  56.308 entropy=-1.271 (この反復   2.2秒, 累計   9.0分)
  iter 217/2000: rollout平均ep報酬=   -10.5 (エピソード数 13) policy_loss=+0.0330 value_loss= 112.236 entropy=-1.270 (この反復   2.3秒, 累計   9.1分)
  iter 218/2000: rollout平均ep報酬=   -31.9 (エピソード数 20) policy_loss=+0.0114 value_loss= 104.658 entropy=-1.271 (この反復   2.1秒, 累計   9.1分)
  iter 219/2000: rollout平均ep報酬=   125.3 (エピソード数  7) policy_loss=-0.0363 value_loss=  77.577 entropy=-1.276 (この反復   2.2秒, 累計   9.2分)
  iter 220/2000: rollout平均ep報酬=   -60.6 (エピソード数 19) policy_loss=+0.0204 value_loss= 101.119 entropy=-1.289 (この反復   2.8秒, 累計   9.2分)
    → 決定的方策の評価: best_reward候補 = 592.1 (これまでのベスト = 1232.3)
  [checkpoint] これまでのベスト重みを ev3way_w1.npy/ev3way_w2.npy に中間保存しました
  iter 221/2000: rollout平均ep報酬=   146.9 (エピソード数  9) policy_loss=+0.0360 value_loss= 135.172 entropy=-1.298 (この反復   2.2秒, 累計   9.3分)
  iter 222/2000: rollout平均ep報酬=    46.9 (エピソード数  8) policy_loss=-0.0057 value_loss=  93.182 entropy=-1.295 (この反復   2.2秒, 累計   9.3分)
  iter 223/2000: rollout平均ep報酬=    31.3 (エピソード数 15) policy_loss=+0.0318 value_loss= 116.479 entropy=-1.304 (この反復   2.5秒, 累計   9.3分)
  iter 224/2000: rollout平均ep報酬=   192.8 (エピソード数  6) policy_loss=-0.0001 value_loss=  59.433 entropy=-1.305 (この反復   2.1秒, 累計   9.4分)
  iter 225/2000: rollout平均ep報酬=  -265.8 (エピソード数  5) policy_loss=-0.0240 value_loss= 340.068 entropy=-1.307 (この反復   2.0秒, 累計   9.4分)
    → 決定的方策の評価: best_reward候補 = 790.9 (これまでのベスト = 1232.3)
  iter 226/2000: rollout平均ep報酬=   159.5 (エピソード数  6) policy_loss=+0.0941 value_loss= 110.021 entropy=-1.321 (この反復   2.3秒, 累計   9.5分)
  iter 227/2000: rollout平均ep報酬=   189.5 (エピソード数 10) policy_loss=-0.0622 value_loss=  45.989 entropy=-1.334 (この反復   2.4秒, 累計   9.5分)
  iter 228/2000: rollout平均ep報酬=   266.8 (エピソード数  7) policy_loss=+0.0097 value_loss=  79.409 entropy=-1.333 (この反復   2.2秒, 累計   9.6分)
  iter 229/2000: rollout平均ep報酬=   -38.1 (エピソード数 25) policy_loss=-0.0315 value_loss=  89.140 entropy=-1.333 (この反復   2.2秒, 累計   9.6分)
  iter 230/2000: rollout平均ep報酬=    70.3 (エピソード数 13) policy_loss=-0.0714 value_loss=  54.415 entropy=-1.329 (この反復   2.2秒, 累計   9.6分)
    → 決定的方策の評価: best_reward候補 = 806.3 (これまでのベスト = 1232.3)
  [checkpoint] これまでのベスト重みを ev3way_w1.npy/ev3way_w2.npy に中間保存しました
  iter 231/2000: rollout平均ep報酬=  -101.8 (エピソード数 14) policy_loss=+0.0935 value_loss= 143.715 entropy=-1.336 (この反復   2.1秒, 累計   9.7分)
  iter 232/2000: rollout平均ep報酬=   -40.0 (エピソード数  9) policy_loss=-0.0265 value_loss=  96.439 entropy=-1.357 (この反復   2.1秒, 累計   9.7分)
  iter 233/2000: rollout平均ep報酬=    20.1 (エピソード数 12) policy_loss=+0.0658 value_loss=  91.549 entropy=-1.376 (この反復   2.2秒, 累計   9.8分)
  iter 234/2000: rollout平均ep報酬=   332.1 (エピソード数  5) policy_loss=-0.0501 value_loss=  51.162 entropy=-1.369 (この反復   2.3秒, 累計   9.8分)
  iter 235/2000: rollout平均ep報酬=   -50.0 (エピソード数  9) policy_loss=+0.0091 value_loss=  95.839 entropy=-1.371 (この反復   2.2秒, 累計   9.9分)
    → 決定的方策の評価: best_reward候補 = 604.3 (これまでのベスト = 1232.3)
  iter 236/2000: rollout平均ep報酬=   176.6 (エピソード数 10) policy_loss=-0.0699 value_loss=  25.670 entropy=-1.373 (この反復   2.3秒, 累計   9.9分)
  iter 237/2000: rollout平均ep報酬=  -103.2 (エピソード数 22) policy_loss=+0.0138 value_loss=  90.504 entropy=-1.376 (この反復   2.3秒, 累計  10.0分)
  iter 238/2000: rollout平均ep報酬=   121.3 (エピソード数  7) policy_loss=+0.0181 value_loss=  31.243 entropy=-1.391 (この反復   2.2秒, 累計  10.0分)
  iter 239/2000: rollout平均ep報酬=   120.5 (エピソード数 11) policy_loss=+0.0321 value_loss= 121.168 entropy=-1.386 (この反復   2.2秒, 累計  10.0分)
  iter 240/2000: rollout平均ep報酬=   349.3 (エピソード数  6) policy_loss=+0.0285 value_loss=  61.308 entropy=-1.382 (この反復   2.4秒, 累計  10.1分)
    → 決定的方策の評価: best_reward候補 = 616.3 (これまでのベスト = 1232.3)
  [checkpoint] これまでのベスト重みを ev3way_w1.npy/ev3way_w2.npy に中間保存しました
  iter 241/2000: rollout平均ep報酬=   302.1 (エピソード数  7) policy_loss=-0.0305 value_loss=  31.656 entropy=-1.378 (この反復   2.2秒, 累計  10.2分)
  iter 242/2000: rollout平均ep報酬=    64.7 (エピソード数 11) policy_loss=+0.0105 value_loss= 138.424 entropy=-1.379 (この反復   2.2秒, 累計  10.2分)
  iter 243/2000: rollout平均ep報酬=   774.5 (エピソード数  4) policy_loss=-0.0396 value_loss=  25.147 entropy=-1.374 (この反復   2.5秒, 累計  10.2分)
  iter 244/2000: rollout平均ep報酬=   315.6 (エピソード数  7) policy_loss=+0.0565 value_loss=  71.808 entropy=-1.370 (この反復   2.4秒, 累計  10.3分)
  iter 245/2000: rollout平均ep報酬=   196.9 (エピソード数  9) policy_loss=+0.0710 value_loss= 131.023 entropy=-1.364 (この反復   2.3秒, 累計  10.3分)
    → 決定的方策の評価: best_reward候補 = 1064.6 (これまでのベスト = 1232.3)
  iter 246/2000: rollout平均ep報酬=    81.5 (エピソード数  9) policy_loss=+0.0856 value_loss=  68.437 entropy=-1.372 (この反復   2.2秒, 累計  10.4分)
  iter 247/2000: rollout平均ep報酬=   109.6 (エピソード数 11) policy_loss=-0.0362 value_loss=  77.685 entropy=-1.379 (この反復   2.3秒, 累計  10.4分)
  iter 248/2000: rollout平均ep報酬=    19.0 (エピソード数 14) policy_loss=+0.0131 value_loss= 116.324 entropy=-1.384 (この反復   2.3秒, 累計  10.5分)
  iter 249/2000: rollout平均ep報酬=    -9.7 (エピソード数 12) policy_loss=+0.0159 value_loss= 120.260 entropy=-1.401 (この反復   2.0秒, 累計  10.5分)
  iter 250/2000: rollout平均ep報酬=   189.0 (エピソード数  7) policy_loss=-0.0194 value_loss=  38.042 entropy=-1.412 (この反復   2.4秒, 累計  10.5分)
    → 決定的方策の評価: best_reward候補 = 1066.5 (これまでのベスト = 1232.3)
  [checkpoint] これまでのベスト重みを ev3way_w1.npy/ev3way_w2.npy に中間保存しました
  iter 251/2000: rollout平均ep報酬=   -34.8 (エピソード数 14) policy_loss=-0.0680 value_loss= 114.952 entropy=-1.415 (この反復   2.2秒, 累計  10.6分)
  iter 252/2000: rollout平均ep報酬=    43.7 (エピソード数 13) policy_loss=-0.0554 value_loss=  93.239 entropy=-1.403 (この反復   2.3秒, 累計  10.7分)
  iter 253/2000: rollout平均ep報酬=   175.9 (エピソード数  6) policy_loss=+0.0501 value_loss=  83.344 entropy=-1.417 (この反復   2.1秒, 累計  10.7分)
  iter 254/2000: rollout平均ep報酬=    29.7 (エピソード数 11) policy_loss=+0.0749 value_loss= 132.059 entropy=-1.424 (この反復   2.3秒, 累計  10.7分)
  iter 255/2000: rollout平均ep報酬=    75.0 (エピソード数 11) policy_loss=+0.0307 value_loss=  62.709 entropy=-1.422 (この反復   2.3秒, 累計  10.8分)
    → 決定的方策の評価: best_reward候補 = 1076.0 (これまでのベスト = 1232.3)
  iter 256/2000: rollout平均ep報酬=    40.9 (エピソード数 11) policy_loss=-0.0029 value_loss= 100.120 entropy=-1.414 (この反復   2.2秒, 累計  10.9分)
  iter 257/2000: rollout平均ep報酬=   298.7 (エピソード数  4) policy_loss=-0.0098 value_loss=  95.480 entropy=-1.410 (この反復   2.2秒, 累計  10.9分)
  iter 258/2000: rollout平均ep報酬=   212.5 (エピソード数  9) policy_loss=-0.0696 value_loss=  97.045 entropy=-1.407 (この反復   2.2秒, 累計  10.9分)
  iter 259/2000: rollout平均ep報酬=   267.9 (エピソード数  5) policy_loss=+0.0605 value_loss= 169.027 entropy=-1.421 (この反復   2.2秒, 累計  11.0分)
  iter 260/2000: rollout平均ep報酬=   535.7 (エピソード数  4) policy_loss=+0.0490 value_loss=  80.760 entropy=-1.428 (この反復   2.3秒, 累計  11.0分)
    → 決定的方策の評価: best_reward候補 = 1104.0 (これまでのベスト = 1232.3)
  [checkpoint] これまでのベスト重みを ev3way_w1.npy/ev3way_w2.npy に中間保存しました
  iter 261/2000: rollout平均ep報酬=   207.7 (エピソード数  5) policy_loss=-0.0121 value_loss=  64.354 entropy=-1.430 (この反復   2.3秒, 累計  11.1分)
  iter 262/2000: rollout平均ep報酬=   292.9 (エピソード数  8) policy_loss=+0.0289 value_loss= 110.845 entropy=-1.436 (この反復   2.5秒, 累計  11.1分)
  iter 263/2000: rollout平均ep報酬=   375.7 (エピソード数  5) policy_loss=+0.0020 value_loss=  21.108 entropy=-1.435 (この反復   2.3秒, 累計  11.2分)
  iter 264/2000: rollout平均ep報酬=   589.4 (エピソード数  4) policy_loss=+0.0182 value_loss=  14.083 entropy=-1.439 (この反復   2.2秒, 累計  11.2分)
  iter 265/2000: rollout平均ep報酬=   318.7 (エピソード数  6) policy_loss=+0.1070 value_loss=  78.508 entropy=-1.446 (この反復   2.3秒, 累計  11.2分)
    → 決定的方策の評価: best_reward候補 = 1095.1 (これまでのベスト = 1232.3)
  iter 266/2000: rollout平均ep報酬=   444.2 (エピソード数  5) policy_loss=+0.0118 value_loss=  61.038 entropy=-1.462 (この反復   2.2秒, 累計  11.3分)
  iter 267/2000: rollout平均ep報酬=    71.2 (エピソード数 10) policy_loss=+0.0204 value_loss= 126.598 entropy=-1.467 (この反復   2.2秒, 累計  11.4分)
  iter 268/2000: rollout平均ep報酬=    -2.6 (エピソード数 15) policy_loss=-0.1195 value_loss= 149.722 entropy=-1.462 (この反復   2.2秒, 累計  11.4分)
  iter 269/2000: rollout平均ep報酬=   607.8 (エピソード数  4) policy_loss=-0.0071 value_loss= 121.442 entropy=-1.469 (この反復   2.4秒, 累計  11.4分)
  iter 270/2000: rollout平均ep報酬=   160.2 (エピソード数  9) policy_loss=-0.0394 value_loss=  93.769 entropy=-1.476 (この反復   2.2秒, 累計  11.5分)
    → 決定的方策の評価: best_reward候補 = 1100.2 (これまでのベスト = 1232.3)
  [checkpoint] これまでのベスト重みを ev3way_w1.npy/ev3way_w2.npy に中間保存しました
  iter 271/2000: rollout平均ep報酬=    -0.3 (エピソード数 10) policy_loss=-0.0442 value_loss=  88.952 entropy=-1.480 (この反復   2.1秒, 累計  11.6分)
  iter 272/2000: rollout平均ep報酬=   396.4 (エピソード数  4) policy_loss=-0.0178 value_loss=  73.139 entropy=-1.474 (この反復   2.2秒, 累計  11.6分)
  iter 273/2000: rollout平均ep報酬=   -50.3 (エピソード数  8) policy_loss=+0.1004 value_loss= 203.247 entropy=-1.463 (この反復   2.1秒, 累計  11.6分)
  iter 274/2000: rollout平均ep報酬=   121.2 (エピソード数  9) policy_loss=-0.0833 value_loss=  75.619 entropy=-1.452 (この反復   2.2秒, 累計  11.7分)
  iter 275/2000: rollout平均ep報酬=   263.1 (エピソード数  5) policy_loss=-0.0054 value_loss= 128.399 entropy=-1.461 (この反復   2.3秒, 累計  11.7分)
    → 決定的方策の評価: best_reward候補 = 1100.6 (これまでのベスト = 1232.3)
  iter 276/2000: rollout平均ep報酬=   168.4 (エピソード数  9) policy_loss=+0.0125 value_loss= 122.923 entropy=-1.460 (この反復   2.2秒, 累計  11.8分)
  iter 277/2000: rollout平均ep報酬=   315.7 (エピソード数  5) policy_loss=+0.0092 value_loss=  60.589 entropy=-1.458 (この反復   2.2秒, 累計  11.8分)
  iter 278/2000: rollout平均ep報酬=   447.7 (エピソード数  4) policy_loss=+0.0033 value_loss=  41.517 entropy=-1.475 (この反復   2.3秒, 累計  11.9分)
  iter 279/2000: rollout平均ep報酬=   603.3 (エピソード数  4) policy_loss=+0.0272 value_loss=  23.479 entropy=-1.508 (この反復   2.1秒, 累計  11.9分)
  iter 280/2000: rollout平均ep報酬=   176.1 (エピソード数  7) policy_loss=-0.0824 value_loss=  31.502 entropy=-1.508 (この反復   2.2秒, 累計  11.9分)
    → 決定的方策の評価: best_reward候補 = 1102.4 (これまでのベスト = 1232.3)
  [checkpoint] これまでのベスト重みを ev3way_w1.npy/ev3way_w2.npy に中間保存しました
  iter 281/2000: rollout平均ep報酬=     3.7 (エピソード数 13) policy_loss=+0.0782 value_loss= 234.302 entropy=-1.503 (この反復   2.2秒, 累計  12.0分)
  iter 282/2000: rollout平均ep報酬=   217.5 (エピソード数  8) policy_loss=+0.0256 value_loss=  92.036 entropy=-1.507 (この反復   2.2秒, 累計  12.0分)
  iter 283/2000: rollout平均ep報酬=   140.4 (エピソード数  5) policy_loss=-0.0228 value_loss=  92.259 entropy=-1.517 (この反復   2.1秒, 累計  12.1分)
  iter 284/2000: rollout平均ep報酬=   260.6 (エピソード数  6) policy_loss=-0.0348 value_loss=  43.948 entropy=-1.525 (この反復   2.2秒, 累計  12.1分)
  iter 285/2000: rollout平均ep報酬=   413.5 (エピソード数  4) policy_loss=-0.0238 value_loss=  53.927 entropy=-1.530 (この反復   2.2秒, 累計  12.2分)
    → 決定的方策の評価: best_reward候補 = 1100.6 (これまでのベスト = 1232.3)
  iter 286/2000: rollout平均ep報酬=   391.0 (エピソード数  6) policy_loss=+0.0322 value_loss=  94.128 entropy=-1.548 (この反復   2.3秒, 累計  12.2分)
  iter 287/2000: rollout平均ep報酬=   263.4 (エピソード数  5) policy_loss=-0.0649 value_loss=  84.930 entropy=-1.561 (この反復   2.1秒, 累計  12.3分)
  iter 288/2000: rollout平均ep報酬=    95.6 (エピソード数 10) policy_loss=+0.0316 value_loss= 133.881 entropy=-1.564 (この反復   2.4秒, 累計  12.3分)
  iter 289/2000: rollout平均ep報酬=    70.4 (エピソード数  7) policy_loss=-0.0407 value_loss=  57.555 entropy=-1.568 (この反復   2.3秒, 累計  12.3分)
  iter 290/2000: rollout平均ep報酬=   -25.8 (エピソード数  5) policy_loss=-0.0571 value_loss= 158.966 entropy=-1.571 (この反復   2.1秒, 累計  12.4分)
    → 決定的方策の評価: best_reward候補 = 1081.9 (これまでのベスト = 1232.3)
  [checkpoint] これまでのベスト重みを ev3way_w1.npy/ev3way_w2.npy に中間保存しました
  iter 291/2000: rollout平均ep報酬=   403.3 (エピソード数  5) policy_loss=-0.0707 value_loss=  59.451 entropy=-1.593 (この反復   2.3秒, 累計  12.5分)
  iter 292/2000: rollout平均ep報酬=   -28.1 (エピソード数  8) policy_loss=-0.0619 value_loss=  63.346 entropy=-1.593 (この反復   2.2秒, 累計  12.5分)
  iter 293/2000: rollout平均ep報酬=   862.8 (エピソード数  4) policy_loss=+0.0613 value_loss=  40.351 entropy=-1.593 (この反復   2.3秒, 累計  12.5分)
  iter 294/2000: rollout平均ep報酬=    52.8 (エピソード数  5) policy_loss=-0.0051 value_loss= 122.122 entropy=-1.606 (この反復   2.3秒, 累計  12.6分)
  iter 295/2000: rollout平均ep報酬=    72.5 (エピソード数  8) policy_loss=-0.0418 value_loss=  86.633 entropy=-1.616 (この反復   2.2秒, 累計  12.6分)
    → 決定的方策の評価: best_reward候補 = 1063.2 (これまでのベスト = 1232.3)
  iter 296/2000: rollout平均ep報酬=   171.4 (エピソード数 10) policy_loss=-0.0042 value_loss=  43.831 entropy=-1.619 (この反復   2.4秒, 累計  12.7分)
  iter 297/2000: rollout平均ep報酬=   670.0 (エピソード数  4) policy_loss=+0.0448 value_loss=  73.897 entropy=-1.628 (この反復   2.2秒, 累計  12.7分)
  iter 298/2000: rollout平均ep報酬=   153.5 (エピソード数  7) policy_loss=-0.0008 value_loss=  90.287 entropy=-1.617 (この反復   2.3秒, 累計  12.8分)
  iter 299/2000: rollout平均ep報酬=   247.9 (エピソード数  5) policy_loss=+0.0525 value_loss= 144.510 entropy=-1.623 (この反復   2.4秒, 累計  12.8分)
  iter 300/2000: rollout平均ep報酬=   628.4 (エピソード数  4) policy_loss=-0.0004 value_loss=  38.690 entropy=-1.648 (この反復   2.2秒, 累計  12.9分)
    → 決定的方策の評価: best_reward候補 = 997.2 (これまでのベスト = 1232.3)
  [checkpoint] これまでのベスト重みを ev3way_w1.npy/ev3way_w2.npy に中間保存しました
  iter 301/2000: rollout平均ep報酬=    -6.7 (エピソード数 12) policy_loss=-0.0294 value_loss=  86.685 entropy=-1.649 (この反復   2.4秒, 累計  12.9分)
  iter 302/2000: rollout平均ep報酬=   201.8 (エピソード数  6) policy_loss=-0.0303 value_loss=  67.869 entropy=-1.663 (この反復   2.1秒, 累計  13.0分)
  iter 303/2000: rollout平均ep報酬=   192.8 (エピソード数  6) policy_loss=-0.0143 value_loss=  50.979 entropy=-1.665 (この反復   2.6秒, 累計  13.0分)
  iter 304/2000: rollout平均ep報酬=   164.5 (エピソード数 10) policy_loss=-0.0777 value_loss=  54.683 entropy=-1.652 (この反復   2.6秒, 累計  13.1分)
  iter 305/2000: rollout平均ep報酬=   266.8 (エピソード数  7) policy_loss=-0.0307 value_loss=  51.563 entropy=-1.658 (この反復   4.0秒, 累計  13.1分)
    → 決定的方策の評価: best_reward候補 = 615.2 (これまでのベスト = 1232.3)
  iter 306/2000: rollout平均ep報酬=   499.8 (エピソード数  4) policy_loss=+0.1092 value_loss=  87.744 entropy=-1.666 (この反復   4.3秒, 累計  13.3分)
  iter 307/2000: rollout平均ep報酬=   372.3 (エピソード数  6) policy_loss=+0.0153 value_loss=  55.312 entropy=-1.683 (この反復   2.8秒, 累計  13.3分)
  iter 308/2000: rollout平均ep報酬=   491.1 (エピソード数  5) policy_loss=-0.0568 value_loss=  44.000 entropy=-1.676 (この反復   3.0秒, 累計  13.4分)
  iter 309/2000: rollout平均ep報酬=    64.1 (エピソード数 11) policy_loss=-0.0987 value_loss=  82.994 entropy=-1.672 (この反復   3.9秒, 累計  13.4分)
  iter 310/2000: rollout平均ep報酬=   229.8 (エピソード数  4) policy_loss=-0.0848 value_loss=  53.025 entropy=-1.680 (この反復   2.5秒, 累計  13.5分)
    → 決定的方策の評価: best_reward候補 = 621.9 (これまでのベスト = 1232.3)
  [checkpoint] これまでのベスト重みを ev3way_w1.npy/ev3way_w2.npy に中間保存しました
  iter 311/2000: rollout平均ep報酬=   183.6 (エピソード数  7) policy_loss=-0.0107 value_loss= 125.635 entropy=-1.682 (この反復   2.5秒, 累計  13.6分)
  iter 312/2000: rollout平均ep報酬=   592.5 (エピソード数  4) policy_loss=-0.0080 value_loss=  54.723 entropy=-1.697 (この反復   2.4秒, 累計  13.6分)
  iter 313/2000: rollout平均ep報酬=   167.6 (エピソード数  9) policy_loss=+0.0618 value_loss= 109.205 entropy=-1.708 (この反復   2.4秒, 累計  13.6分)
  iter 314/2000: rollout平均ep報酬=   158.0 (エピソード数  8) policy_loss=-0.0224 value_loss= 104.945 entropy=-1.707 (この反復   2.4秒, 累計  13.7分)
  iter 315/2000: rollout平均ep報酬=   373.9 (エピソード数  7) policy_loss=-0.0200 value_loss=  61.153 entropy=-1.716 (この反復   2.6秒, 累計  13.7分)
    → 決定的方策の評価: best_reward候補 = 845.6 (これまでのベスト = 1232.3)
  iter 316/2000: rollout平均ep報酬=    92.3 (エピソード数  8) policy_loss=+0.0019 value_loss= 133.885 entropy=-1.715 (この反復   2.3秒, 累計  13.8分)
  iter 317/2000: rollout平均ep報酬=   361.2 (エピソード数  7) policy_loss=+0.0331 value_loss= 109.414 entropy=-1.716 (この反復   2.3秒, 累計  13.8分)
  iter 318/2000: rollout平均ep報酬=   557.6 (エピソード数  4) policy_loss=-0.0129 value_loss=  30.297 entropy=-1.733 (この反復   2.4秒, 累計  13.9分)
  iter 319/2000: rollout平均ep報酬=   880.5 (エピソード数  4) policy_loss=-0.0335 value_loss=  22.800 entropy=-1.733 (この反復   2.9秒, 累計  13.9分)
  iter 320/2000: rollout平均ep報酬=   220.7 (エピソード数  4) policy_loss=-0.0228 value_loss=  47.222 entropy=-1.749 (この反復   2.9秒, 累計  14.0分)
    → 決定的方策の評価: best_reward候補 = 1090.8 (これまでのベスト = 1232.3)
  [checkpoint] これまでのベスト重みを ev3way_w1.npy/ev3way_w2.npy に中間保存しました
  iter 321/2000: rollout平均ep報酬=   243.0 (エピソード数  6) policy_loss=-0.0486 value_loss=  41.262 entropy=-1.742 (この反復   2.4秒, 累計  14.1分)
  iter 322/2000: rollout平均ep報酬=   266.7 (エピソード数  6) policy_loss=+0.1251 value_loss= 183.511 entropy=-1.754 (この反復   2.3秒, 累計  14.1分)
  iter 323/2000: rollout平均ep報酬=   533.9 (エピソード数  5) policy_loss=+0.0280 value_loss=  83.157 entropy=-1.756 (この反復   2.4秒, 累計  14.1分)
  iter 324/2000: rollout平均ep報酬=   453.6 (エピソード数  6) policy_loss=+0.0203 value_loss=  64.490 entropy=-1.748 (この反復   2.8秒, 累計  14.2分)
  iter 325/2000: rollout平均ep報酬=   403.2 (エピソード数  5) policy_loss=+0.0188 value_loss=  98.333 entropy=-1.753 (この反復   3.5秒, 累計  14.2分)
    → 決定的方策の評価: best_reward候補 = 1070.4 (これまでのベスト = 1232.3)
  iter 326/2000: rollout平均ep報酬=   592.6 (エピソード数  5) policy_loss=+0.0013 value_loss=  61.994 entropy=-1.743 (この反復   2.8秒, 累計  14.3分)
  iter 327/2000: rollout平均ep報酬=   444.3 (エピソード数  6) policy_loss=-0.0406 value_loss=  62.643 entropy=-1.749 (この反復   2.6秒, 累計  14.4分)
  iter 328/2000: rollout平均ep報酬=   414.7 (エピソード数  6) policy_loss=-0.0299 value_loss=  12.841 entropy=-1.758 (この反復   2.8秒, 累計  14.4分)
  iter 329/2000: rollout平均ep報酬=   160.8 (エピソード数 11) policy_loss=-0.0585 value_loss=  78.544 entropy=-1.754 (この反復   4.1秒, 累計  14.5分)
  iter 330/2000: rollout平均ep報酬=   234.6 (エピソード数  8) policy_loss=+0.1018 value_loss= 143.142 entropy=-1.752 (この反復   2.7秒, 累計  14.5分)
    → 決定的方策の評価: best_reward候補 = 823.4 (これまでのベスト = 1232.3)
  [checkpoint] これまでのベスト重みを ev3way_w1.npy/ev3way_w2.npy に中間保存しました
  iter 331/2000: rollout平均ep報酬=   301.1 (エピソード数  4) policy_loss=+0.0332 value_loss=  22.342 entropy=-1.747 (この反復   2.3秒, 累計  14.6分)
  iter 332/2000: rollout平均ep報酬=   122.2 (エピソード数 11) policy_loss=-0.0778 value_loss= 134.729 entropy=-1.738 (この反復   2.5秒, 累計  14.7分)
  iter 333/2000: rollout平均ep報酬=   264.0 (エピソード数  4) policy_loss=+0.0310 value_loss=  78.130 entropy=-1.746 (この反復   2.3秒, 累計  14.7分)
  iter 334/2000: rollout平均ep報酬=   744.8 (エピソード数  4) policy_loss=-0.0196 value_loss=  16.540 entropy=-1.750 (この反復   2.5秒, 累計  14.8分)
  iter 335/2000: rollout平均ep報酬=   572.7 (エピソード数  4) policy_loss=-0.0254 value_loss=  26.128 entropy=-1.754 (この反復   2.4秒, 累計  14.8分)
    → 決定的方策の評価: best_reward候補 = 751.2 (これまでのベスト = 1232.3)
  iter 336/2000: rollout平均ep報酬=  1016.2 (エピソード数  4) policy_loss=-0.0661 value_loss=  12.885 entropy=-1.781 (この反復   2.5秒, 累計  14.9分)
  iter 337/2000: rollout平均ep報酬=   606.6 (エピソード数  4) policy_loss=+0.0082 value_loss=  17.454 entropy=-1.790 (この反復   2.4秒, 累計  14.9分)
  iter 338/2000: rollout平均ep報酬=   593.5 (エピソード数  4) policy_loss=+0.0143 value_loss=  40.930 entropy=-1.797 (この反復   2.1秒, 累計  14.9分)
  iter 339/2000: rollout平均ep報酬=   397.9 (エピソード数  4) policy_loss=+0.0683 value_loss=  58.675 entropy=-1.801 (この反復   2.3秒, 累計  15.0分)
  iter 340/2000: rollout平均ep報酬=   222.4 (エピソード数  8) policy_loss=+0.0384 value_loss=  59.225 entropy=-1.803 (この反復   2.1秒, 累計  15.0分)
    → 決定的方策の評価: best_reward候補 = 833.7 (これまでのベスト = 1232.3)
  [checkpoint] これまでのベスト重みを ev3way_w1.npy/ev3way_w2.npy に中間保存しました
  iter 341/2000: rollout平均ep報酬=   238.0 (エピソード数  7) policy_loss=+0.0336 value_loss=  66.256 entropy=-1.808 (この反復   2.3秒, 累計  15.1分)
  iter 342/2000: rollout平均ep報酬=   284.2 (エピソード数  6) policy_loss=-0.0551 value_loss=  22.217 entropy=-1.811 (この反復   2.2秒, 累計  15.1分)
  iter 343/2000: rollout平均ep報酬=   116.7 (エピソード数  7) policy_loss=-0.0137 value_loss=  57.389 entropy=-1.813 (この反復   2.1秒, 累計  15.2分)
  iter 344/2000: rollout平均ep報酬=   428.0 (エピソード数  5) policy_loss=+0.0484 value_loss=  58.512 entropy=-1.824 (この反復   2.2秒, 累計  15.2分)
  iter 345/2000: rollout平均ep報酬=   152.1 (エピソード数  9) policy_loss=-0.0139 value_loss=  34.430 entropy=-1.818 (この反復   2.4秒, 累計  15.2分)
    → 決定的方策の評価: best_reward候補 = 619.5 (これまでのベスト = 1232.3)
  iter 346/2000: rollout平均ep報酬=   222.1 (エピソード数  6) policy_loss=-0.0052 value_loss=  61.710 entropy=-1.819 (この反復   2.4秒, 累計  15.3分)
  iter 347/2000: rollout平均ep報酬=   221.8 (エピソード数  6) policy_loss=-0.0308 value_loss=  62.442 entropy=-1.814 (この反復   2.4秒, 累計  15.4分)
  iter 348/2000: rollout平均ep報酬=   237.8 (エピソード数  6) policy_loss=-0.0121 value_loss=  54.791 entropy=-1.799 (この反復   2.5秒, 累計  15.4分)
  iter 349/2000: rollout平均ep報酬=   154.2 (エピソード数  7) policy_loss=-0.0448 value_loss=  38.498 entropy=-1.803 (この反復   2.5秒, 累計  15.4分)
  iter 350/2000: rollout平均ep報酬=   274.3 (エピソード数  4) policy_loss=+0.0553 value_loss=  56.420 entropy=-1.808 (この反復   2.2秒, 累計  15.5分)
    → 決定的方策の評価: best_reward候補 = 840.5 (これまでのベスト = 1232.3)
  [checkpoint] これまでのベスト重みを ev3way_w1.npy/ev3way_w2.npy に中間保存しました
  iter 351/2000: rollout平均ep報酬=   326.8 (エピソード数  5) policy_loss=+0.0197 value_loss=  46.473 entropy=-1.808 (この反復   2.4秒, 累計  15.6分)
  iter 352/2000: rollout平均ep報酬=   395.2 (エピソード数  4) policy_loss=-0.0409 value_loss=  26.542 entropy=-1.807 (この反復   2.3秒, 累計  15.6分)
  iter 353/2000: rollout平均ep報酬=   123.5 (エピソード数  9) policy_loss=-0.0218 value_loss=  76.343 entropy=-1.811 (この反復   2.4秒, 累計  15.6分)
  iter 354/2000: rollout平均ep報酬=   181.9 (エピソード数  7) policy_loss=+0.1143 value_loss= 228.537 entropy=-1.808 (この反復   2.6秒, 累計  15.7分)
  iter 355/2000: rollout平均ep報酬=   311.0 (エピソード数  5) policy_loss=+0.0813 value_loss=  54.776 entropy=-1.817 (この反復   4.1秒, 累計  15.7分)
    → 決定的方策の評価: best_reward候補 = 1117.6 (これまでのベスト = 1232.3)
  iter 356/2000: rollout平均ep報酬=   374.5 (エピソード数  6) policy_loss=+0.0401 value_loss=  46.384 entropy=-1.814 (この反復   2.8秒, 累計  15.9分)
  iter 357/2000: rollout平均ep報酬=   -15.2 (エピソード数  7) policy_loss=-0.0203 value_loss=  66.594 entropy=-1.818 (この反復   5.0秒, 累計  15.9分)
  iter 358/2000: rollout平均ep報酬=   224.1 (エピソード数  7) policy_loss=+0.0267 value_loss=  41.714 entropy=-1.824 (この反復   3.6秒, 累計  16.0分)
  iter 359/2000: rollout平均ep報酬=   503.5 (エピソード数  5) policy_loss=-0.0890 value_loss=  67.935 entropy=-1.814 (この反復   2.6秒, 累計  16.0分)
  iter 360/2000: rollout平均ep報酬=   359.6 (エピソード数  6) policy_loss=-0.0146 value_loss=  72.427 entropy=-1.815 (この反復   2.4秒, 累計  16.1分)
    → 決定的方策の評価: best_reward候補 = 598.5 (これまでのベスト = 1232.3)
  [checkpoint] これまでのベスト重みを ev3way_w1.npy/ev3way_w2.npy に中間保存しました
  iter 361/2000: rollout平均ep報酬=   462.2 (エピソード数  6) policy_loss=-0.0094 value_loss=  66.952 entropy=-1.818 (この反復   2.7秒, 累計  16.1分)
  iter 362/2000: rollout平均ep報酬=   733.8 (エピソード数  4) policy_loss=-0.0130 value_loss=  16.430 entropy=-1.814 (この反復   2.5秒, 累計  16.2分)
  iter 363/2000: rollout平均ep報酬=   -41.6 (エピソード数 14) policy_loss=-0.0083 value_loss= 126.274 entropy=-1.821 (この反復   2.2秒, 累計  16.2分)
  iter 364/2000: rollout平均ep報酬=   -17.4 (エピソード数 15) policy_loss=-0.0016 value_loss=  96.356 entropy=-1.825 (この反復   2.2秒, 累計  16.3分)
  iter 365/2000: rollout平均ep報酬=   -44.4 (エピソード数 15) policy_loss=-0.0502 value_loss= 131.257 entropy=-1.821 (この反復   2.3秒, 累計  16.3分)
    → 決定的方策の評価: best_reward候補 = 626.1 (これまでのベスト = 1232.3)
  iter 366/2000: rollout平均ep報酬=   335.2 (エピソード数  7) policy_loss=+0.0024 value_loss= 145.413 entropy=-1.825 (この反復   2.6秒, 累計  16.4分)
  iter 367/2000: rollout平均ep報酬=   336.3 (エピソード数  7) policy_loss=-0.0193 value_loss=  43.716 entropy=-1.818 (この反復   2.7秒, 累計  16.4分)
  iter 368/2000: rollout平均ep報酬=   446.0 (エピソード数  5) policy_loss=+0.0531 value_loss=  78.564 entropy=-1.823 (この反復   2.4秒, 累計  16.5分)
  iter 369/2000: rollout平均ep報酬=   474.5 (エピソード数  5) policy_loss=+0.0453 value_loss= 109.905 entropy=-1.813 (この反復   2.5秒, 累計  16.5分)
  iter 370/2000: rollout平均ep報酬=   163.4 (エピソード数 10) policy_loss=-0.0044 value_loss=  57.817 entropy=-1.808 (この反復   2.2秒, 累計  16.5分)
    → 決定的方策の評価: best_reward候補 = 626.5 (これまでのベスト = 1232.3)
  [checkpoint] これまでのベスト重みを ev3way_w1.npy/ev3way_w2.npy に中間保存しました
  iter 371/2000: rollout平均ep報酬=    85.0 (エピソード数  9) policy_loss=-0.0126 value_loss= 132.544 entropy=-1.805 (この反復   2.2秒, 累計  16.6分)
  iter 372/2000: rollout平均ep報酬=   214.9 (エピソード数  4) policy_loss=+0.0043 value_loss= 125.318 entropy=-1.819 (この反復   2.2秒, 累計  16.6分)
  iter 373/2000: rollout平均ep報酬=   234.3 (エピソード数  8) policy_loss=+0.0246 value_loss= 156.326 entropy=-1.817 (この反復   2.3秒, 累計  16.7分)
  iter 374/2000: rollout平均ep報酬=   419.7 (エピソード数  4) policy_loss=+0.0154 value_loss=  18.719 entropy=-1.836 (この反復   2.3秒, 累計  16.7分)
  iter 375/2000: rollout平均ep報酬=   246.7 (エピソード数  7) policy_loss=+0.0688 value_loss=  50.856 entropy=-1.840 (この反復   2.3秒, 累計  16.8分)
    → 決定的方策の評価: best_reward候補 = 628.2 (これまでのベスト = 1232.3)
  iter 376/2000: rollout平均ep報酬=   402.2 (エピソード数  4) policy_loss=-0.0439 value_loss=  45.445 entropy=-1.837 (この反復   2.3秒, 累計  16.8分)
  iter 377/2000: rollout平均ep報酬=   149.5 (エピソード数  9) policy_loss=+0.0554 value_loss= 107.215 entropy=-1.828 (この反復   2.5秒, 累計  16.9分)
  iter 378/2000: rollout平均ep報酬=   138.9 (エピソード数  9) policy_loss=+0.0580 value_loss=  56.791 entropy=-1.835 (この反復   2.2秒, 累計  16.9分)
  iter 379/2000: rollout平均ep報酬=   535.2 (エピソード数  5) policy_loss=-0.0061 value_loss=  46.738 entropy=-1.839 (この反復   2.5秒, 累計  16.9分)
  iter 380/2000: rollout平均ep報酬=   335.0 (エピソード数  5) policy_loss=-0.0160 value_loss=  63.183 entropy=-1.841 (この反復   2.2秒, 累計  17.0分)
    → 決定的方策の評価: best_reward候補 = 886.8 (これまでのベスト = 1232.3)
  [checkpoint] これまでのベスト重みを ev3way_w1.npy/ev3way_w2.npy に中間保存しました
  iter 381/2000: rollout平均ep報酬=   303.3 (エピソード数  4) policy_loss=+0.0222 value_loss=  20.703 entropy=-1.837 (この反復   2.3秒, 累計  17.1分)
  iter 382/2000: rollout平均ep報酬=   279.9 (エピソード数  7) policy_loss=-0.0028 value_loss=  22.125 entropy=-1.834 (この反復   2.3秒, 累計  17.1分)
  iter 383/2000: rollout平均ep報酬=   104.1 (エピソード数  8) policy_loss=-0.0386 value_loss= 100.102 entropy=-1.843 (この反復   2.1秒, 累計  17.1分)
  iter 384/2000: rollout平均ep報酬=   178.3 (エピソード数  6) policy_loss=-0.0580 value_loss=  40.309 entropy=-1.841 (この反復   2.5秒, 累計  17.2分)
  iter 385/2000: rollout平均ep報酬=   397.9 (エピソード数  6) policy_loss=-0.0587 value_loss=   7.725 entropy=-1.831 (この反復   2.4秒, 累計  17.2分)
    → 決定的方策の評価: best_reward候補 = 1091.3 (これまでのベスト = 1232.3)
  iter 386/2000: rollout平均ep報酬=   296.2 (エピソード数  6) policy_loss=-0.0475 value_loss=  71.913 entropy=-1.834 (この反復   2.2秒, 累計  17.3分)
  iter 387/2000: rollout平均ep報酬=   307.6 (エピソード数  6) policy_loss=-0.0536 value_loss=  32.224 entropy=-1.831 (この反復   2.3秒, 累計  17.3分)
  iter 388/2000: rollout平均ep報酬=    77.8 (エピソード数  7) policy_loss=-0.0210 value_loss=  51.991 entropy=-1.830 (この反復   2.3秒, 累計  17.4分)
  iter 389/2000: rollout平均ep報酬=   377.4 (エピソード数  5) policy_loss=+0.0306 value_loss=  56.366 entropy=-1.826 (この反復   2.4秒, 累計  17.4分)
  iter 390/2000: rollout平均ep報酬=   259.7 (エピソード数  8) policy_loss=-0.0893 value_loss=  41.107 entropy=-1.824 (この反復   2.4秒, 累計  17.5分)
    → 決定的方策の評価: best_reward候補 = 600.2 (これまでのベスト = 1232.3)
  [checkpoint] これまでのベスト重みを ev3way_w1.npy/ev3way_w2.npy に中間保存しました
  iter 391/2000: rollout平均ep報酬=   130.2 (エピソード数  7) policy_loss=-0.0336 value_loss= 118.627 entropy=-1.820 (この反復   2.2秒, 累計  17.5分)
  iter 392/2000: rollout平均ep報酬=   492.9 (エピソード数  4) policy_loss=-0.0219 value_loss=  95.362 entropy=-1.822 (この反復   2.4秒, 累計  17.6分)
  iter 393/2000: rollout平均ep報酬=    69.7 (エピソード数 13) policy_loss=-0.0096 value_loss=  66.424 entropy=-1.812 (この反復   2.3秒, 累計  17.6分)
  iter 394/2000: rollout平均ep報酬=   179.0 (エピソード数  7) policy_loss=-0.0718 value_loss=  62.236 entropy=-1.820 (この反復   2.3秒, 累計  17.6分)
  iter 395/2000: rollout平均ep報酬=   166.9 (エピソード数  7) policy_loss=-0.0197 value_loss=  87.198 entropy=-1.816 (この反復   2.5秒, 累計  17.7分)
    → 決定的方策の評価: best_reward候補 = 729.0 (これまでのベスト = 1232.3)
  iter 396/2000: rollout平均ep報酬=   139.9 (エピソード数  8) policy_loss=+0.0245 value_loss= 113.088 entropy=-1.805 (この反復   2.3秒, 累計  17.7分)
  iter 397/2000: rollout平均ep報酬=   340.0 (エピソード数  5) policy_loss=-0.0299 value_loss=  79.082 entropy=-1.812 (この反復   2.4秒, 累計  17.8分)
  iter 398/2000: rollout平均ep報酬=   801.1 (エピソード数  4) policy_loss=+0.0028 value_loss=  25.718 entropy=-1.817 (この反復   2.3秒, 累計  17.8分)
  iter 399/2000: rollout平均ep報酬=   161.3 (エピソード数 10) policy_loss=+0.0584 value_loss= 171.582 entropy=-1.808 (この反復   2.5秒, 累計  17.9分)
  iter 400/2000: rollout平均ep報酬=   125.6 (エピソード数  9) policy_loss=+0.0714 value_loss= 152.699 entropy=-1.801 (この反復   2.4秒, 累計  17.9分)
    → 決定的方策の評価: best_reward候補 = 627.6 (これまでのベスト = 1232.3)
  [checkpoint] これまでのベスト重みを ev3way_w1.npy/ev3way_w2.npy に中間保存しました
  iter 401/2000: rollout平均ep報酬=   353.2 (エピソード数  5) policy_loss=+0.0099 value_loss= 128.957 entropy=-1.801 (この反復   2.6秒, 累計  18.0分)
  iter 402/2000: rollout平均ep報酬=    75.8 (エピソード数 12) policy_loss=+0.0174 value_loss=  81.265 entropy=-1.792 (この反復   2.3秒, 累計  18.0分)
  iter 403/2000: rollout平均ep報酬=   784.4 (エピソード数  4) policy_loss=-0.0232 value_loss=  36.816 entropy=-1.779 (この反復   2.5秒, 累計  18.1分)
  iter 404/2000: rollout平均ep報酬=   262.3 (エピソード数  8) policy_loss=+0.0397 value_loss= 148.165 entropy=-1.766 (この反復   2.4秒, 累計  18.1分)
  iter 405/2000: rollout平均ep報酬=   326.2 (エピソード数  7) policy_loss=-0.0425 value_loss=  73.547 entropy=-1.772 (この反復   2.2秒, 累計  18.1分)
    → 決定的方策の評価: best_reward候補 = 625.4 (これまでのベスト = 1232.3)
  iter 406/2000: rollout平均ep報酬=   245.5 (エピソード数  9) policy_loss=-0.0584 value_loss=  31.316 entropy=-1.781 (この反復   2.4秒, 累計  18.2分)
  iter 407/2000: rollout平均ep報酬=   712.0 (エピソード数  4) policy_loss=+0.0694 value_loss=  38.245 entropy=-1.778 (この反復   2.7秒, 累計  18.3分)
  iter 408/2000: rollout平均ep報酬=   266.5 (エピソード数  8) policy_loss=+0.0734 value_loss=  77.781 entropy=-1.769 (この反復   2.5秒, 累計  18.3分)
  iter 409/2000: rollout平均ep報酬=   201.1 (エピソード数  6) policy_loss=-0.0018 value_loss=  74.946 entropy=-1.768 (この反復   2.5秒, 累計  18.3分)
  iter 410/2000: rollout平均ep報酬=   359.5 (エピソード数  6) policy_loss=-0.0596 value_loss=  23.556 entropy=-1.761 (この反復   2.4秒, 累計  18.4分)
    → 決定的方策の評価: best_reward候補 = 1111.1 (これまでのベスト = 1232.3)
  [checkpoint] これまでのベスト重みを ev3way_w1.npy/ev3way_w2.npy に中間保存しました
  iter 411/2000: rollout平均ep報酬=   159.3 (エピソード数  6) policy_loss=-0.0614 value_loss=  48.868 entropy=-1.760 (この反復   2.3秒, 累計  18.5分)
  iter 412/2000: rollout平均ep報酬=   374.2 (エピソード数  6) policy_loss=+0.0019 value_loss=  36.876 entropy=-1.770 (この反復   2.5秒, 累計  18.5分)
  iter 413/2000: rollout平均ep報酬=   554.1 (エピソード数  4) policy_loss=+0.0209 value_loss=  65.515 entropy=-1.757 (この反復   2.6秒, 累計  18.5分)
  iter 414/2000: rollout平均ep報酬=    54.3 (エピソード数  7) policy_loss=+0.0062 value_loss= 233.606 entropy=-1.757 (この反復   2.4秒, 累計  18.6分)
  iter 415/2000: rollout平均ep報酬=    60.3 (エピソード数 13) policy_loss=+0.0301 value_loss= 271.112 entropy=-1.752 (この反復   2.5秒, 累計  18.6分)
    → 決定的方策の評価: best_reward候補 = 1103.3 (これまでのベスト = 1232.3)
  iter 416/2000: rollout平均ep報酬=    61.3 (エピソード数 13) policy_loss=-0.0464 value_loss=  94.711 entropy=-1.761 (この反復   2.5秒, 累計  18.7分)
  iter 417/2000: rollout平均ep報酬=   671.8 (エピソード数  4) policy_loss=-0.0299 value_loss=  73.638 entropy=-1.751 (この反復   2.6秒, 累計  18.8分)
  iter 418/2000: rollout平均ep報酬=   302.3 (エピソード数  7) policy_loss=+0.0046 value_loss= 173.328 entropy=-1.757 (この反復   2.4秒, 累計  18.8分)
  iter 419/2000: rollout平均ep報酬=   237.2 (エピソード数  7) policy_loss=-0.0433 value_loss=  73.920 entropy=-1.763 (この反復   2.5秒, 累計  18.8分)
  iter 420/2000: rollout平均ep報酬=   626.7 (エピソード数  4) policy_loss=-0.0405 value_loss=  11.766 entropy=-1.785 (この反復   2.3秒, 累計  18.9分)
    → 決定的方策の評価: best_reward候補 = 695.9 (これまでのベスト = 1232.3)
  [checkpoint] これまでのベスト重みを ev3way_w1.npy/ev3way_w2.npy に中間保存しました
  iter 421/2000: rollout平均ep報酬=   184.0 (エピソード数  7) policy_loss=-0.0672 value_loss=  88.353 entropy=-1.784 (この反復   2.3秒, 累計  18.9分)
  iter 422/2000: rollout平均ep報酬=   158.6 (エピソード数 11) policy_loss=+0.1085 value_loss= 261.482 entropy=-1.782 (この反復   2.6秒, 累計  19.0分)
  iter 423/2000: rollout平均ep報酬=    84.0 (エピソード数 11) policy_loss=+0.0485 value_loss= 109.845 entropy=-1.785 (この反復   2.4秒, 累計  19.0分)
  iter 424/2000: rollout平均ep報酬=   600.4 (エピソード数  4) policy_loss=-0.0487 value_loss=  78.399 entropy=-1.786 (この反復   2.4秒, 累計  19.1分)
  iter 425/2000: rollout平均ep報酬=   211.2 (エピソード数  4) policy_loss=-0.0051 value_loss=  51.446 entropy=-1.792 (この反復   2.3秒, 累計  19.1分)
    → 決定的方策の評価: best_reward候補 = 1090.3 (これまでのベスト = 1232.3)
  iter 426/2000: rollout平均ep報酬=   544.3 (エピソード数  5) policy_loss=+0.0341 value_loss=  77.833 entropy=-1.798 (この反復   2.5秒, 累計  19.2分)
  iter 427/2000: rollout平均ep報酬=   442.3 (エピソード数  7) policy_loss=-0.0062 value_loss=  60.626 entropy=-1.802 (この反復   2.5秒, 累計  19.2分)
  iter 428/2000: rollout平均ep報酬=   333.1 (エピソード数  4) policy_loss=-0.0119 value_loss=  63.908 entropy=-1.804 (この反復   2.4秒, 累計  19.3分)
  iter 429/2000: rollout平均ep報酬=   361.1 (エピソード数  6) policy_loss=-0.0435 value_loss=  43.100 entropy=-1.806 (この反復   2.3秒, 累計  19.3分)
  iter 430/2000: rollout平均ep報酬=   192.5 (エピソード数  7) policy_loss=+0.0009 value_loss=  49.228 entropy=-1.791 (この反復   2.5秒, 累計  19.3分)
    → 決定的方策の評価: best_reward候補 = 1090.8 (これまでのベスト = 1232.3)
  [checkpoint] これまでのベスト重みを ev3way_w1.npy/ev3way_w2.npy に中間保存しました
  iter 431/2000: rollout平均ep報酬=   289.9 (エピソード数  5) policy_loss=-0.0146 value_loss=  91.837 entropy=-1.789 (この反復   2.3秒, 累計  19.4分)
  iter 432/2000: rollout平均ep報酬=   143.4 (エピソード数  9) policy_loss=-0.0049 value_loss=  89.590 entropy=-1.788 (この反復   2.6秒, 累計  19.5分)
  iter 433/2000: rollout平均ep報酬=    48.9 (エピソード数  8) policy_loss=-0.0401 value_loss= 108.028 entropy=-1.791 (この反復   2.2秒, 累計  19.5分)
  iter 434/2000: rollout平均ep報酬=   673.7 (エピソード数  4) policy_loss=-0.0767 value_loss=  32.323 entropy=-1.795 (この反復   2.4秒, 累計  19.5分)
  iter 435/2000: rollout平均ep報酬=   896.3 (エピソード数  4) policy_loss=+0.0629 value_loss=  50.041 entropy=-1.779 (この反復   2.6秒, 累計  19.6分)
    → 決定的方策の評価: best_reward候補 = 1090.0 (これまでのベスト = 1232.3)
  iter 436/2000: rollout平均ep報酬=   352.7 (エピソード数  5) policy_loss=-0.0238 value_loss=  24.341 entropy=-1.787 (この反復   2.4秒, 累計  19.7分)
  iter 437/2000: rollout平均ep報酬=   173.7 (エピソード数  7) policy_loss=-0.0804 value_loss= 106.236 entropy=-1.789 (この反復   2.3秒, 累計  19.7分)
  iter 438/2000: rollout平均ep報酬=   166.2 (エピソード数  7) policy_loss=-0.0159 value_loss=  63.062 entropy=-1.783 (この反復   2.4秒, 累計  19.7分)
  iter 439/2000: rollout平均ep報酬=   831.9 (エピソード数  4) policy_loss=+0.0268 value_loss=  26.659 entropy=-1.764 (この反復   2.5秒, 累計  19.8分)
  iter 440/2000: rollout平均ep報酬=   189.6 (エピソード数  4) policy_loss=+0.0472 value_loss= 299.774 entropy=-1.768 (この反復   2.4秒, 累計  19.8分)
    → 決定的方策の評価: best_reward候補 = 1093.4 (これまでのベスト = 1232.3)
  [checkpoint] これまでのベスト重みを ev3way_w1.npy/ev3way_w2.npy に中間保存しました
  iter 441/2000: rollout平均ep報酬=   214.9 (エピソード数  7) policy_loss=+0.0426 value_loss= 121.179 entropy=-1.761 (この反復   2.3秒, 累計  19.9分)
  iter 442/2000: rollout平均ep報酬=   304.4 (エピソード数  5) policy_loss=+0.0081 value_loss=  21.110 entropy=-1.776 (この反復   2.5秒, 累計  19.9分)
  iter 443/2000: rollout平均ep報酬=     0.9 (エピソード数  8) policy_loss=-0.0510 value_loss= 142.434 entropy=-1.768 (この反復   2.3秒, 累計  20.0分)
  iter 444/2000: rollout平均ep報酬=    84.0 (エピソード数  9) policy_loss=-0.0142 value_loss= 167.476 entropy=-1.772 (この反復   2.4秒, 累計  20.0分)
  iter 445/2000: rollout平均ep報酬=   491.7 (エピソード数  4) policy_loss=-0.0631 value_loss=  91.961 entropy=-1.779 (この反復   2.3秒, 累計  20.0分)
    → 決定的方策の評価: best_reward候補 = 1084.3 (これまでのベスト = 1232.3)
  iter 446/2000: rollout平均ep報酬=   529.0 (エピソード数  4) policy_loss=-0.0614 value_loss=  46.132 entropy=-1.790 (この反復   2.5秒, 累計  20.1分)
  iter 447/2000: rollout平均ep報酬=   505.2 (エピソード数  4) policy_loss=-0.0250 value_loss=  41.445 entropy=-1.796 (この反復   2.2秒, 累計  20.2分)
  iter 448/2000: rollout平均ep報酬=   338.7 (エピソード数  4) policy_loss=-0.0104 value_loss=  61.866 entropy=-1.823 (この反復   2.2秒, 累計  20.2分)
  iter 449/2000: rollout平均ep報酬=   513.7 (エピソード数  5) policy_loss=-0.0202 value_loss=  11.814 entropy=-1.841 (この反復   2.4秒, 累計  20.2分)
  iter 450/2000: rollout平均ep報酬=   399.4 (エピソード数  6) policy_loss=-0.0067 value_loss=  59.811 entropy=-1.830 (この反復   2.7秒, 累計  20.3分)
    → 決定的方策の評価: best_reward候補 = 1087.7 (これまでのベスト = 1232.3)
  [checkpoint] これまでのベスト重みを ev3way_w1.npy/ev3way_w2.npy に中間保存しました
  iter 451/2000: rollout平均ep報酬=   199.5 (エピソード数  9) policy_loss=-0.0232 value_loss=  70.151 entropy=-1.833 (この反復   2.5秒, 累計  20.4分)
  iter 452/2000: rollout平均ep報酬=   701.8 (エピソード数  4) policy_loss=+0.0841 value_loss=  36.647 entropy=-1.837 (この反復   2.4秒, 累計  20.4分)
  iter 453/2000: rollout平均ep報酬=   621.2 (エピソード数  4) policy_loss=-0.0383 value_loss=  28.083 entropy=-1.854 (この反復   2.4秒, 累計  20.4分)
  iter 454/2000: rollout平均ep報酬=   657.8 (エピソード数  4) policy_loss=-0.0443 value_loss=  25.303 entropy=-1.883 (この反復   2.4秒, 累計  20.5分)
  iter 455/2000: rollout平均ep報酬=   523.8 (エピソード数  4) policy_loss=-0.0858 value_loss=  10.253 entropy=-1.879 (この反復   2.5秒, 累計  20.5分)
    → 決定的方策の評価: best_reward候補 = 1077.7 (これまでのベスト = 1232.3)
  iter 456/2000: rollout平均ep報酬=   620.2 (エピソード数  4) policy_loss=+0.0352 value_loss=  38.041 entropy=-1.890 (この反復   2.5秒, 累計  20.6分)
  iter 457/2000: rollout平均ep報酬=   321.6 (エピソード数  6) policy_loss=-0.0487 value_loss= 101.280 entropy=-1.884 (この反復   2.4秒, 累計  20.7分)
  iter 458/2000: rollout平均ep報酬=   418.5 (エピソード数  5) policy_loss=-0.0387 value_loss=  12.092 entropy=-1.907 (この反復   2.4秒, 累計  20.7分)
  iter 459/2000: rollout平均ep報酬=   110.6 (エピソード数 10) policy_loss=+0.0354 value_loss= 128.752 entropy=-1.910 (この反復   2.4秒, 累計  20.7分)
  iter 460/2000: rollout平均ep報酬=   245.7 (エピソード数  7) policy_loss=-0.0686 value_loss=  43.570 entropy=-1.899 (この反復   2.6秒, 累計  20.8分)
    → 決定的方策の評価: best_reward候補 = 1083.2 (これまでのベスト = 1232.3)
  [checkpoint] これまでのベスト重みを ev3way_w1.npy/ev3way_w2.npy に中間保存しました
  iter 461/2000: rollout平均ep報酬=   206.4 (エピソード数  6) policy_loss=+0.0224 value_loss=  68.097 entropy=-1.891 (この反復   2.3秒, 累計  20.8分)
  iter 462/2000: rollout平均ep報酬=   498.4 (エピソード数  4) policy_loss=-0.0574 value_loss=  21.185 entropy=-1.893 (この反復   2.5秒, 累計  20.9分)
  iter 463/2000: rollout平均ep報酬=   212.0 (エピソード数  9) policy_loss=-0.0008 value_loss=  73.275 entropy=-1.906 (この反復   2.5秒, 累計  20.9分)
  iter 464/2000: rollout平均ep報酬=   229.6 (エピソード数  8) policy_loss=-0.0172 value_loss=  57.382 entropy=-1.907 (この反復   2.4秒, 累計  21.0分)
  iter 465/2000: rollout平均ep報酬=   441.5 (エピソード数  4) policy_loss=-0.0559 value_loss=  52.688 entropy=-1.898 (この反復   2.4秒, 累計  21.0分)
    → 決定的方策の評価: best_reward候補 = 1079.7 (これまでのベスト = 1232.3)
  iter 466/2000: rollout平均ep報酬=   358.5 (エピソード数  7) policy_loss=-0.0315 value_loss=  61.542 entropy=-1.892 (この反復   2.5秒, 累計  21.1分)
  iter 467/2000: rollout平均ep報酬=   827.0 (エピソード数  4) policy_loss=+0.0578 value_loss= 121.211 entropy=-1.902 (この反復   2.4秒, 累計  21.1分)
  iter 468/2000: rollout平均ep報酬=   105.5 (エピソード数  7) policy_loss=-0.0456 value_loss=  75.419 entropy=-1.911 (この反復   2.5秒, 累計  21.2分)
  iter 469/2000: rollout平均ep報酬=   470.5 (エピソード数  5) policy_loss=-0.0378 value_loss=  29.351 entropy=-1.890 (この反復   2.7秒, 累計  21.2分)
  iter 470/2000: rollout平均ep報酬=   493.0 (エピソード数  4) policy_loss=+0.0962 value_loss= 134.955 entropy=-1.883 (この反復   2.5秒, 累計  21.3分)
    → 決定的方策の評価: best_reward候補 = 1079.6 (これまでのベスト = 1232.3)
  [checkpoint] これまでのベスト重みを ev3way_w1.npy/ev3way_w2.npy に中間保存しました
  iter 471/2000: rollout平均ep報酬=    46.6 (エピソード数  8) policy_loss=-0.0002 value_loss= 110.832 entropy=-1.888 (この反復   2.4秒, 累計  21.3分)
  iter 472/2000: rollout平均ep報酬=   359.3 (エピソード数  4) policy_loss=+0.0494 value_loss=  49.799 entropy=-1.886 (この反復   2.5秒, 累計  21.4分)
  iter 473/2000: rollout平均ep報酬=   255.7 (エピソード数  5) policy_loss=-0.0213 value_loss=  29.005 entropy=-1.896 (この反復   2.3秒, 累計  21.4分)
  iter 474/2000: rollout平均ep報酬=   265.8 (エピソード数  6) policy_loss=-0.0276 value_loss=  81.949 entropy=-1.891 (この反復   2.6秒, 累計  21.5分)
  iter 475/2000: rollout平均ep報酬=  -108.1 (エピソード数  9) policy_loss=-0.0143 value_loss= 142.281 entropy=-1.895 (この反復   2.3秒, 累計  21.5分)
    → 決定的方策の評価: best_reward候補 = 1098.1 (これまでのベスト = 1232.3)
  iter 476/2000: rollout平均ep報酬=   204.8 (エピソード数  8) policy_loss=+0.0132 value_loss=  83.345 entropy=-1.893 (この反復   2.6秒, 累計  21.6分)
  iter 477/2000: rollout平均ep報酬=   839.7 (エピソード数  4) policy_loss=+0.0717 value_loss=  36.912 entropy=-1.890 (この反復   2.4秒, 累計  21.6分)
  iter 478/2000: rollout平均ep報酬=   236.1 (エピソード数  7) policy_loss=-0.0629 value_loss=  33.190 entropy=-1.903 (この反復   2.3秒, 累計  21.7分)
  iter 479/2000: rollout平均ep報酬=   773.5 (エピソード数  4) policy_loss=-0.0237 value_loss=  20.176 entropy=-1.923 (この反復   2.5秒, 累計  21.7分)
  iter 480/2000: rollout平均ep報酬=   711.6 (エピソード数  4) policy_loss=-0.0310 value_loss=   6.367 entropy=-1.933 (この反復   2.4秒, 累計  21.7分)
    → 決定的方策の評価: best_reward候補 = 1083.0 (これまでのベスト = 1232.3)
  [checkpoint] これまでのベスト重みを ev3way_w1.npy/ev3way_w2.npy に中間保存しました
  iter 481/2000: rollout平均ep報酬=   456.4 (エピソード数  5) policy_loss=-0.0799 value_loss=  17.759 entropy=-1.934 (この反復   2.5秒, 累計  21.8分)
  iter 482/2000: rollout平均ep報酬=   513.7 (エピソード数  4) policy_loss=+0.0407 value_loss=  59.112 entropy=-1.936 (この反復   2.5秒, 累計  21.9分)
  iter 483/2000: rollout平均ep報酬=   405.3 (エピソード数  6) policy_loss=-0.0193 value_loss= 123.648 entropy=-1.935 (この反復   3.1秒, 累計  21.9分)
  iter 484/2000: rollout平均ep報酬=   481.9 (エピソード数  5) policy_loss=-0.0099 value_loss=  74.951 entropy=-1.927 (この反復   2.5秒, 累計  21.9分)
  iter 485/2000: rollout平均ep報酬=   587.9 (エピソード数  5) policy_loss=-0.0075 value_loss=  92.016 entropy=-1.929 (この反復   2.7秒, 累計  22.0分)
    → 決定的方策の評価: best_reward候補 = 1107.3 (これまでのベスト = 1232.3)
  iter 486/2000: rollout平均ep報酬=   735.4 (エピソード数  4) policy_loss=+0.0792 value_loss=  69.666 entropy=-1.929 (この反復   2.7秒, 累計  22.1分)
  iter 487/2000: rollout平均ep報酬=   212.9 (エピソード数  5) policy_loss=-0.0030 value_loss=  72.378 entropy=-1.927 (この反復   2.4秒, 累計  22.1分)
  iter 488/2000: rollout平均ep報酬=   855.2 (エピソード数  4) policy_loss=+0.0092 value_loss=  58.413 entropy=-1.918 (この反復   2.5秒, 累計  22.2分)
  iter 489/2000: rollout平均ep報酬=   788.0 (エピソード数  4) policy_loss=+0.0224 value_loss=  21.869 entropy=-1.931 (この反復   2.4秒, 累計  22.2分)
  iter 490/2000: rollout平均ep報酬=   825.6 (エピソード数  4) policy_loss=-0.0054 value_loss=  16.098 entropy=-1.939 (この反復   2.4秒, 累計  22.2分)
    → 決定的方策の評価: best_reward候補 = 1086.1 (これまでのベスト = 1232.3)
  [checkpoint] これまでのベスト重みを ev3way_w1.npy/ev3way_w2.npy に中間保存しました
  iter 491/2000: rollout平均ep報酬=   112.3 (エピソード数  4) policy_loss=+0.0172 value_loss=  76.990 entropy=-1.930 (この反復   2.4秒, 累計  22.3分)
  iter 492/2000: rollout平均ep報酬=   461.3 (エピソード数  5) policy_loss=-0.0265 value_loss=   5.486 entropy=-1.958 (この反復   2.7秒, 累計  22.4分)
  iter 493/2000: rollout平均ep報酬=   601.1 (エピソード数  4) policy_loss=+0.0469 value_loss= 109.670 entropy=-1.960 (この反復   2.5秒, 累計  22.4分)
  iter 494/2000: rollout平均ep報酬=   958.9 (エピソード数  4) policy_loss=-0.0454 value_loss=   8.389 entropy=-1.947 (この反復   2.7秒, 累計  22.4分)
  iter 495/2000: rollout平均ep報酬=   395.9 (エピソード数  5) policy_loss=+0.0512 value_loss=  76.851 entropy=-1.952 (この反復   2.6秒, 累計  22.5分)
    → 決定的方策の評価: best_reward候補 = 1092.8 (これまでのベスト = 1232.3)
  iter 496/2000: rollout平均ep報酬=   304.3 (エピソード数  4) policy_loss=-0.0131 value_loss=  44.874 entropy=-1.950 (この反復   2.3秒, 累計  22.6分)
  iter 497/2000: rollout平均ep報酬=   350.7 (エピソード数  4) policy_loss=-0.0383 value_loss=  52.009 entropy=-1.949 (この反復   2.4秒, 累計  22.6分)
  iter 498/2000: rollout平均ep報酬=    60.5 (エピソード数  8) policy_loss=+0.0204 value_loss=  85.960 entropy=-1.943 (この反復   2.5秒, 累計  22.6分)
  iter 499/2000: rollout平均ep報酬=   254.5 (エピソード数  6) policy_loss=-0.1025 value_loss=  31.191 entropy=-1.935 (この反復   2.3秒, 累計  22.7分)
  iter 500/2000: rollout平均ep報酬=    96.4 (エピソード数  7) policy_loss=+0.0106 value_loss= 137.804 entropy=-1.941 (この反復   2.4秒, 累計  22.7分)
    → 決定的方策の評価: best_reward候補 = 1092.6 (これまでのベスト = 1232.3)
  [checkpoint] これまでのベスト重みを ev3way_w1.npy/ev3way_w2.npy に中間保存しました
  iter 501/2000: rollout平均ep報酬=   169.4 (エピソード数  7) policy_loss=-0.0136 value_loss=  30.170 entropy=-1.935 (この反復   2.5秒, 累計  22.8分)
  iter 502/2000: rollout平均ep報酬=   148.5 (エピソード数  8) policy_loss=+0.1654 value_loss= 215.607 entropy=-1.931 (この反復   2.4秒, 累計  22.8分)
  iter 503/2000: rollout平均ep報酬=   722.3 (エピソード数  4) policy_loss=-0.0229 value_loss=  32.584 entropy=-1.928 (この反復   2.4秒, 累計  22.9分)
  iter 504/2000: rollout平均ep報酬=   462.1 (エピソード数  5) policy_loss=-0.0167 value_loss=  30.936 entropy=-1.936 (この反復   2.5秒, 累計  22.9分)
  iter 505/2000: rollout平均ep報酬=   444.9 (エピソード数  4) policy_loss=+0.0079 value_loss=  68.750 entropy=-1.936 (この反復   2.5秒, 累計  23.0分)
    → 決定的方策の評価: best_reward候補 = 1086.3 (これまでのベスト = 1232.3)
  iter 506/2000: rollout平均ep報酬=   586.5 (エピソード数  4) policy_loss=-0.0612 value_loss=  22.065 entropy=-1.924 (この反復   2.4秒, 累計  23.0分)
  iter 507/2000: rollout平均ep報酬=   450.0 (エピソード数  4) policy_loss=+0.0270 value_loss=  44.476 entropy=-1.922 (この反復   2.2秒, 累計  23.1分)
  iter 508/2000: rollout平均ep報酬=   915.3 (エピソード数  4) policy_loss=+0.0324 value_loss=   3.480 entropy=-1.938 (この反復   2.7秒, 累計  23.1分)
  iter 509/2000: rollout平均ep報酬=   543.9 (エピソード数  5) policy_loss=+0.0174 value_loss=  53.078 entropy=-1.941 (この反復   2.5秒, 累計  23.2分)
  iter 510/2000: rollout平均ep報酬=   170.9 (エピソード数  7) policy_loss=+0.0038 value_loss=  78.255 entropy=-1.951 (この反復   2.4秒, 累計  23.2分)
    → 決定的方策の評価: best_reward候補 = 1077.4 (これまでのベスト = 1232.3)
  [checkpoint] これまでのベスト重みを ev3way_w1.npy/ev3way_w2.npy に中間保存しました
  iter 511/2000: rollout平均ep報酬=   429.5 (エピソード数  6) policy_loss=-0.0584 value_loss=  13.871 entropy=-1.951 (この反復   2.8秒, 累計  23.3分)
  iter 512/2000: rollout平均ep報酬=   302.1 (エピソード数  5) policy_loss=-0.0857 value_loss=  93.074 entropy=-1.947 (この反復   2.5秒, 累計  23.3分)
  iter 513/2000: rollout平均ep報酬=   560.4 (エピソード数  4) policy_loss=-0.0546 value_loss=  33.893 entropy=-1.949 (この反復   2.4秒, 累計  23.4分)
  iter 514/2000: rollout平均ep報酬=   676.7 (エピソード数  4) policy_loss=-0.0497 value_loss=  49.272 entropy=-1.948 (この反復   2.6秒, 累計  23.4分)
  iter 515/2000: rollout平均ep報酬=   270.6 (エピソード数  7) policy_loss=+0.0522 value_loss=  42.338 entropy=-1.941 (この反復   2.8秒, 累計  23.5分)
    → 決定的方策の評価: best_reward候補 = 1086.1 (これまでのベスト = 1232.3)
  iter 516/2000: rollout平均ep報酬=   617.6 (エピソード数  4) policy_loss=-0.0042 value_loss= 101.111 entropy=-1.941 (この反復   2.6秒, 累計  23.5分)
  iter 517/2000: rollout平均ep報酬=   -32.7 (エピソード数  7) policy_loss=+0.0235 value_loss= 185.965 entropy=-1.940 (この反復   2.2秒, 累計  23.6分)
  iter 518/2000: rollout平均ep報酬=   675.2 (エピソード数  4) policy_loss=+0.0508 value_loss=  23.143 entropy=-1.945 (この反復   2.4秒, 累計  23.6分)
  iter 519/2000: rollout平均ep報酬=   225.4 (エピソード数  7) policy_loss=+0.0253 value_loss=  77.887 entropy=-1.942 (この反復   2.5秒, 累計  23.7分)
  iter 520/2000: rollout平均ep報酬=   283.9 (エピソード数  7) policy_loss=-0.0569 value_loss=  63.981 entropy=-1.932 (この反復   2.7秒, 累計  23.7分)
    → 決定的方策の評価: best_reward候補 = 1084.7 (これまでのベスト = 1232.3)
  [checkpoint] これまでのベスト重みを ev3way_w1.npy/ev3way_w2.npy に中間保存しました
  iter 521/2000: rollout平均ep報酬=   343.9 (エピソード数  6) policy_loss=-0.0756 value_loss=  34.317 entropy=-1.930 (この反復   2.7秒, 累計  23.8分)
  iter 522/2000: rollout平均ep報酬=   181.8 (エピソード数  8) policy_loss=-0.0493 value_loss=  31.321 entropy=-1.924 (この反復   2.4秒, 累計  23.8分)
  iter 523/2000: rollout平均ep報酬=   231.3 (エピソード数  7) policy_loss=-0.0276 value_loss=  93.786 entropy=-1.911 (この反復   2.5秒, 累計  23.9分)
  iter 524/2000: rollout平均ep報酬=   479.9 (エピソード数  5) policy_loss=+0.0129 value_loss=  92.270 entropy=-1.898 (この反復   2.4秒, 累計  23.9分)
  iter 525/2000: rollout平均ep報酬=   228.2 (エピソード数  8) policy_loss=-0.0629 value_loss=  66.961 entropy=-1.894 (この反復   2.5秒, 累計  23.9分)
    → 決定的方策の評価: best_reward候補 = 1082.5 (これまでのベスト = 1232.3)
  iter 526/2000: rollout平均ep報酬=   590.4 (エピソード数  4) policy_loss=+0.0403 value_loss=  63.285 entropy=-1.901 (この反復   2.4秒, 累計  24.0分)
  iter 527/2000: rollout平均ep報酬=   480.6 (エピソード数  5) policy_loss=-0.0521 value_loss=  90.369 entropy=-1.904 (この反復   2.4秒, 累計  24.1分)
  iter 528/2000: rollout平均ep報酬=   549.0 (エピソード数  4) policy_loss=+0.0018 value_loss=  40.310 entropy=-1.908 (この反復   2.4秒, 累計  24.1分)
  iter 529/2000: rollout平均ep報酬=   236.0 (エピソード数  4) policy_loss=+0.0857 value_loss= 103.457 entropy=-1.912 (この反復   2.3秒, 累計  24.1分)
  iter 530/2000: rollout平均ep報酬=   212.8 (エピソード数  5) policy_loss=-0.0387 value_loss=  62.769 entropy=-1.913 (この反復   2.4秒, 累計  24.2分)
    → 決定的方策の評価: best_reward候補 = 1083.5 (これまでのベスト = 1232.3)
  [checkpoint] これまでのベスト重みを ev3way_w1.npy/ev3way_w2.npy に中間保存しました
  iter 531/2000: rollout平均ep報酬=   572.8 (エピソード数  4) policy_loss=+0.0752 value_loss= 163.646 entropy=-1.917 (この反復   2.4秒, 累計  24.3分)
  iter 532/2000: rollout平均ep報酬=   419.2 (エピソード数  5) policy_loss=+0.0064 value_loss=  30.676 entropy=-1.913 (この反復   2.4秒, 累計  24.3分)
  iter 533/2000: rollout平均ep報酬=   -55.3 (エピソード数 12) policy_loss=+0.0079 value_loss= 235.171 entropy=-1.912 (この反復   2.3秒, 累計  24.3分)
  iter 534/2000: rollout平均ep報酬=   457.9 (エピソード数  5) policy_loss=+0.0194 value_loss=  37.744 entropy=-1.918 (この反復   2.4秒, 累計  24.4分)
  iter 535/2000: rollout平均ep報酬=    -6.4 (エピソード数  9) policy_loss=+0.0444 value_loss= 124.158 entropy=-1.920 (この反復   2.4秒, 累計  24.4分)
    → 決定的方策の評価: best_reward候補 = 1093.5 (これまでのベスト = 1232.3)
  iter 536/2000: rollout平均ep報酬=   321.9 (エピソード数  4) policy_loss=-0.0291 value_loss= 102.433 entropy=-1.927 (この反復   2.4秒, 累計  24.5分)
  iter 537/2000: rollout平均ep報酬=   174.4 (エピソード数  7) policy_loss=-0.0250 value_loss=  55.197 entropy=-1.924 (この反復   2.3秒, 累計  24.5分)
  iter 538/2000: rollout平均ep報酬=   476.4 (エピソード数  4) policy_loss=-0.0346 value_loss=  34.251 entropy=-1.923 (この反復   2.3秒, 累計  24.6分)
  iter 539/2000: rollout平均ep報酬=   614.2 (エピソード数  4) policy_loss=+0.0118 value_loss=  56.144 entropy=-1.921 (この反復   2.3秒, 累計  24.6分)
  iter 540/2000: rollout平均ep報酬=   238.0 (エピソード数  6) policy_loss=-0.0000 value_loss=  60.526 entropy=-1.913 (この反復   2.3秒, 累計  24.7分)
    → 決定的方策の評価: best_reward候補 = 1091.8 (これまでのベスト = 1232.3)
  [checkpoint] これまでのベスト重みを ev3way_w1.npy/ev3way_w2.npy に中間保存しました
  iter 541/2000: rollout平均ep報酬=   403.0 (エピソード数  5) policy_loss=+0.0094 value_loss=  96.646 entropy=-1.912 (この反復   2.4秒, 累計  24.7分)
  iter 542/2000: rollout平均ep報酬=   464.7 (エピソード数  4) policy_loss=-0.0653 value_loss=  13.981 entropy=-1.914 (この反復   2.6秒, 累計  24.8分)
  iter 543/2000: rollout平均ep報酬=   751.6 (エピソード数  4) policy_loss=-0.0286 value_loss=  29.879 entropy=-1.911 (この反復   2.5秒, 累計  24.8分)
  iter 544/2000: rollout平均ep報酬=    22.4 (エピソード数  4) policy_loss=-0.0077 value_loss=  98.074 entropy=-1.910 (この反復   2.2秒, 累計  24.9分)
  iter 545/2000: rollout平均ep報酬=   714.4 (エピソード数  4) policy_loss=+0.1293 value_loss= 166.449 entropy=-1.894 (この反復   2.5秒, 累計  24.9分)
    → 決定的方策の評価: best_reward候補 = 1081.6 (これまでのベスト = 1232.3)
  iter 546/2000: rollout平均ep報酬=   506.0 (エピソード数  4) policy_loss=-0.0670 value_loss=  32.918 entropy=-1.927 (この反復   2.4秒, 累計  25.0分)
  iter 547/2000: rollout平均ep報酬=   825.5 (エピソード数  4) policy_loss=+0.0533 value_loss=  30.066 entropy=-1.954 (この反復   2.4秒, 累計  25.0分)
  iter 548/2000: rollout平均ep報酬=   207.0 (エピソード数  6) policy_loss=+0.0397 value_loss=  88.611 entropy=-1.947 (この反復   2.4秒, 累計  25.1分)
  iter 549/2000: rollout平均ep報酬=   207.9 (エピソード数  6) policy_loss=-0.1148 value_loss=  25.308 entropy=-1.944 (この反復   2.5秒, 累計  25.1分)
  iter 550/2000: rollout平均ep報酬=   963.9 (エピソード数  4) policy_loss=+0.0022 value_loss=  26.832 entropy=-1.944 (この反復   2.8秒, 累計  25.1分)
    → 決定的方策の評価: best_reward候補 = 1090.8 (これまでのベスト = 1232.3)
  [checkpoint] これまでのベスト重みを ev3way_w1.npy/ev3way_w2.npy に中間保存しました
  iter 551/2000: rollout平均ep報酬=   117.4 (エピソード数  4) policy_loss=+0.0313 value_loss= 101.334 entropy=-1.939 (この反復   2.4秒, 累計  25.2分)
  iter 552/2000: rollout平均ep報酬=   208.4 (エピソード数  5) policy_loss=+0.0187 value_loss=  40.616 entropy=-1.945 (この反復   2.3秒, 累計  25.3分)
  iter 553/2000: rollout平均ep報酬=   564.1 (エピソード数  4) policy_loss=-0.0113 value_loss=  36.202 entropy=-1.945 (この反復   2.4秒, 累計  25.3分)
  iter 554/2000: rollout平均ep報酬=   631.8 (エピソード数  4) policy_loss=-0.0382 value_loss=  28.391 entropy=-1.936 (この反復   2.6秒, 累計  25.3分)
  iter 555/2000: rollout平均ep報酬=   475.7 (エピソード数  5) policy_loss=+0.0547 value_loss= 103.306 entropy=-1.913 (この反復   2.6秒, 累計  25.4分)
    → 決定的方策の評価: best_reward候補 = 1080.1 (これまでのベスト = 1232.3)
  iter 556/2000: rollout平均ep報酬=   236.6 (エピソード数  5) policy_loss=-0.0407 value_loss=  36.620 entropy=-1.903 (この反復   2.5秒, 累計  25.5分)
  iter 557/2000: rollout平均ep報酬=   627.6 (エピソード数  4) policy_loss=+0.0024 value_loss=  31.601 entropy=-1.881 (この反復   2.9秒, 累計  25.5分)
  iter 558/2000: rollout平均ep報酬=   730.5 (エピソード数  4) policy_loss=-0.0614 value_loss=  19.589 entropy=-1.889 (この反復   2.4秒, 累計  25.6分)
  iter 559/2000: rollout平均ep報酬=   358.8 (エピソード数  5) policy_loss=+0.0751 value_loss=  51.281 entropy=-1.922 (この反復   2.3秒, 累計  25.6分)
  iter 560/2000: rollout平均ep報酬=   256.7 (エピソード数  7) policy_loss=-0.0592 value_loss=  60.445 entropy=-1.922 (この反復   2.5秒, 累計  25.6分)
    → 決定的方策の評価: best_reward候補 = 1099.9 (これまでのベスト = 1232.3)
  [checkpoint] これまでのベスト重みを ev3way_w1.npy/ev3way_w2.npy に中間保存しました
  iter 561/2000: rollout平均ep報酬=   113.8 (エピソード数  8) policy_loss=-0.0059 value_loss=  49.013 entropy=-1.920 (この反復   2.4秒, 累計  25.7分)
  iter 562/2000: rollout平均ep報酬=   599.8 (エピソード数  4) policy_loss=+0.0060 value_loss=  37.708 entropy=-1.922 (この反復   2.5秒, 累計  25.8分)
  iter 563/2000: rollout平均ep報酬=   149.8 (エピソード数  5) policy_loss=+0.0067 value_loss= 123.622 entropy=-1.920 (この反復   2.4秒, 累計  25.8分)
  iter 564/2000: rollout平均ep報酬=   397.6 (エピソード数  5) policy_loss=+0.0141 value_loss=  39.552 entropy=-1.917 (この反復   2.4秒, 累計  25.8分)
  iter 565/2000: rollout平均ep報酬=   310.2 (エピソード数  4) policy_loss=-0.0135 value_loss=  36.280 entropy=-1.936 (この反復   2.3秒, 累計  25.9分)
    → 決定的方策の評価: best_reward候補 = 1104.6 (これまでのベスト = 1232.3)
  iter 566/2000: rollout平均ep報酬=   524.8 (エピソード数  4) policy_loss=-0.0105 value_loss=  16.208 entropy=-1.950 (この反復   2.5秒, 累計  26.0分)
  iter 567/2000: rollout平均ep報酬=   639.7 (エピソード数  4) policy_loss=-0.0028 value_loss=   8.643 entropy=-1.946 (この反復   2.6秒, 累計  26.0分)
  iter 568/2000: rollout平均ep報酬=   243.7 (エピソード数  7) policy_loss=-0.0242 value_loss=  89.023 entropy=-1.930 (この反復   2.6秒, 累計  26.0分)
  iter 569/2000: rollout平均ep報酬=   235.8 (エピソード数  7) policy_loss=+0.0001 value_loss=  91.376 entropy=-1.917 (この反復   2.4秒, 累計  26.1分)
  iter 570/2000: rollout平均ep報酬=   266.9 (エピソード数  4) policy_loss=-0.0133 value_loss=  19.684 entropy=-1.907 (この反復   2.6秒, 累計  26.1分)
    → 決定的方策の評価: best_reward候補 = 635.6 (これまでのベスト = 1232.3)
  [checkpoint] これまでのベスト重みを ev3way_w1.npy/ev3way_w2.npy に中間保存しました
  iter 571/2000: rollout平均ep報酬=   503.2 (エピソード数  5) policy_loss=-0.0005 value_loss=  68.522 entropy=-1.914 (この反復   2.6秒, 累計  26.2分)
  iter 572/2000: rollout平均ep報酬=   417.9 (エピソード数  5) policy_loss=+0.0519 value_loss= 126.682 entropy=-1.920 (この反復   2.8秒, 累計  26.3分)
  iter 573/2000: rollout平均ep報酬=   259.9 (エピソード数  6) policy_loss=+0.0379 value_loss=  31.319 entropy=-1.909 (この反復   2.4秒, 累計  26.3分)
  iter 574/2000: rollout平均ep報酬=   635.8 (エピソード数  4) policy_loss=+0.0704 value_loss= 120.643 entropy=-1.906 (この反復   2.6秒, 累計  26.3分)
  iter 575/2000: rollout平均ep報酬=   101.4 (エピソード数  9) policy_loss=+0.0681 value_loss=  38.633 entropy=-1.907 (この反復   2.4秒, 累計  26.4分)
    → 決定的方策の評価: best_reward候補 = 1090.9 (これまでのベスト = 1232.3)
  iter 576/2000: rollout平均ep報酬=   156.5 (エピソード数  6) policy_loss=+0.1144 value_loss= 155.622 entropy=-1.918 (この反復   2.3秒, 累計  26.5分)
  iter 577/2000: rollout平均ep報酬=    67.9 (エピソード数  8) policy_loss=-0.0673 value_loss=  74.295 entropy=-1.912 (この反復   2.5秒, 累計  26.5分)
  iter 578/2000: rollout平均ep報酬=   600.1 (エピソード数  4) policy_loss=+0.0342 value_loss=  30.801 entropy=-1.921 (この反復   2.6秒, 累計  26.5分)
  iter 579/2000: rollout平均ep報酬=   282.8 (エピソード数  7) policy_loss=+0.0040 value_loss=  42.202 entropy=-1.915 (この反復   2.4秒, 累計  26.6分)
  iter 580/2000: rollout平均ep報酬=   287.8 (エピソード数  5) policy_loss=+0.0725 value_loss=  89.785 entropy=-1.913 (この反復   2.3秒, 累計  26.6分)
    → 決定的方策の評価: best_reward候補 = 1088.3 (これまでのベスト = 1232.3)
  [checkpoint] これまでのベスト重みを ev3way_w1.npy/ev3way_w2.npy に中間保存しました
  iter 581/2000: rollout平均ep報酬=    86.4 (エピソード数  7) policy_loss=-0.0245 value_loss=  90.400 entropy=-1.915 (この反復   2.2秒, 累計  26.7分)
  iter 582/2000: rollout平均ep報酬=   753.4 (エピソード数  4) policy_loss=+0.0873 value_loss=  33.390 entropy=-1.921 (この反復   2.3秒, 累計  26.7分)
  iter 583/2000: rollout平均ep報酬=   249.9 (エピソード数  5) policy_loss=-0.1225 value_loss=  50.336 entropy=-1.924 (この反復   2.4秒, 累計  26.8分)
  iter 584/2000: rollout平均ep報酬=   411.9 (エピソード数  5) policy_loss=+0.0152 value_loss=  64.730 entropy=-1.923 (この反復   2.5秒, 累計  26.8分)
  iter 585/2000: rollout平均ep報酬=   524.6 (エピソード数  4) policy_loss=-0.0365 value_loss=   7.764 entropy=-1.942 (この反復   2.6秒, 累計  26.9分)
    → 決定的方策の評価: best_reward候補 = 1094.3 (これまでのベスト = 1232.3)
  iter 586/2000: rollout平均ep報酬=   666.0 (エピソード数  4) policy_loss=-0.0579 value_loss=   8.979 entropy=-1.957 (この反復   2.4秒, 累計  26.9分)
  iter 587/2000: rollout平均ep報酬=   583.9 (エピソード数  4) policy_loss=-0.0421 value_loss=  20.818 entropy=-1.963 (この反復   2.4秒, 累計  27.0分)
  iter 588/2000: rollout平均ep報酬=   381.1 (エピソード数  5) policy_loss=-0.0593 value_loss=  64.182 entropy=-1.967 (この反復   2.4秒, 累計  27.0分)
  iter 589/2000: rollout平均ep報酬=   760.8 (エピソード数  4) policy_loss=-0.0520 value_loss=  13.337 entropy=-1.986 (この反復   2.3秒, 累計  27.1分)
  iter 590/2000: rollout平均ep報酬=   625.9 (エピソード数  4) policy_loss=-0.0171 value_loss=  29.579 entropy=-1.980 (この反復   2.7秒, 累計  27.1分)
    → 決定的方策の評価: best_reward候補 = 1090.3 (これまでのベスト = 1232.3)
  [checkpoint] これまでのベスト重みを ev3way_w1.npy/ev3way_w2.npy に中間保存しました
  iter 591/2000: rollout平均ep報酬=   280.6 (エピソード数  6) policy_loss=-0.0704 value_loss=  24.175 entropy=-1.977 (この反復   2.6秒, 累計  27.2分)
  iter 592/2000: rollout平均ep報酬=   388.1 (エピソード数  5) policy_loss=-0.0483 value_loss=  22.918 entropy=-1.976 (この反復   2.4秒, 累計  27.2分)
  iter 593/2000: rollout平均ep報酬=   647.4 (エピソード数  4) policy_loss=+0.0921 value_loss=  16.632 entropy=-1.985 (この反復   2.4秒, 累計  27.3分)
  iter 594/2000: rollout平均ep報酬=   545.9 (エピソード数  4) policy_loss=-0.0243 value_loss=  27.018 entropy=-1.968 (この反復   2.5秒, 累計  27.3分)
  iter 595/2000: rollout平均ep報酬=   550.2 (エピソード数  4) policy_loss=+0.0104 value_loss=  21.457 entropy=-1.991 (この反復   2.3秒, 累計  27.3分)
    → 決定的方策の評価: best_reward候補 = 645.1 (これまでのベスト = 1232.3)
  iter 596/2000: rollout平均ep報酬=   316.6 (エピソード数  7) policy_loss=+0.0193 value_loss=  67.768 entropy=-1.993 (この反復   2.8秒, 累計  27.4分)
  iter 597/2000: rollout平均ep報酬=   151.3 (エピソード数  9) policy_loss=+0.0011 value_loss= 100.681 entropy=-1.988 (この反復   2.3秒, 累計  27.4分)
  iter 598/2000: rollout平均ep報酬=   210.8 (エピソード数  9) policy_loss=-0.0582 value_loss=  26.183 entropy=-1.980 (この反復   2.4秒, 累計  27.5分)
  iter 599/2000: rollout平均ep報酬=   201.6 (エピソード数  8) policy_loss=+0.0088 value_loss=  51.152 entropy=-1.969 (この反復   2.3秒, 累計  27.5分)
  iter 600/2000: rollout平均ep報酬=    31.9 (エピソード数 16) policy_loss=-0.0374 value_loss=  82.786 entropy=-1.965 (この反復   2.4秒, 累計  27.6分)
    → 決定的方策の評価: best_reward候補 = 635.7 (これまでのベスト = 1232.3)
  [checkpoint] これまでのベスト重みを ev3way_w1.npy/ev3way_w2.npy に中間保存しました
  iter 601/2000: rollout平均ep報酬=   293.5 (エピソード数  6) policy_loss=+0.0441 value_loss=  69.036 entropy=-1.976 (この反復   2.4秒, 累計  27.6分)
  iter 602/2000: rollout平均ep報酬=   444.2 (エピソード数  4) policy_loss=-0.0101 value_loss=  55.992 entropy=-1.984 (この反復   2.2秒, 累計  27.7分)
  iter 603/2000: rollout平均ep報酬=   171.2 (エピソード数  4) policy_loss=-0.0529 value_loss=  25.044 entropy=-1.982 (この反復   2.4秒, 累計  27.7分)
  iter 604/2000: rollout平均ep報酬=   263.1 (エピソード数  8) policy_loss=-0.0188 value_loss=  45.084 entropy=-1.974 (この反復   2.5秒, 累計  27.7分)
  iter 605/2000: rollout平均ep報酬=   236.4 (エピソード数  7) policy_loss=+0.0381 value_loss=  49.786 entropy=-1.974 (この反復   2.4秒, 累計  27.8分)
    → 決定的方策の評価: best_reward候補 = 650.2 (これまでのベスト = 1232.3)
  iter 606/2000: rollout平均ep報酬=   114.5 (エピソード数 12) policy_loss=+0.0677 value_loss= 211.755 entropy=-1.968 (この反復   2.5秒, 累計  27.8分)
  iter 607/2000: rollout平均ep報酬=   160.9 (エピソード数  8) policy_loss=-0.0369 value_loss=  76.923 entropy=-1.967 (この反復   2.4秒, 累計  27.9分)
  iter 608/2000: rollout平均ep報酬=   455.9 (エピソード数  5) policy_loss=+0.0503 value_loss=  76.813 entropy=-1.979 (この反復   2.3秒, 累計  27.9分)
  iter 609/2000: rollout平均ep報酬=   202.0 (エピソード数  9) policy_loss=-0.0678 value_loss=  18.308 entropy=-1.986 (この反復   2.5秒, 累計  28.0分)
  iter 610/2000: rollout平均ep報酬=   209.4 (エピソード数  7) policy_loss=+0.0333 value_loss= 134.631 entropy=-1.996 (この反復   2.6秒, 累計  28.0分)
    → 決定的方策の評価: best_reward候補 = 626.1 (これまでのベスト = 1232.3)
  [checkpoint] これまでのベスト重みを ev3way_w1.npy/ev3way_w2.npy に中間保存しました
  iter 611/2000: rollout平均ep報酬=   537.9 (エピソード数  4) policy_loss=+0.0263 value_loss=  21.384 entropy=-1.995 (この反復   2.7秒, 累計  28.1分)
  iter 612/2000: rollout平均ep報酬=   163.0 (エピソード数  9) policy_loss=+0.0653 value_loss=  65.959 entropy=-1.990 (この反復   2.4秒, 累計  28.1分)
  iter 613/2000: rollout平均ep報酬=   557.6 (エピソード数  5) policy_loss=-0.0303 value_loss=  80.522 entropy=-1.989 (この反復   2.8秒, 累計  28.2分)
  iter 614/2000: rollout平均ep報酬=   326.7 (エピソード数  7) policy_loss=-0.0423 value_loss=  38.554 entropy=-1.985 (この反復   2.9秒, 累計  28.2分)
  iter 615/2000: rollout平均ep報酬=   364.0 (エピソード数  6) policy_loss=-0.0872 value_loss=  33.216 entropy=-1.989 (この反復   2.3秒, 累計  28.2分)
    → 決定的方策の評価: best_reward候補 = 632.3 (これまでのベスト = 1232.3)
  iter 616/2000: rollout平均ep報酬=   640.7 (エピソード数  4) policy_loss=+0.0184 value_loss=  86.653 entropy=-1.974 (この反復   2.6秒, 累計  28.3分)
  iter 617/2000: rollout平均ep報酬=   512.9 (エピソード数  5) policy_loss=+0.0405 value_loss=  45.755 entropy=-1.960 (この反復   2.5秒, 累計  28.3分)
  iter 618/2000: rollout平均ep報酬=   373.8 (エピソード数  5) policy_loss=-0.1047 value_loss=  26.470 entropy=-1.960 (この反復   2.4秒, 累計  28.4分)
  iter 619/2000: rollout平均ep報酬=   411.0 (エピソード数  6) policy_loss=+0.0850 value_loss=  98.920 entropy=-1.961 (この反復   2.4秒, 累計  28.4分)
  iter 620/2000: rollout平均ep報酬=   161.7 (エピソード数  9) policy_loss=+0.0129 value_loss= 109.325 entropy=-1.955 (この反復   2.6秒, 累計  28.5分)
    → 決定的方策の評価: best_reward候補 = 629.4 (これまでのベスト = 1232.3)
  [checkpoint] これまでのベスト重みを ev3way_w1.npy/ev3way_w2.npy に中間保存しました
  iter 621/2000: rollout平均ep報酬=   258.3 (エピソード数  7) policy_loss=+0.0390 value_loss=  57.505 entropy=-1.959 (この反復   2.5秒, 累計  28.5分)
  iter 622/2000: rollout平均ep報酬=   622.9 (エピソード数  4) policy_loss=-0.0412 value_loss=  17.889 entropy=-1.959 (この反復   2.7秒, 累計  28.6分)
  iter 623/2000: rollout平均ep報酬=   717.4 (エピソード数  4) policy_loss=-0.0107 value_loss=  21.357 entropy=-1.958 (この反復   2.5秒, 累計  28.6分)
  iter 624/2000: rollout平均ep報酬=   212.7 (エピソード数  7) policy_loss=-0.0592 value_loss=  27.075 entropy=-1.960 (この反復   2.5秒, 累計  28.7分)
  iter 625/2000: rollout平均ep報酬=   306.1 (エピソード数  6) policy_loss=+0.0381 value_loss=  39.773 entropy=-1.957 (この反復   2.6秒, 累計  28.7分)
    → 決定的方策の評価: best_reward候補 = 634.9 (これまでのベスト = 1232.3)
  iter 626/2000: rollout平均ep報酬=    71.5 (エピソード数 10) policy_loss=-0.0873 value_loss=  90.283 entropy=-1.961 (この反復   2.6秒, 累計  28.8分)
  iter 627/2000: rollout平均ep報酬=   720.2 (エピソード数  4) policy_loss=-0.0029 value_loss=  23.465 entropy=-1.978 (この反復   2.5秒, 累計  28.8分)
  iter 628/2000: rollout平均ep報酬=   503.9 (エピソード数  5) policy_loss=-0.0338 value_loss=  37.107 entropy=-1.999 (この反復   2.4秒, 累計  28.8分)
  iter 629/2000: rollout平均ep報酬=   464.5 (エピソード数  5) policy_loss=+0.1132 value_loss= 102.736 entropy=-1.984 (この反復   2.6秒, 累計  28.9分)
  iter 630/2000: rollout平均ep報酬=   177.6 (エピソード数  7) policy_loss=+0.0310 value_loss= 137.481 entropy=-1.974 (この反復   2.4秒, 累計  28.9分)
    → 決定的方策の評価: best_reward候補 = 627.5 (これまでのベスト = 1232.3)
  [checkpoint] これまでのベスト重みを ev3way_w1.npy/ev3way_w2.npy に中間保存しました
  iter 631/2000: rollout平均ep報酬=   456.3 (エピソード数  4) policy_loss=-0.0302 value_loss=  55.360 entropy=-1.963 (この反復   2.5秒, 累計  29.0分)
  iter 632/2000: rollout平均ep報酬=   464.3 (エピソード数  5) policy_loss=+0.0888 value_loss=  83.379 entropy=-1.950 (この反復   2.4秒, 累計  29.0分)
  iter 633/2000: rollout平均ep報酬=   255.3 (エピソード数  6) policy_loss=+0.0392 value_loss=  43.927 entropy=-1.959 (この反復   2.3秒, 累計  29.1分)
  iter 634/2000: rollout平均ep報酬=   254.6 (エピソード数  7) policy_loss=-0.0400 value_loss=  30.412 entropy=-1.956 (この反復   2.4秒, 累計  29.1分)
  iter 635/2000: rollout平均ep報酬=   163.9 (エピソード数  8) policy_loss=+0.0754 value_loss=  96.533 entropy=-1.937 (この反復   2.5秒, 累計  29.2分)
    → 決定的方策の評価: best_reward候補 = 628.5 (これまでのベスト = 1232.3)
  iter 636/2000: rollout平均ep報酬=    83.1 (エピソード数 10) policy_loss=-0.0072 value_loss=  48.611 entropy=-1.949 (この反復   2.4秒, 累計  29.2分)
  iter 637/2000: rollout平均ep報酬=   789.8 (エピソード数  4) policy_loss=-0.0480 value_loss=  21.390 entropy=-1.957 (この反復   2.3秒, 累計  29.3分)
  iter 638/2000: rollout平均ep報酬=   648.1 (エピソード数  4) policy_loss=-0.0030 value_loss=   6.076 entropy=-1.960 (この反復   2.4秒, 累計  29.3分)
  iter 639/2000: rollout平均ep報酬=   175.8 (エピソード数  8) policy_loss=-0.0270 value_loss=  75.002 entropy=-1.945 (この反復   2.3秒, 累計  29.3分)
  iter 640/2000: rollout平均ep報酬=   415.2 (エピソード数  4) policy_loss=-0.0069 value_loss= 109.165 entropy=-1.936 (この反復   2.3秒, 累計  29.4分)
    → 決定的方策の評価: best_reward候補 = 659.5 (これまでのベスト = 1232.3)
  [checkpoint] これまでのベスト重みを ev3way_w1.npy/ev3way_w2.npy に中間保存しました
  iter 641/2000: rollout平均ep報酬=   251.5 (エピソード数  5) policy_loss=+0.0469 value_loss=  63.787 entropy=-1.949 (この反復   2.4秒, 累計  29.4分)
  iter 642/2000: rollout平均ep報酬=   131.7 (エピソード数  5) policy_loss=+0.0195 value_loss= 110.449 entropy=-1.953 (この反復   2.3秒, 累計  29.5分)
  iter 643/2000: rollout平均ep報酬=   260.1 (エピソード数  8) policy_loss=-0.0366 value_loss=  18.245 entropy=-1.957 (この反復   2.6秒, 累計  29.5分)
  iter 644/2000: rollout平均ep報酬=   128.5 (エピソード数 10) policy_loss=-0.0143 value_loss=  75.018 entropy=-1.951 (この反復   2.4秒, 累計  29.6分)
  iter 645/2000: rollout平均ep報酬=   571.5 (エピソード数  5) policy_loss=-0.0000 value_loss=  47.652 entropy=-1.956 (この反復   2.6秒, 累計  29.6分)
    → 決定的方策の評価: best_reward候補 = 655.4 (これまでのベスト = 1232.3)
  iter 646/2000: rollout平均ep報酬=   880.6 (エピソード数  4) policy_loss=-0.0188 value_loss=   7.404 entropy=-1.954 (この反復   2.6秒, 累計  29.7分)
  iter 647/2000: rollout平均ep報酬=   285.4 (エピソード数  8) policy_loss=-0.0479 value_loss=  24.498 entropy=-1.955 (この反復   2.3秒, 累計  29.7分)
  iter 648/2000: rollout平均ep報酬=   538.9 (エピソード数  4) policy_loss=+0.0061 value_loss=  45.200 entropy=-1.943 (この反復   2.6秒, 累計  29.8分)
  iter 649/2000: rollout平均ep報酬=   363.7 (エピソード数  6) policy_loss=+0.0243 value_loss=  20.887 entropy=-1.939 (この反復   2.5秒, 累計  29.8分)
  iter 650/2000: rollout平均ep報酬=   892.2 (エピソード数  4) policy_loss=+0.0212 value_loss=   5.626 entropy=-1.945 (この反復   2.5秒, 累計  29.8分)
    → 決定的方策の評価: best_reward候補 = 641.8 (これまでのベスト = 1232.3)
  [checkpoint] これまでのベスト重みを ev3way_w1.npy/ev3way_w2.npy に中間保存しました
  iter 651/2000: rollout平均ep報酬=   376.8 (エピソード数  4) policy_loss=-0.0070 value_loss=  56.995 entropy=-1.955 (この反復   2.4秒, 累計  29.9分)
  iter 652/2000: rollout平均ep報酬=   279.9 (エピソード数  7) policy_loss=-0.0420 value_loss=  74.385 entropy=-1.954 (この反復   2.5秒, 累計  30.0分)
  iter 653/2000: rollout平均ep報酬=   185.5 (エピソード数  8) policy_loss=-0.0240 value_loss=  31.189 entropy=-1.948 (この反復   2.7秒, 累計  30.0分)
  iter 654/2000: rollout平均ep報酬=   444.6 (エピソード数  4) policy_loss=+0.0463 value_loss=  54.599 entropy=-1.948 (この反復   2.3秒, 累計  30.0分)
  iter 655/2000: rollout平均ep報酬=   987.1 (エピソード数  4) policy_loss=+0.0420 value_loss=   3.009 entropy=-1.971 (この反復   2.7秒, 累計  30.1分)
    → 決定的方策の評価: best_reward候補 = 1097.7 (これまでのベスト = 1232.3)
  iter 656/2000: rollout平均ep報酬=   968.5 (エピソード数  4) policy_loss=-0.0380 value_loss=   7.387 entropy=-1.961 (この反復   2.6秒, 累計  30.2分)
  iter 657/2000: rollout平均ep報酬=   368.3 (エピソード数  6) policy_loss=-0.0266 value_loss=  34.773 entropy=-1.948 (この反復   2.6秒, 累計  30.2分)
  iter 658/2000: rollout平均ep報酬=   467.6 (エピソード数  4) policy_loss=+0.0547 value_loss=  44.182 entropy=-1.938 (この反復   2.4秒, 累計  30.3分)
  iter 659/2000: rollout平均ep報酬=   437.7 (エピソード数  4) policy_loss=-0.0381 value_loss=  14.666 entropy=-1.942 (この反復   2.3秒, 累計  30.3分)
  iter 660/2000: rollout平均ep報酬=   265.1 (エピソード数  5) policy_loss=+0.0052 value_loss=  39.202 entropy=-1.943 (この反復   2.4秒, 累計  30.3分)
    → 決定的方策の評価: best_reward候補 = 1089.6 (これまでのベスト = 1232.3)
  [checkpoint] これまでのベスト重みを ev3way_w1.npy/ev3way_w2.npy に中間保存しました
  iter 661/2000: rollout平均ep報酬=   273.0 (エピソード数  5) policy_loss=+0.0105 value_loss=  32.403 entropy=-1.946 (この反復   2.4秒, 累計  30.4分)
  iter 662/2000: rollout平均ep報酬=   435.4 (エピソード数  4) policy_loss=-0.0526 value_loss=  17.324 entropy=-1.940 (この反復   2.5秒, 累計  30.5分)
  iter 663/2000: rollout平均ep報酬=   326.3 (エピソード数  5) policy_loss=-0.0412 value_loss=  13.563 entropy=-1.935 (この反復   2.5秒, 累計  30.5分)
  iter 664/2000: rollout平均ep報酬=   460.4 (エピソード数  4) policy_loss=+0.0186 value_loss=  40.029 entropy=-1.939 (この反復   2.3秒, 累計  30.5分)
  iter 665/2000: rollout平均ep報酬=   348.9 (エピソード数  6) policy_loss=+0.0571 value_loss= 226.979 entropy=-1.930 (この反復   2.6秒, 累計  30.6分)
    → 決定的方策の評価: best_reward候補 = 1081.0 (これまでのベスト = 1232.3)
  iter 666/2000: rollout平均ep報酬=   566.6 (エピソード数  4) policy_loss=-0.0240 value_loss=  22.053 entropy=-1.929 (この反復   2.7秒, 累計  30.7分)
  iter 667/2000: rollout平均ep報酬=   306.9 (エピソード数  7) policy_loss=-0.0346 value_loss=  20.486 entropy=-1.929 (この反復   2.5秒, 累計  30.7分)
  iter 668/2000: rollout平均ep報酬=   255.7 (エピソード数  6) policy_loss=-0.0575 value_loss=  38.903 entropy=-1.916 (この反復   2.5秒, 累計  30.7分)
  iter 669/2000: rollout平均ep報酬=   476.8 (エピソード数  4) policy_loss=+0.0733 value_loss= 155.717 entropy=-1.914 (この反復   2.4秒, 累計  30.8分)
  iter 670/2000: rollout平均ep報酬=   366.0 (エピソード数  4) policy_loss=-0.0193 value_loss=  48.252 entropy=-1.905 (この反復   2.4秒, 累計  30.8分)
    → 決定的方策の評価: best_reward候補 = 1095.3 (これまでのベスト = 1232.3)
  [checkpoint] これまでのベスト重みを ev3way_w1.npy/ev3way_w2.npy に中間保存しました
  iter 671/2000: rollout平均ep報酬=   -19.8 (エピソード数 11) policy_loss=-0.0149 value_loss=  55.314 entropy=-1.904 (この反復   2.3秒, 累計  30.9分)
  iter 672/2000: rollout平均ep報酬=   552.5 (エピソード数  4) policy_loss=+0.0112 value_loss=  53.441 entropy=-1.905 (この反復   2.6秒, 累計  30.9分)
  iter 673/2000: rollout平均ep報酬=   354.8 (エピソード数  4) policy_loss=+0.0881 value_loss=  51.536 entropy=-1.909 (この反復   2.5秒, 累計  31.0分)
  iter 674/2000: rollout平均ep報酬=   910.6 (エピソード数  4) policy_loss=-0.0614 value_loss=  17.118 entropy=-1.906 (この反復   2.7秒, 累計  31.0分)
  iter 675/2000: rollout平均ep報酬=   183.1 (エピソード数  5) policy_loss=-0.0329 value_loss=  39.806 entropy=-1.898 (この反復   2.5秒, 累計  31.1分)
    → 決定的方策の評価: best_reward候補 = 1108.6 (これまでのベスト = 1232.3)
  iter 676/2000: rollout平均ep報酬=   552.6 (エピソード数  4) policy_loss=+0.0534 value_loss= 307.154 entropy=-1.895 (この反復   2.6秒, 累計  31.2分)
  iter 677/2000: rollout平均ep報酬=   408.3 (エピソード数  4) policy_loss=+0.0306 value_loss=  33.353 entropy=-1.929 (この反復   2.1秒, 累計  31.2分)
  iter 678/2000: rollout平均ep報酬=   499.0 (エピソード数  4) policy_loss=-0.0482 value_loss=  15.430 entropy=-1.922 (この反復   2.4秒, 累計  31.2分)
  iter 679/2000: rollout平均ep報酬=   278.0 (エピソード数  7) policy_loss=+0.0151 value_loss=  91.210 entropy=-1.907 (この反復   2.5秒, 累計  31.3分)
  iter 680/2000: rollout平均ep報酬=   173.1 (エピソード数  6) policy_loss=+0.0361 value_loss=  51.726 entropy=-1.908 (この反復   2.6秒, 累計  31.3分)
    → 決定的方策の評価: best_reward候補 = 1110.5 (これまでのベスト = 1232.3)
  [checkpoint] これまでのベスト重みを ev3way_w1.npy/ev3way_w2.npy に中間保存しました
  iter 681/2000: rollout平均ep報酬=   769.8 (エピソード数  4) policy_loss=-0.0030 value_loss=  19.115 entropy=-1.898 (この反復   2.5秒, 累計  31.4分)
  iter 682/2000: rollout平均ep報酬=   332.0 (エピソード数  7) policy_loss=-0.0533 value_loss=  96.706 entropy=-1.901 (この反復   2.5秒, 累計  31.5分)
  iter 683/2000: rollout平均ep報酬=   504.9 (エピソード数  4) policy_loss=-0.0071 value_loss= 129.582 entropy=-1.905 (この反復   2.4秒, 累計  31.5分)
  iter 684/2000: rollout平均ep報酬=   246.1 (エピソード数  4) policy_loss=+0.0048 value_loss=  38.472 entropy=-1.905 (この反復   2.4秒, 累計  31.5分)
  iter 685/2000: rollout平均ep報酬=   405.8 (エピソード数  4) policy_loss=-0.0537 value_loss=  33.877 entropy=-1.911 (この反復   2.3秒, 累計  31.6分)
    → 決定的方策の評価: best_reward候補 = 1109.4 (これまでのベスト = 1232.3)
  iter 686/2000: rollout平均ep報酬=   604.9 (エピソード数  4) policy_loss=+0.0107 value_loss=  10.861 entropy=-1.927 (この反復   2.4秒, 累計  31.7分)
  iter 687/2000: rollout平均ep報酬=   526.2 (エピソード数  4) policy_loss=-0.0381 value_loss=  15.004 entropy=-1.920 (この反復   2.4秒, 累計  31.7分)
  iter 688/2000: rollout平均ep報酬=   331.1 (エピソード数  4) policy_loss=-0.0110 value_loss=  49.735 entropy=-1.918 (この反復   2.3秒, 累計  31.7分)
  iter 689/2000: rollout平均ep報酬=   304.1 (エピソード数  4) policy_loss=-0.0027 value_loss=  48.459 entropy=-1.937 (この反復   2.2秒, 累計  31.8分)
  iter 690/2000: rollout平均ep報酬=   341.7 (エピソード数  5) policy_loss=-0.0123 value_loss=  44.647 entropy=-1.934 (この反復   2.5秒, 累計  31.8分)
    → 決定的方策の評価: best_reward候補 = 1119.5 (これまでのベスト = 1232.3)
  [checkpoint] これまでのベスト重みを ev3way_w1.npy/ev3way_w2.npy に中間保存しました
  iter 691/2000: rollout平均ep報酬=   291.8 (エピソード数  6) policy_loss=-0.0514 value_loss=  21.050 entropy=-1.933 (この反復   2.4秒, 累計  31.9分)
  iter 692/2000: rollout平均ep報酬=   392.2 (エピソード数  7) policy_loss=+0.0351 value_loss=  46.723 entropy=-1.931 (この反復   2.9秒, 累計  31.9分)
  iter 693/2000: rollout平均ep報酬=   438.0 (エピソード数  5) policy_loss=-0.0267 value_loss=  44.971 entropy=-1.925 (この反復   2.4秒, 累計  32.0分)
  iter 694/2000: rollout平均ep報酬=   550.8 (エピソード数  4) policy_loss=+0.0145 value_loss=  15.385 entropy=-1.919 (この反復   2.4秒, 累計  32.0分)
  iter 695/2000: rollout平均ep報酬=    58.5 (エピソード数  5) policy_loss=-0.0513 value_loss=  34.158 entropy=-1.916 (この反復   2.4秒, 累計  32.1分)
    → 決定的方策の評価: best_reward候補 = 1104.6 (これまでのベスト = 1232.3)
  iter 696/2000: rollout平均ep報酬=   570.6 (エピソード数  4) policy_loss=-0.0124 value_loss=   4.155 entropy=-1.913 (この反復   2.5秒, 累計  32.2分)
  iter 697/2000: rollout平均ep報酬=    79.3 (エピソード数  6) policy_loss=+0.0231 value_loss=  94.759 entropy=-1.909 (この反復   2.3秒, 累計  32.2分)
  iter 698/2000: rollout平均ep報酬=    85.5 (エピソード数  8) policy_loss=-0.0495 value_loss=  21.547 entropy=-1.900 (この反復   2.5秒, 累計  32.2分)
  iter 699/2000: rollout平均ep報酬=   303.7 (エピソード数  6) policy_loss=+0.0822 value_loss=  88.906 entropy=-1.893 (この反復   2.5秒, 累計  32.3分)
  iter 700/2000: rollout平均ep報酬=   220.8 (エピソード数  5) policy_loss=-0.0281 value_loss=  69.824 entropy=-1.898 (この反復   2.2秒, 累計  32.3分)
    → 決定的方策の評価: best_reward候補 = 1103.5 (これまでのベスト = 1232.3)
  [checkpoint] これまでのベスト重みを ev3way_w1.npy/ev3way_w2.npy に中間保存しました
  iter 701/2000: rollout平均ep報酬=   277.7 (エピソード数  5) policy_loss=+0.0962 value_loss=  28.379 entropy=-1.888 (この反復   2.5秒, 累計  32.4分)
  iter 702/2000: rollout平均ep報酬=   451.0 (エピソード数  5) policy_loss=+0.0406 value_loss= 137.339 entropy=-1.881 (この反復   2.6秒, 累計  32.4分)
  iter 703/2000: rollout平均ep報酬=   336.5 (エピソード数  7) policy_loss=+0.0138 value_loss=  48.338 entropy=-1.874 (この反復   2.3秒, 累計  32.5分)
  iter 704/2000: rollout平均ep報酬=   520.5 (エピソード数  5) policy_loss=+0.0035 value_loss=  75.984 entropy=-1.860 (この反復   2.4秒, 累計  32.5分)
  iter 705/2000: rollout平均ep報酬=   580.2 (エピソード数  4) policy_loss=+0.0749 value_loss=  90.059 entropy=-1.865 (この反復   2.2秒, 累計  32.5分)
    → 決定的方策の評価: best_reward候補 = 1090.5 (これまでのベスト = 1232.3)
  iter 706/2000: rollout平均ep報酬=    91.7 (エピソード数 10) policy_loss=+0.0679 value_loss= 141.520 entropy=-1.857 (この反復   2.4秒, 累計  32.6分)
  iter 707/2000: rollout平均ep報酬=   586.7 (エピソード数  4) policy_loss=-0.0025 value_loss=  36.750 entropy=-1.849 (この反復   2.3秒, 累計  32.7分)
  iter 708/2000: rollout平均ep報酬=    11.7 (エピソード数 10) policy_loss=-0.0304 value_loss=  94.765 entropy=-1.837 (この反復   2.4秒, 累計  32.7分)
  iter 709/2000: rollout平均ep報酬=   416.0 (エピソード数  5) policy_loss=-0.0623 value_loss=  26.314 entropy=-1.841 (この反復   2.4秒, 累計  32.7分)
  iter 710/2000: rollout平均ep報酬=   112.9 (エピソード数  7) policy_loss=-0.0251 value_loss=  46.157 entropy=-1.827 (この反復   2.4秒, 累計  32.8分)
    → 決定的方策の評価: best_reward候補 = 1075.4 (これまでのベスト = 1232.3)
  [checkpoint] これまでのベスト重みを ev3way_w1.npy/ev3way_w2.npy に中間保存しました
  iter 711/2000: rollout平均ep報酬=   231.4 (エピソード数  6) policy_loss=-0.0124 value_loss=  32.943 entropy=-1.826 (この反復   2.4秒, 累計  32.9分)
  iter 712/2000: rollout平均ep報酬=   244.5 (エピソード数  6) policy_loss=-0.0564 value_loss=  43.892 entropy=-1.826 (この反復   2.3秒, 累計  32.9分)
  iter 713/2000: rollout平均ep報酬=   122.5 (エピソード数  7) policy_loss=+0.0312 value_loss=  51.475 entropy=-1.826 (この反復   2.5秒, 累計  32.9分)
  iter 714/2000: rollout平均ep報酬=   577.4 (エピソード数  4) policy_loss=+0.0133 value_loss=  17.381 entropy=-1.819 (この反復   2.6秒, 累計  33.0分)
  iter 715/2000: rollout平均ep報酬=   105.2 (エピソード数  7) policy_loss=-0.1183 value_loss=  31.613 entropy=-1.812 (この反復   2.4秒, 累計  33.0分)
    → 決定的方策の評価: best_reward候補 = 1084.6 (これまでのベスト = 1232.3)
  iter 716/2000: rollout平均ep報酬=    92.6 (エピソード数  9) policy_loss=-0.0132 value_loss=  79.453 entropy=-1.811 (この反復   2.4秒, 累計  33.1分)
  iter 717/2000: rollout平均ep報酬=   732.7 (エピソード数  4) policy_loss=+0.0526 value_loss=  58.045 entropy=-1.812 (この反復   2.6秒, 累計  33.1分)
  iter 718/2000: rollout平均ep報酬=   409.0 (エピソード数  4) policy_loss=+0.0424 value_loss=  40.014 entropy=-1.809 (この反復   2.5秒, 累計  33.2分)
  iter 719/2000: rollout平均ep報酬=   362.2 (エピソード数  5) policy_loss=-0.0047 value_loss=  52.738 entropy=-1.819 (この反復   2.4秒, 累計  33.2分)
  iter 720/2000: rollout平均ep報酬=   367.1 (エピソード数  5) policy_loss=-0.0252 value_loss=  80.726 entropy=-1.823 (この反復   2.6秒, 累計  33.3分)
    → 決定的方策の評価: best_reward候補 = 1105.9 (これまでのベスト = 1232.3)
  [checkpoint] これまでのベスト重みを ev3way_w1.npy/ev3way_w2.npy に中間保存しました
  iter 721/2000: rollout平均ep報酬=   715.7 (エピソード数  4) policy_loss=-0.0250 value_loss=  17.394 entropy=-1.801 (この反復   2.7秒, 累計  33.3分)
  iter 722/2000: rollout平均ep報酬=   404.4 (エピソード数  5) policy_loss=-0.0126 value_loss=  25.339 entropy=-1.771 (この反復   2.7秒, 累計  33.4分)
  iter 723/2000: rollout平均ep報酬=   607.9 (エピソード数  4) policy_loss=+0.0270 value_loss=  55.654 entropy=-1.766 (この反復   2.5秒, 累計  33.4分)
  iter 724/2000: rollout平均ep報酬=   569.7 (エピソード数  4) policy_loss=+0.0150 value_loss=  45.828 entropy=-1.785 (この反復   2.3秒, 累計  33.5分)
  iter 725/2000: rollout平均ep報酬=   613.4 (エピソード数  4) policy_loss=+0.0828 value_loss=  63.708 entropy=-1.783 (この反復   2.5秒, 累計  33.5分)
    → 決定的方策の評価: best_reward候補 = 1083.9 (これまでのベスト = 1232.3)
  iter 726/2000: rollout平均ep報酬=   770.3 (エピソード数  4) policy_loss=+0.0456 value_loss=  32.167 entropy=-1.785 (この反復   2.5秒, 累計  33.6分)
  iter 727/2000: rollout平均ep報酬=   265.1 (エピソード数  4) policy_loss=-0.0950 value_loss=  11.894 entropy=-1.787 (この反復   2.4秒, 累計  33.6分)
  iter 728/2000: rollout平均ep報酬=   169.7 (エピソード数  6) policy_loss=-0.0535 value_loss=  19.807 entropy=-1.788 (この反復   2.4秒, 累計  33.7分)
  iter 729/2000: rollout平均ep報酬=   611.5 (エピソード数  4) policy_loss=+0.0023 value_loss=  33.172 entropy=-1.776 (この反復   2.5秒, 累計  33.7分)
  iter 730/2000: rollout平均ep報酬=   582.2 (エピソード数  4) policy_loss=-0.0606 value_loss=  24.656 entropy=-1.770 (この反復   2.7秒, 累計  33.8分)
    → 決定的方策の評価: best_reward候補 = 1078.9 (これまでのベスト = 1232.3)
  [checkpoint] これまでのベスト重みを ev3way_w1.npy/ev3way_w2.npy に中間保存しました
  iter 731/2000: rollout平均ep報酬=   664.4 (エピソード数  4) policy_loss=-0.0667 value_loss=  18.596 entropy=-1.752 (この反復   2.4秒, 累計  33.8分)
  iter 732/2000: rollout平均ep報酬=   595.8 (エピソード数  4) policy_loss=-0.0066 value_loss=   5.660 entropy=-1.763 (この反復   2.7秒, 累計  33.9分)
  iter 733/2000: rollout平均ep報酬=   179.2 (エピソード数  5) policy_loss=+0.0726 value_loss=  53.552 entropy=-1.764 (この反復   2.4秒, 累計  33.9分)
  iter 734/2000: rollout平均ep報酬=    85.7 (エピソード数  7) policy_loss=-0.0173 value_loss= 107.465 entropy=-1.761 (この反復   2.3秒, 累計  34.0分)
  iter 735/2000: rollout平均ep報酬=   751.9 (エピソード数  4) policy_loss=+0.0580 value_loss=  46.149 entropy=-1.759 (この反復   2.6秒, 累計  34.0分)
    → 決定的方策の評価: best_reward候補 = 1081.6 (これまでのベスト = 1232.3)
  iter 736/2000: rollout平均ep報酬=   603.1 (エピソード数  4) policy_loss=-0.0258 value_loss=  35.254 entropy=-1.747 (この反復   2.6秒, 累計  34.1分)
  iter 737/2000: rollout平均ep報酬=   406.6 (エピソード数  5) policy_loss=+0.0232 value_loss=  54.323 entropy=-1.734 (この反復   2.6秒, 累計  34.1分)
  iter 738/2000: rollout平均ep報酬=   614.5 (エピソード数  4) policy_loss=+0.0524 value_loss=  83.259 entropy=-1.738 (この反復   2.5秒, 累計  34.2分)
  iter 739/2000: rollout平均ep報酬=   317.9 (エピソード数  6) policy_loss=-0.0657 value_loss=  98.135 entropy=-1.721 (この反復   2.3秒, 累計  34.2分)
  iter 740/2000: rollout平均ep報酬=   -62.9 (エピソード数  6) policy_loss=+0.0654 value_loss= 102.812 entropy=-1.721 (この反復   2.3秒, 累計  34.2分)
    → 決定的方策の評価: best_reward候補 = 1099.8 (これまでのベスト = 1232.3)
  [checkpoint] これまでのベスト重みを ev3way_w1.npy/ev3way_w2.npy に中間保存しました
  iter 741/2000: rollout平均ep報酬=   873.9 (エピソード数  4) policy_loss=+0.0272 value_loss=  22.657 entropy=-1.699 (この反復   2.5秒, 累計  34.3分)
  iter 742/2000: rollout平均ep報酬=   156.6 (エピソード数  7) policy_loss=-0.0427 value_loss=  45.188 entropy=-1.697 (この反復   2.4秒, 累計  34.4分)
  iter 743/2000: rollout平均ep報酬=   547.6 (エピソード数  4) policy_loss=-0.0414 value_loss=  20.553 entropy=-1.710 (この反復   2.1秒, 累計  34.4分)
  iter 744/2000: rollout平均ep報酬=   323.4 (エピソード数  5) policy_loss=-0.0347 value_loss=  30.445 entropy=-1.719 (この反復   2.4秒, 累計  34.4分)
  iter 745/2000: rollout平均ep報酬=  -362.4 (エピソード数  7) policy_loss=-0.0835 value_loss= 367.929 entropy=-1.719 (この反復   2.2秒, 累計  34.5分)
    → 決定的方策の評価: best_reward候補 = 1064.9 (これまでのベスト = 1232.3)
  iter 746/2000: rollout平均ep報酬=   247.3 (エピソード数  5) policy_loss=+0.0155 value_loss=  79.126 entropy=-1.726 (この反復   2.5秒, 累計  34.6分)
  iter 747/2000: rollout平均ep報酬=   748.1 (エピソード数  4) policy_loss=+0.0163 value_loss=  12.236 entropy=-1.747 (この反復   2.3秒, 累計  34.6分)
  iter 748/2000: rollout平均ep報酬=   543.6 (エピソード数  4) policy_loss=-0.0419 value_loss=  35.316 entropy=-1.752 (この反復   2.5秒, 累計  34.6分)
  iter 749/2000: rollout平均ep報酬=   362.1 (エピソード数  7) policy_loss=+0.0066 value_loss=  78.297 entropy=-1.757 (この反復   2.5秒, 累計  34.7分)
  iter 750/2000: rollout平均ep報酬=   264.1 (エピソード数  7) policy_loss=-0.0014 value_loss=  27.445 entropy=-1.753 (この反復   2.5秒, 累計  34.7分)
    → 決定的方策の評価: best_reward候補 = 1083.2 (これまでのベスト = 1232.3)
  [checkpoint] これまでのベスト重みを ev3way_w1.npy/ev3way_w2.npy に中間保存しました
  iter 751/2000: rollout平均ep報酬=   239.6 (エピソード数  7) policy_loss=+0.0285 value_loss=  68.625 entropy=-1.761 (この反復   2.3秒, 累計  34.8分)
  iter 752/2000: rollout平均ep報酬=   402.1 (エピソード数  5) policy_loss=+0.0303 value_loss=  37.447 entropy=-1.764 (この反復   2.3秒, 累計  34.8分)
  iter 753/2000: rollout平均ep報酬=   281.2 (エピソード数  7) policy_loss=-0.0168 value_loss=  33.813 entropy=-1.767 (この反復   2.4秒, 累計  34.9分)
  iter 754/2000: rollout平均ep報酬=    37.9 (エピソード数  9) policy_loss=-0.0040 value_loss=  60.725 entropy=-1.769 (この反復   2.3秒, 累計  34.9分)
  iter 755/2000: rollout平均ep報酬=   195.1 (エピソード数  8) policy_loss=-0.0191 value_loss=  47.836 entropy=-1.766 (この反復   2.3秒, 累計  35.0分)
    → 決定的方策の評価: best_reward候補 = 1073.2 (これまでのベスト = 1232.3)
  iter 756/2000: rollout平均ep報酬=   269.5 (エピソード数  4) policy_loss=+0.0167 value_loss=  48.635 entropy=-1.766 (この反復   2.4秒, 累計  35.0分)
  iter 757/2000: rollout平均ep報酬=   151.3 (エピソード数  7) policy_loss=-0.0370 value_loss=  44.236 entropy=-1.775 (この反復   2.4秒, 累計  35.1分)
  iter 758/2000: rollout平均ep報酬=   322.3 (エピソード数  5) policy_loss=-0.0800 value_loss=  15.690 entropy=-1.775 (この反復   2.5秒, 累計  35.1分)
  iter 759/2000: rollout平均ep報酬=   269.0 (エピソード数  4) policy_loss=+0.0105 value_loss=  46.480 entropy=-1.769 (この反復   2.3秒, 累計  35.2分)
  iter 760/2000: rollout平均ep報酬=    51.8 (エピソード数  9) policy_loss=+0.0106 value_loss= 117.498 entropy=-1.767 (この反復   2.3秒, 累計  35.2分)
    → 決定的方策の評価: best_reward候補 = 1069.6 (これまでのベスト = 1232.3)
  [checkpoint] これまでのベスト重みを ev3way_w1.npy/ev3way_w2.npy に中間保存しました
  iter 761/2000: rollout平均ep報酬=   505.0 (エピソード数  5) policy_loss=+0.0468 value_loss=  86.553 entropy=-1.753 (この反復   2.6秒, 累計  35.3分)
  iter 762/2000: rollout平均ep報酬=   314.3 (エピソード数  6) policy_loss=+0.0281 value_loss=  30.014 entropy=-1.755 (この反復   2.3秒, 累計  35.3分)
  iter 763/2000: rollout平均ep報酬=   499.6 (エピソード数  4) policy_loss=-0.0175 value_loss=   7.506 entropy=-1.771 (この反復   2.4秒, 累計  35.4分)
  iter 764/2000: rollout平均ep報酬=   152.2 (エピソード数  7) policy_loss=+0.0887 value_loss= 123.396 entropy=-1.783 (この反復   2.5秒, 累計  35.4分)
  iter 765/2000: rollout平均ep報酬=   113.0 (エピソード数 10) policy_loss=+0.0190 value_loss=  33.996 entropy=-1.770 (この反復   2.4秒, 累計  35.4分)
    → 決定的方策の評価: best_reward候補 = 1064.1 (これまでのベスト = 1232.3)
  iter 766/2000: rollout平均ep報酬=   250.2 (エピソード数  8) policy_loss=-0.0383 value_loss=  16.087 entropy=-1.779 (この反復   2.4秒, 累計  35.5分)
  iter 767/2000: rollout平均ep報酬=    83.1 (エピソード数 10) policy_loss=+0.0480 value_loss=  64.226 entropy=-1.770 (この反復   2.3秒, 累計  35.6分)
  iter 768/2000: rollout平均ep報酬=   142.3 (エピソード数  9) policy_loss=-0.0060 value_loss=  74.412 entropy=-1.765 (この反復   2.3秒, 累計  35.6分)
  iter 769/2000: rollout平均ep報酬=   155.4 (エピソード数  7) policy_loss=-0.0576 value_loss=  29.718 entropy=-1.770 (この反復   2.5秒, 累計  35.6分)
  iter 770/2000: rollout平均ep報酬=   133.7 (エピソード数  6) policy_loss=-0.0331 value_loss=  77.354 entropy=-1.766 (この反復   2.4秒, 累計  35.7分)
    → 決定的方策の評価: best_reward候補 = 638.8 (これまでのベスト = 1232.3)
  [checkpoint] これまでのベスト重みを ev3way_w1.npy/ev3way_w2.npy に中間保存しました
  iter 771/2000: rollout平均ep報酬=   346.0 (エピソード数  4) policy_loss=-0.0644 value_loss=  35.345 entropy=-1.766 (この反復   2.3秒, 累計  35.7分)
  iter 772/2000: rollout平均ep報酬=   323.8 (エピソード数  7) policy_loss=+0.0241 value_loss=  95.736 entropy=-1.766 (この反復   2.6秒, 累計  35.8分)
  iter 773/2000: rollout平均ep報酬=   440.2 (エピソード数  4) policy_loss=-0.0205 value_loss=  52.044 entropy=-1.773 (この反復   2.4秒, 累計  35.8分)
  iter 774/2000: rollout平均ep報酬=   304.4 (エピソード数  6) policy_loss=+0.0714 value_loss=  87.060 entropy=-1.785 (この反復   2.4秒, 累計  35.9分)
  iter 775/2000: rollout平均ep報酬=    53.2 (エピソード数  7) policy_loss=-0.0060 value_loss=  34.145 entropy=-1.795 (この反復   2.4秒, 累計  35.9分)
    → 決定的方策の評価: best_reward候補 = 651.8 (これまでのベスト = 1232.3)
  iter 776/2000: rollout平均ep報酬=   206.1 (エピソード数  8) policy_loss=-0.0230 value_loss=  57.961 entropy=-1.793 (この反復   2.4秒, 累計  36.0分)
  iter 777/2000: rollout平均ep報酬=   204.7 (エピソード数  7) policy_loss=-0.0095 value_loss=  36.222 entropy=-1.798 (この反復   2.4秒, 累計  36.0分)
  iter 778/2000: rollout平均ep報酬=   335.5 (エピソード数  6) policy_loss=-0.0374 value_loss=  16.232 entropy=-1.835 (この反復   2.4秒, 累計  36.0分)
  iter 779/2000: rollout平均ep報酬=   103.4 (エピソード数  9) policy_loss=-0.0807 value_loss=  37.519 entropy=-1.845 (この反復   2.5秒, 累計  36.1分)
  iter 780/2000: rollout平均ep報酬=   168.2 (エピソード数  8) policy_loss=+0.0340 value_loss= 128.362 entropy=-1.846 (この反復   2.2秒, 累計  36.1分)
    → 決定的方策の評価: best_reward候補 = 651.1 (これまでのベスト = 1232.3)
  [checkpoint] これまでのベスト重みを ev3way_w1.npy/ev3way_w2.npy に中間保存しました
  iter 781/2000: rollout平均ep報酬=   413.7 (エピソード数  4) policy_loss=-0.0722 value_loss= 106.558 entropy=-1.853 (この反復   2.5秒, 累計  36.2分)
  iter 782/2000: rollout平均ep報酬=    40.0 (エピソード数 13) policy_loss=+0.0320 value_loss= 118.046 entropy=-1.841 (この反復   2.5秒, 累計  36.2分)
  iter 783/2000: rollout平均ep報酬=   195.6 (エピソード数  8) policy_loss=+0.0481 value_loss= 126.532 entropy=-1.840 (この反復   2.4秒, 累計  36.3分)
  iter 784/2000: rollout平均ep報酬=    51.7 (エピソード数 11) policy_loss=+0.0747 value_loss= 193.195 entropy=-1.844 (この反復   2.3秒, 累計  36.3分)
  iter 785/2000: rollout平均ep報酬=   215.9 (エピソード数  8) policy_loss=-0.0437 value_loss=  58.204 entropy=-1.851 (この反復   2.4秒, 累計  36.3分)
    → 決定的方策の評価: best_reward候補 = 1084.1 (これまでのベスト = 1232.3)
  iter 786/2000: rollout平均ep報酬=   487.7 (エピソード数  4) policy_loss=+0.0254 value_loss=  32.586 entropy=-1.850 (この反復   2.4秒, 累計  36.4分)
  iter 787/2000: rollout平均ep報酬=    82.8 (エピソード数 11) policy_loss=-0.0473 value_loss=  58.383 entropy=-1.845 (この反復   2.5秒, 累計  36.5分)
  iter 788/2000: rollout平均ep報酬=   422.0 (エピソード数  5) policy_loss=+0.0125 value_loss= 116.114 entropy=-1.843 (この反復   2.4秒, 累計  36.5分)
  iter 789/2000: rollout平均ep報酬=   445.3 (エピソード数  5) policy_loss=+0.0456 value_loss=  59.117 entropy=-1.852 (この反復   2.4秒, 累計  36.6分)
  iter 790/2000: rollout平均ep報酬=   115.0 (エピソード数 11) policy_loss=+0.0051 value_loss=  60.533 entropy=-1.841 (この反復   2.4秒, 累計  36.6分)
    → 決定的方策の評価: best_reward候補 = 646.8 (これまでのベスト = 1232.3)
  [checkpoint] これまでのベスト重みを ev3way_w1.npy/ev3way_w2.npy に中間保存しました
  iter 791/2000: rollout平均ep報酬=   473.1 (エピソード数  5) policy_loss=+0.0225 value_loss=  43.567 entropy=-1.849 (この反復   2.5秒, 累計  36.7分)
  iter 792/2000: rollout平均ep報酬=   533.9 (エピソード数  5) policy_loss=-0.0144 value_loss=  28.239 entropy=-1.848 (この反復   2.5秒, 累計  36.7分)
  iter 793/2000: rollout平均ep報酬=   239.4 (エピソード数  7) policy_loss=+0.0289 value_loss= 126.492 entropy=-1.836 (この反復   2.5秒, 累計  36.8分)
  iter 794/2000: rollout平均ep報酬=   491.9 (エピソード数  5) policy_loss=-0.0273 value_loss=  43.870 entropy=-1.838 (この反復   2.3秒, 累計  36.8分)
  iter 795/2000: rollout平均ep報酬=   367.9 (エピソード数  5) policy_loss=+0.0120 value_loss=  21.554 entropy=-1.843 (この反復   2.3秒, 累計  36.8分)
    → 決定的方策の評価: best_reward候補 = 1088.8 (これまでのベスト = 1232.3)
  iter 796/2000: rollout平均ep報酬=   497.1 (エピソード数  5) policy_loss=-0.0046 value_loss=  58.272 entropy=-1.849 (この反復   2.5秒, 累計  36.9分)
  iter 797/2000: rollout平均ep報酬=   322.9 (エピソード数  6) policy_loss=-0.0063 value_loss=  34.002 entropy=-1.848 (この反復   2.6秒, 累計  37.0分)
  iter 798/2000: rollout平均ep報酬=   603.6 (エピソード数  4) policy_loss=-0.0335 value_loss=  12.901 entropy=-1.859 (この反復   2.6秒, 累計  37.0分)
  iter 799/2000: rollout平均ep報酬=   250.8 (エピソード数  5) policy_loss=-0.0138 value_loss=  40.873 entropy=-1.861 (この反復   2.7秒, 累計  37.0分)
  iter 800/2000: rollout平均ep報酬=   229.7 (エピソード数  6) policy_loss=+0.0662 value_loss= 150.967 entropy=-1.859 (この反復   2.5秒, 累計  37.1分)
    → 決定的方策の評価: best_reward候補 = 1101.2 (これまでのベスト = 1232.3)
  [checkpoint] これまでのベスト重みを ev3way_w1.npy/ev3way_w2.npy に中間保存しました
  iter 801/2000: rollout平均ep報酬=   304.7 (エピソード数  5) policy_loss=-0.0072 value_loss=  56.011 entropy=-1.855 (この反復   2.5秒, 累計  37.2分)
  iter 802/2000: rollout平均ep報酬=   682.0 (エピソード数  4) policy_loss=-0.0337 value_loss=  28.949 entropy=-1.868 (この反復   2.5秒, 累計  37.2分)
  iter 803/2000: rollout平均ep報酬=   420.7 (エピソード数  5) policy_loss=+0.1346 value_loss=  39.578 entropy=-1.877 (この反復   2.2秒, 累計  37.2分)
  iter 804/2000: rollout平均ep報酬=   588.2 (エピソード数  4) policy_loss=-0.0117 value_loss=  33.310 entropy=-1.867 (この反復   2.4秒, 累計  37.3分)
  iter 805/2000: rollout平均ep報酬=   461.0 (エピソード数  5) policy_loss=-0.0240 value_loss=  23.465 entropy=-1.863 (この反復   2.3秒, 累計  37.3分)
    → 決定的方策の評価: best_reward候補 = 1111.0 (これまでのベスト = 1232.3)
  iter 806/2000: rollout平均ep報酬=   209.9 (エピソード数  4) policy_loss=+0.0684 value_loss= 149.942 entropy=-1.857 (この反復   2.3秒, 累計  37.4分)
  iter 807/2000: rollout平均ep報酬=   518.1 (エピソード数  4) policy_loss=-0.0589 value_loss=  24.031 entropy=-1.838 (この反復   2.6秒, 累計  37.4分)
  iter 808/2000: rollout平均ep報酬=   530.4 (エピソード数  4) policy_loss=-0.0089 value_loss=  32.178 entropy=-1.856 (この反復   2.5秒, 累計  37.5分)
  iter 809/2000: rollout平均ep報酬=   305.2 (エピソード数  5) policy_loss=-0.0132 value_loss=   9.500 entropy=-1.839 (この反復   2.4秒, 累計  37.5分)
  iter 810/2000: rollout平均ep報酬=    63.6 (エピソード数 10) policy_loss=-0.0991 value_loss=  38.261 entropy=-1.827 (この反復   2.4秒, 累計  37.6分)
    → 決定的方策の評価: best_reward候補 = 1096.5 (これまでのベスト = 1232.3)
  [checkpoint] これまでのベスト重みを ev3way_w1.npy/ev3way_w2.npy に中間保存しました
  iter 811/2000: rollout平均ep報酬=   348.1 (エピソード数  5) policy_loss=-0.1025 value_loss=   9.506 entropy=-1.806 (この反復   2.4秒, 累計  37.6分)
  iter 812/2000: rollout平均ep報酬=   406.2 (エピソード数  5) policy_loss=-0.1055 value_loss=  12.109 entropy=-1.822 (この反復   2.2秒, 累計  37.7分)
  iter 813/2000: rollout平均ep報酬=   134.1 (エピソード数  9) policy_loss=-0.0296 value_loss=  80.953 entropy=-1.820 (この反復   2.3秒, 累計  37.7分)
  iter 814/2000: rollout平均ep報酬=   625.9 (エピソード数  4) policy_loss=+0.0341 value_loss=   5.353 entropy=-1.827 (この反復   2.5秒, 累計  37.8分)
  iter 815/2000: rollout平均ep報酬=   209.5 (エピソード数  6) policy_loss=+0.0329 value_loss=  71.435 entropy=-1.828 (この反復   2.4秒, 累計  37.8分)
    → 決定的方策の評価: best_reward候補 = 1108.5 (これまでのベスト = 1232.3)
  iter 816/2000: rollout平均ep報酬=  1003.5 (エピソード数  4) policy_loss=-0.0599 value_loss=   2.647 entropy=-1.834 (この反復   2.3秒, 累計  37.9分)
  iter 817/2000: rollout平均ep報酬=   403.1 (エピソード数  4) policy_loss=-0.0091 value_loss=  24.851 entropy=-1.829 (この反復   2.3秒, 累計  37.9分)
  iter 818/2000: rollout平均ep報酬=   473.6 (エピソード数  5) policy_loss=+0.0307 value_loss=  98.909 entropy=-1.828 (この反復   2.3秒, 累計  38.0分)
  iter 819/2000: rollout平均ep報酬=   297.0 (エピソード数  7) policy_loss=+0.0462 value_loss=  72.975 entropy=-1.823 (この反復   2.5秒, 累計  38.0分)
  iter 820/2000: rollout平均ep報酬=   271.6 (エピソード数  7) policy_loss=+0.0064 value_loss=  40.594 entropy=-1.820 (この反復   2.4秒, 累計  38.0分)
    → 決定的方策の評価: best_reward候補 = 1114.6 (これまでのベスト = 1232.3)
  [checkpoint] これまでのベスト重みを ev3way_w1.npy/ev3way_w2.npy に中間保存しました
  iter 821/2000: rollout平均ep報酬=   462.6 (エピソード数  4) policy_loss=-0.0766 value_loss=   7.199 entropy=-1.818 (この反復   2.3秒, 累計  38.1分)
  iter 822/2000: rollout平均ep報酬=   383.6 (エピソード数  6) policy_loss=-0.0197 value_loss=  74.491 entropy=-1.819 (この反復   2.3秒, 累計  38.1分)
  iter 823/2000: rollout平均ep報酬=   715.7 (エピソード数  4) policy_loss=-0.0405 value_loss=  42.777 entropy=-1.816 (この反復   2.3秒, 累計  38.2分)
  iter 824/2000: rollout平均ep報酬=   623.2 (エピソード数  4) policy_loss=-0.0450 value_loss=   5.793 entropy=-1.836 (この反復   2.4秒, 累計  38.2分)
  iter 825/2000: rollout平均ep報酬=   237.7 (エピソード数  5) policy_loss=-0.0616 value_loss=  26.506 entropy=-1.832 (この反復   2.3秒, 累計  38.3分)
    → 決定的方策の評価: best_reward候補 = 1076.6 (これまでのベスト = 1232.3)
  iter 826/2000: rollout平均ep報酬=    19.2 (エピソード数 11) policy_loss=+0.0638 value_loss= 164.535 entropy=-1.833 (この反復   2.4秒, 累計  38.3分)
  iter 827/2000: rollout平均ep報酬=   287.4 (エピソード数  4) policy_loss=+0.0166 value_loss=  62.539 entropy=-1.840 (この反復   2.3秒, 累計  38.4分)
  iter 828/2000: rollout平均ep報酬=   684.2 (エピソード数  4) policy_loss=+0.0699 value_loss=  62.953 entropy=-1.835 (この反復   2.4秒, 累計  38.4分)
  iter 829/2000: rollout平均ep報酬=   597.9 (エピソード数  4) policy_loss=+0.0460 value_loss=  37.076 entropy=-1.841 (この反復   2.4秒, 累計  38.4分)
  iter 830/2000: rollout平均ep報酬=   676.9 (エピソード数  4) policy_loss=+0.0026 value_loss=  20.340 entropy=-1.839 (この反復   2.5秒, 累計  38.5分)
    → 決定的方策の評価: best_reward候補 = 1086.8 (これまでのベスト = 1232.3)
  [checkpoint] これまでのベスト重みを ev3way_w1.npy/ev3way_w2.npy に中間保存しました
  iter 831/2000: rollout平均ep報酬=    85.3 (エピソード数 11) policy_loss=-0.0231 value_loss=  35.133 entropy=-1.835 (この反復   2.4秒, 累計  38.6分)
  iter 832/2000: rollout平均ep報酬=   260.2 (エピソード数  7) policy_loss=+0.0328 value_loss=  60.132 entropy=-1.831 (この反復   2.4秒, 累計  38.6分)
  iter 833/2000: rollout平均ep報酬=   862.0 (エピソード数  4) policy_loss=-0.0553 value_loss=   8.820 entropy=-1.832 (この反復   2.3秒, 累計  38.6分)
  iter 834/2000: rollout平均ep報酬=   666.9 (エピソード数  4) policy_loss=-0.0018 value_loss=   9.804 entropy=-1.833 (この反復   2.3秒, 累計  38.7分)
  iter 835/2000: rollout平均ep報酬=   199.7 (エピソード数  7) policy_loss=-0.0367 value_loss=  74.117 entropy=-1.831 (この反復   2.3秒, 累計  38.7分)
    → 決定的方策の評価: best_reward候補 = 1103.8 (これまでのベスト = 1232.3)
  iter 836/2000: rollout平均ep報酬=   455.7 (エピソード数  4) policy_loss=+0.0326 value_loss=  53.458 entropy=-1.839 (この反復   2.3秒, 累計  38.8分)
  iter 837/2000: rollout平均ep報酬=   734.5 (エピソード数  4) policy_loss=-0.0218 value_loss=  59.540 entropy=-1.841 (この反復   2.2秒, 累計  38.8分)
  iter 838/2000: rollout平均ep報酬=   319.8 (エピソード数  5) policy_loss=-0.0654 value_loss=  17.007 entropy=-1.835 (この反復   2.7秒, 累計  38.9分)
  iter 839/2000: rollout平均ep報酬=   405.0 (エピソード数  6) policy_loss=+0.0038 value_loss=  46.189 entropy=-1.840 (この反復   2.3秒, 累計  38.9分)
  iter 840/2000: rollout平均ep報酬=   489.9 (エピソード数  4) policy_loss=-0.0485 value_loss=  13.666 entropy=-1.861 (この反復   2.5秒, 累計  39.0分)
    → 決定的方策の評価: best_reward候補 = 1104.9 (これまでのベスト = 1232.3)
  [checkpoint] これまでのベスト重みを ev3way_w1.npy/ev3way_w2.npy に中間保存しました
  iter 841/2000: rollout平均ep報酬=   190.9 (エピソード数  9) policy_loss=-0.0798 value_loss=  39.409 entropy=-1.859 (この反復   2.4秒, 累計  39.0分)
  iter 842/2000: rollout平均ep報酬=   605.4 (エピソード数  4) policy_loss=+0.0629 value_loss=  97.722 entropy=-1.854 (この反復   2.5秒, 累計  39.1分)
  iter 843/2000: rollout平均ep報酬=   538.1 (エピソード数  4) policy_loss=-0.0164 value_loss=  28.991 entropy=-1.849 (この反復   2.5秒, 累計  39.1分)
  iter 844/2000: rollout平均ep報酬=   479.9 (エピソード数  5) policy_loss=-0.0633 value_loss=  60.121 entropy=-1.852 (この反復   2.6秒, 累計  39.2分)
  iter 845/2000: rollout平均ep報酬=   602.4 (エピソード数  4) policy_loss=+0.0685 value_loss=  38.101 entropy=-1.862 (この反復   2.6秒, 累計  39.2分)
    → 決定的方策の評価: best_reward候補 = 1093.8 (これまでのベスト = 1232.3)
  iter 846/2000: rollout平均ep報酬=   344.5 (エピソード数  4) policy_loss=+0.0682 value_loss=  45.296 entropy=-1.874 (この反復   2.2秒, 累計  39.3分)
  iter 847/2000: rollout平均ep報酬=   259.7 (エピソード数  4) policy_loss=+0.0105 value_loss=  47.489 entropy=-1.871 (この反復   2.4秒, 累計  39.3分)
  iter 848/2000: rollout平均ep報酬=   318.4 (エピソード数  6) policy_loss=+0.0432 value_loss=  28.983 entropy=-1.863 (この反復   2.4秒, 累計  39.4分)
  iter 849/2000: rollout平均ep報酬=   765.2 (エピソード数  4) policy_loss=+0.0033 value_loss=  11.260 entropy=-1.891 (この反復   2.4秒, 累計  39.4分)
  iter 850/2000: rollout平均ep報酬=   364.5 (エピソード数  5) policy_loss=+0.0177 value_loss=  48.813 entropy=-1.878 (この反復   2.4秒, 累計  39.5分)
    → 決定的方策の評価: best_reward候補 = 1104.1 (これまでのベスト = 1232.3)
  [checkpoint] これまでのベスト重みを ev3way_w1.npy/ev3way_w2.npy に中間保存しました
  iter 851/2000: rollout平均ep報酬=   242.9 (エピソード数  5) policy_loss=+0.0825 value_loss= 100.447 entropy=-1.879 (この反復   2.6秒, 累計  39.5分)
  iter 852/2000: rollout平均ep報酬=   358.0 (エピソード数  6) policy_loss=+0.0539 value_loss=  68.203 entropy=-1.882 (この反復   2.5秒, 累計  39.6分)
  iter 853/2000: rollout平均ep報酬=   753.1 (エピソード数  4) policy_loss=+0.0643 value_loss=  18.109 entropy=-1.893 (この反復   2.7秒, 累計  39.6分)
  iter 854/2000: rollout平均ep報酬=   839.9 (エピソード数  4) policy_loss=-0.0263 value_loss=   7.071 entropy=-1.924 (この反復   2.3秒, 累計  39.7分)
  iter 855/2000: rollout平均ep報酬=   115.3 (エピソード数  8) policy_loss=+0.0168 value_loss=  98.003 entropy=-1.925 (この反復   2.3秒, 累計  39.7分)
    → 決定的方策の評価: best_reward候補 = 1095.5 (これまでのベスト = 1232.3)
  iter 856/2000: rollout平均ep報酬=   365.6 (エピソード数  6) policy_loss=-0.0369 value_loss=  20.878 entropy=-1.926 (この反復   2.5秒, 累計  39.8分)
  iter 857/2000: rollout平均ep報酬=    17.2 (エピソード数  4) policy_loss=+0.0694 value_loss=  58.566 entropy=-1.928 (この反復   2.3秒, 累計  39.8分)
  iter 858/2000: rollout平均ep報酬=   675.9 (エピソード数  4) policy_loss=+0.0428 value_loss=  22.792 entropy=-1.918 (この反復   2.6秒, 累計  39.9分)
  iter 859/2000: rollout平均ep報酬=   365.4 (エピソード数  4) policy_loss=-0.1290 value_loss= 170.477 entropy=-1.917 (この反復   2.3秒, 累計  39.9分)
  iter 860/2000: rollout平均ep報酬=   628.7 (エピソード数  4) policy_loss=-0.0768 value_loss=  12.263 entropy=-1.911 (この反復   2.3秒, 累計  39.9分)
    → 決定的方策の評価: best_reward候補 = 1099.3 (これまでのベスト = 1232.3)
  [checkpoint] これまでのベスト重みを ev3way_w1.npy/ev3way_w2.npy に中間保存しました
  iter 861/2000: rollout平均ep報酬=   452.9 (エピソード数  4) policy_loss=+0.0377 value_loss=  46.878 entropy=-1.914 (この反復   2.3秒, 累計  40.0分)
  iter 862/2000: rollout平均ep報酬=   344.5 (エピソード数  5) policy_loss=+0.0342 value_loss=  38.570 entropy=-1.910 (この反復   2.3秒, 累計  40.1分)
  iter 863/2000: rollout平均ep報酬=   403.4 (エピソード数  5) policy_loss=+0.0768 value_loss=  62.001 entropy=-1.921 (この反復   2.3秒, 累計  40.1分)
  iter 864/2000: rollout平均ep報酬=   263.9 (エピソード数  7) policy_loss=+0.0010 value_loss=  23.328 entropy=-1.915 (この反復   2.4秒, 累計  40.1分)
  iter 865/2000: rollout平均ep報酬=   572.7 (エピソード数  4) policy_loss=+0.0025 value_loss=  23.686 entropy=-1.913 (この反復   2.5秒, 累計  40.2分)
    → 決定的方策の評価: best_reward候補 = 1098.0 (これまでのベスト = 1232.3)
  iter 866/2000: rollout平均ep報酬=   263.1 (エピソード数  5) policy_loss=-0.0566 value_loss=  28.140 entropy=-1.914 (この反復   2.4秒, 累計  40.3分)
  iter 867/2000: rollout平均ep報酬=    17.9 (エピソード数  9) policy_loss=-0.0107 value_loss= 124.676 entropy=-1.919 (この反復   2.5秒, 累計  40.3分)
  iter 868/2000: rollout平均ep報酬=   397.4 (エピソード数  4) policy_loss=-0.0633 value_loss=  28.988 entropy=-1.929 (この反復   2.4秒, 累計  40.3分)
  iter 869/2000: rollout平均ep報酬=   571.4 (エピソード数  4) policy_loss=-0.0073 value_loss=  20.396 entropy=-1.929 (この反復   2.5秒, 累計  40.4分)
  iter 870/2000: rollout平均ep報酬=   267.9 (エピソード数  6) policy_loss=-0.0631 value_loss=  17.717 entropy=-1.927 (この反復   2.4秒, 累計  40.4分)
    → 決定的方策の評価: best_reward候補 = 1094.8 (これまでのベスト = 1232.3)
  [checkpoint] これまでのベスト重みを ev3way_w1.npy/ev3way_w2.npy に中間保存しました
  iter 871/2000: rollout平均ep報酬=   158.5 (エピソード数  7) policy_loss=-0.0505 value_loss=  33.429 entropy=-1.926 (この反復   2.5秒, 累計  40.5分)
  iter 872/2000: rollout平均ep報酬=   332.9 (エピソード数  6) policy_loss=+0.0171 value_loss=  27.399 entropy=-1.927 (この反復   2.4秒, 累計  40.5分)
  iter 873/2000: rollout平均ep報酬=   237.5 (エピソード数  8) policy_loss=-0.1332 value_loss=   7.036 entropy=-1.955 (この反復   2.6秒, 累計  40.6分)
  iter 874/2000: rollout平均ep報酬=   245.7 (エピソード数  7) policy_loss=-0.0326 value_loss=  13.584 entropy=-1.966 (この反復   2.6秒, 累計  40.6分)
  iter 875/2000: rollout平均ep報酬=   100.2 (エピソード数 10) policy_loss=+0.0472 value_loss=  52.140 entropy=-1.966 (この反復   2.4秒, 累計  40.7分)
    → 決定的方策の評価: best_reward候補 = 1096.0 (これまでのベスト = 1232.3)
  iter 876/2000: rollout平均ep報酬=   822.2 (エピソード数  4) policy_loss=+0.0411 value_loss=   8.629 entropy=-1.990 (この反復   2.5秒, 累計  40.7分)
  iter 877/2000: rollout平均ep報酬=   249.2 (エピソード数  8) policy_loss=-0.0030 value_loss=  52.439 entropy=-1.981 (この反復   2.6秒, 累計  40.8分)
  iter 878/2000: rollout平均ep報酬=    99.1 (エピソード数 12) policy_loss=+0.0268 value_loss= 171.597 entropy=-1.979 (この反復   2.4秒, 累計  40.8分)
  iter 879/2000: rollout平均ep報酬=   112.1 (エピソード数  8) policy_loss=-0.0143 value_loss=  75.064 entropy=-1.980 (この反復   2.6秒, 累計  40.9分)
  iter 880/2000: rollout平均ep報酬=   157.5 (エピソード数  5) policy_loss=-0.0221 value_loss=  66.763 entropy=-1.989 (この反復   2.4秒, 累計  40.9分)
    → 決定的方策の評価: best_reward候補 = 1110.4 (これまでのベスト = 1232.3)
  [checkpoint] これまでのベスト重みを ev3way_w1.npy/ev3way_w2.npy に中間保存しました
  iter 881/2000: rollout平均ep報酬=   277.2 (エピソード数  7) policy_loss=-0.0207 value_loss= 279.919 entropy=-1.988 (この反復   2.5秒, 累計  41.0分)
  iter 882/2000: rollout平均ep報酬=   496.4 (エピソード数  4) policy_loss=+0.0116 value_loss=  59.695 entropy=-1.991 (この反復   2.4秒, 累計  41.0分)
  iter 883/2000: rollout平均ep報酬=   142.0 (エピソード数  9) policy_loss=-0.0082 value_loss= 120.030 entropy=-1.979 (この反復   2.3秒, 累計  41.1分)
  iter 884/2000: rollout平均ep報酬=   -35.6 (エピソード数 10) policy_loss=+0.0547 value_loss=  79.494 entropy=-1.969 (この反復   2.5秒, 累計  41.1分)
  iter 885/2000: rollout平均ep報酬=   486.5 (エピソード数  5) policy_loss=-0.0579 value_loss=   5.166 entropy=-1.985 (この反復   2.5秒, 累計  41.1分)
    → 決定的方策の評価: best_reward候補 = 1118.9 (これまでのベスト = 1232.3)
  iter 886/2000: rollout平均ep報酬=   726.1 (エピソード数  4) policy_loss=-0.0383 value_loss=  47.828 entropy=-1.979 (この反復   2.5秒, 累計  41.2分)
  iter 887/2000: rollout平均ep報酬=   281.0 (エピソード数  7) policy_loss=-0.0486 value_loss=  42.167 entropy=-1.978 (この反復   2.3秒, 累計  41.3分)
  iter 888/2000: rollout平均ep報酬=    62.5 (エピソード数  8) policy_loss=+0.0299 value_loss=  40.029 entropy=-1.980 (この反復   2.4秒, 累計  41.3分)
  iter 889/2000: rollout平均ep報酬=   520.2 (エピソード数  5) policy_loss=-0.0716 value_loss=  19.303 entropy=-1.983 (この反復   2.6秒, 累計  41.3分)
  iter 890/2000: rollout平均ep報酬=   380.3 (エピソード数  5) policy_loss=+0.0319 value_loss=  76.110 entropy=-1.978 (この反復   2.4秒, 累計  41.4分)
    → 決定的方策の評価: best_reward候補 = 1105.9 (これまでのベスト = 1232.3)
  [checkpoint] これまでのベスト重みを ev3way_w1.npy/ev3way_w2.npy に中間保存しました
  iter 891/2000: rollout平均ep報酬=    63.9 (エピソード数  5) policy_loss=-0.0204 value_loss=  37.385 entropy=-1.981 (この反復   2.4秒, 累計  41.5分)
  iter 892/2000: rollout平均ep報酬=   608.1 (エピソード数  4) policy_loss=+0.0855 value_loss= 104.841 entropy=-1.990 (この反復   2.4秒, 累計  41.5分)
  iter 893/2000: rollout平均ep報酬=   352.6 (エピソード数  7) policy_loss=-0.0299 value_loss=  36.717 entropy=-1.990 (この反復   2.6秒, 累計  41.5分)
  iter 894/2000: rollout平均ep報酬=   235.7 (エピソード数  9) policy_loss=-0.0165 value_loss=  58.680 entropy=-1.980 (この反復   2.6秒, 累計  41.6分)
  iter 895/2000: rollout平均ep報酬=   512.5 (エピソード数  4) policy_loss=+0.0281 value_loss=  38.914 entropy=-1.983 (この反復   2.3秒, 累計  41.6分)
    → 決定的方策の評価: best_reward候補 = 1111.2 (これまでのベスト = 1232.3)
  iter 896/2000: rollout平均ep報酬=   209.1 (エピソード数  5) policy_loss=-0.0977 value_loss=  57.142 entropy=-1.982 (この反復   2.2秒, 累計  41.7分)
  iter 897/2000: rollout平均ep報酬=   256.1 (エピソード数  8) policy_loss=+0.0614 value_loss= 115.310 entropy=-1.979 (この反復   2.5秒, 累計  41.7分)
  iter 898/2000: rollout平均ep報酬=   496.2 (エピソード数  4) policy_loss=+0.0491 value_loss=  47.814 entropy=-1.979 (この反復   2.5秒, 累計  41.8分)
  iter 899/2000: rollout平均ep報酬=   266.6 (エピソード数  7) policy_loss=-0.0257 value_loss=  15.536 entropy=-1.987 (この反復   2.4秒, 累計  41.8分)
  iter 900/2000: rollout平均ep報酬=   235.0 (エピソード数  7) policy_loss=+0.0085 value_loss=  88.063 entropy=-1.992 (この反復   2.3秒, 累計  41.9分)
    → 決定的方策の評価: best_reward候補 = 1116.1 (これまでのベスト = 1232.3)
  [checkpoint] これまでのベスト重みを ev3way_w1.npy/ev3way_w2.npy に中間保存しました
  iter 901/2000: rollout平均ep報酬=   325.2 (エピソード数  5) policy_loss=+0.0179 value_loss=  39.379 entropy=-1.991 (この反復   2.3秒, 累計  41.9分)
  iter 902/2000: rollout平均ep報酬=   191.1 (エピソード数  6) policy_loss=+0.0128 value_loss=  29.579 entropy=-1.993 (この反復   2.4秒, 累計  42.0分)
  iter 903/2000: rollout平均ep報酬=   355.1 (エピソード数  7) policy_loss=+0.0284 value_loss=  74.587 entropy=-1.994 (この反復   2.5秒, 累計  42.0分)
  iter 904/2000: rollout平均ep報酬=   433.4 (エピソード数  5) policy_loss=-0.0339 value_loss=  58.914 entropy=-1.996 (この反復   2.5秒, 累計  42.1分)
  iter 905/2000: rollout平均ep報酬=   584.8 (エピソード数  4) policy_loss=-0.0674 value_loss=  28.557 entropy=-2.002 (この反復   2.4秒, 累計  42.1分)
    → 決定的方策の評価: best_reward候補 = 863.6 (これまでのベスト = 1232.3)
  iter 906/2000: rollout平均ep報酬=   451.8 (エピソード数  6) policy_loss=+0.0602 value_loss=  44.603 entropy=-1.993 (この反復   2.6秒, 累計  42.2分)
  iter 907/2000: rollout平均ep報酬=   708.0 (エピソード数  4) policy_loss=-0.0121 value_loss=  41.695 entropy=-1.986 (この反復   2.4秒, 累計  42.2分)
  iter 908/2000: rollout平均ep報酬=   205.4 (エピソード数  8) policy_loss=-0.0863 value_loss=  24.621 entropy=-1.983 (この反復   2.2秒, 累計  42.3分)
  iter 909/2000: rollout平均ep報酬=   341.8 (エピソード数  6) policy_loss=-0.1003 value_loss=  21.763 entropy=-1.980 (この反復   2.5秒, 累計  42.3分)
  iter 910/2000: rollout平均ep報酬=   704.8 (エピソード数  4) policy_loss=+0.0236 value_loss=  84.610 entropy=-1.961 (この反復   2.6秒, 累計  42.3分)
    → 決定的方策の評価: best_reward候補 = 1102.9 (これまでのベスト = 1232.3)
  [checkpoint] これまでのベスト重みを ev3way_w1.npy/ev3way_w2.npy に中間保存しました
  iter 911/2000: rollout平均ep報酬=   653.2 (エピソード数  4) policy_loss=-0.1094 value_loss=  16.336 entropy=-1.960 (この反復   2.4秒, 累計  42.4分)
  iter 912/2000: rollout平均ep報酬=   864.2 (エピソード数  4) policy_loss=-0.0230 value_loss=  13.276 entropy=-1.952 (この反復   2.4秒, 累計  42.5分)
  iter 913/2000: rollout平均ep報酬=   308.0 (エピソード数  6) policy_loss=-0.0027 value_loss=   9.977 entropy=-1.956 (この反復   2.4秒, 累計  42.5分)
  iter 914/2000: rollout平均ep報酬=    63.7 (エピソード数 10) policy_loss=+0.0843 value_loss= 138.808 entropy=-1.954 (この反復   2.4秒, 累計  42.5分)
  iter 915/2000: rollout平均ep報酬=   496.8 (エピソード数  4) policy_loss=+0.0761 value_loss= 104.168 entropy=-1.960 (この反復   2.4秒, 累計  42.6分)
    → 決定的方策の評価: best_reward候補 = 1103.5 (これまでのベスト = 1232.3)
  iter 916/2000: rollout平均ep報酬=   644.7 (エピソード数  4) policy_loss=+0.0306 value_loss= 177.221 entropy=-1.959 (この反復   2.5秒, 累計  42.7分)
  iter 917/2000: rollout平均ep報酬=   223.3 (エピソード数  9) policy_loss=-0.0546 value_loss=  83.521 entropy=-1.959 (この反復   2.7秒, 累計  42.7分)
  iter 918/2000: rollout平均ep報酬=   205.1 (エピソード数  8) policy_loss=+0.0126 value_loss=  72.987 entropy=-1.945 (この反復   2.4秒, 累計  42.8分)
  iter 919/2000: rollout平均ep報酬=   701.5 (エピソード数  4) policy_loss=-0.0061 value_loss=  46.537 entropy=-1.947 (この反復   2.5秒, 累計  42.8分)
  iter 920/2000: rollout平均ep報酬=   475.3 (エピソード数  5) policy_loss=+0.0256 value_loss= 162.815 entropy=-1.957 (この反復   2.3秒, 累計  42.8分)
    → 決定的方策の評価: best_reward候補 = 1088.4 (これまでのベスト = 1232.3)
  [checkpoint] これまでのベスト重みを ev3way_w1.npy/ev3way_w2.npy に中間保存しました
  iter 921/2000: rollout平均ep報酬=   586.3 (エピソード数  4) policy_loss=-0.0305 value_loss=   7.227 entropy=-1.965 (この反復   2.4秒, 累計  42.9分)
  iter 922/2000: rollout平均ep報酬=   333.4 (エピソード数  7) policy_loss=+0.0004 value_loss=  52.443 entropy=-1.965 (この反復   2.4秒, 累計  43.0分)
  iter 923/2000: rollout平均ep報酬=   100.8 (エピソード数 11) policy_loss=+0.0731 value_loss=  89.763 entropy=-1.970 (この反復   2.5秒, 累計  43.0分)
  iter 924/2000: rollout平均ep報酬=   146.3 (エピソード数  9) policy_loss=+0.0264 value_loss= 124.502 entropy=-1.966 (この反復   2.4秒, 累計  43.0分)
  iter 925/2000: rollout平均ep報酬=   213.5 (エピソード数  8) policy_loss=+0.0655 value_loss= 159.024 entropy=-1.963 (この反復   2.4秒, 累計  43.1分)
    → 決定的方策の評価: best_reward候補 = 1098.4 (これまでのベスト = 1232.3)
  iter 926/2000: rollout平均ep報酬=    28.7 (エピソード数  9) policy_loss=-0.0116 value_loss=  87.724 entropy=-1.962 (この反復   2.3秒, 累計  43.2分)
  iter 927/2000: rollout平均ep報酬=   531.5 (エピソード数  4) policy_loss=+0.0604 value_loss=  61.851 entropy=-1.949 (この反復   2.4秒, 累計  43.2分)
  iter 928/2000: rollout平均ep報酬=   384.0 (エピソード数  6) policy_loss=+0.0742 value_loss=  38.103 entropy=-1.950 (この反復   2.4秒, 累計  43.2分)
  iter 929/2000: rollout平均ep報酬=   146.3 (エピソード数 10) policy_loss=-0.1262 value_loss=  74.895 entropy=-1.951 (この反復   2.4秒, 累計  43.3分)
  iter 930/2000: rollout平均ep報酬=   150.5 (エピソード数 11) policy_loss=-0.0540 value_loss=  90.935 entropy=-1.957 (この反復   2.4秒, 累計  43.3分)
    → 決定的方策の評価: best_reward候補 = 1104.3 (これまでのベスト = 1232.3)
  [checkpoint] これまでのベスト重みを ev3way_w1.npy/ev3way_w2.npy に中間保存しました
  iter 931/2000: rollout平均ep報酬=   625.2 (エピソード数  4) policy_loss=-0.0158 value_loss=  41.042 entropy=-1.955 (この反復   2.5秒, 累計  43.4分)
  iter 932/2000: rollout平均ep報酬=   389.3 (エピソード数  6) policy_loss=-0.0079 value_loss=  76.752 entropy=-1.966 (この反復   2.6秒, 累計  43.4分)
  iter 933/2000: rollout平均ep報酬=   228.5 (エピソード数  6) policy_loss=-0.0400 value_loss=  15.433 entropy=-1.969 (この反復   2.2秒, 累計  43.5分)
  iter 934/2000: rollout平均ep報酬=   343.6 (エピソード数  5) policy_loss=+0.0408 value_loss=  28.105 entropy=-1.975 (この反復   2.6秒, 累計  43.5分)
  iter 935/2000: rollout平均ep報酬=   592.9 (エピソード数  4) policy_loss=-0.0230 value_loss=   5.409 entropy=-1.998 (この反復   2.4秒, 累計  43.6分)
    → 決定的方策の評価: best_reward候補 = 870.1 (これまでのベスト = 1232.3)
  iter 936/2000: rollout平均ep報酬=    47.7 (エピソード数 16) policy_loss=+0.0039 value_loss=  49.747 entropy=-1.996 (この反復   2.5秒, 累計  43.6分)
  iter 937/2000: rollout平均ep報酬=    97.8 (エピソード数 10) policy_loss=+0.1010 value_loss= 117.719 entropy=-1.991 (この反復   2.3秒, 累計  43.7分)
  iter 938/2000: rollout平均ep報酬=   498.9 (エピソード数  5) policy_loss=+0.0704 value_loss= 110.072 entropy=-1.987 (この反復   2.7秒, 累計  43.7分)
  iter 939/2000: rollout平均ep報酬=   188.7 (エピソード数  7) policy_loss=-0.0924 value_loss=  35.236 entropy=-1.993 (この反復   2.3秒, 累計  43.8分)
  iter 940/2000: rollout平均ep報酬=   693.3 (エピソード数  4) policy_loss=-0.0165 value_loss=  18.701 entropy=-1.999 (この反復   2.5秒, 累計  43.8分)
    → 決定的方策の評価: best_reward候補 = 1098.5 (これまでのベスト = 1232.3)
  [checkpoint] これまでのベスト重みを ev3way_w1.npy/ev3way_w2.npy に中間保存しました
  iter 941/2000: rollout平均ep報酬=   103.3 (エピソード数  9) policy_loss=+0.0312 value_loss=  61.304 entropy=-1.998 (この反復   2.3秒, 累計  43.9分)
  iter 942/2000: rollout平均ep報酬=   336.3 (エピソード数  4) policy_loss=-0.0501 value_loss=  31.854 entropy=-2.011 (この反復   2.6秒, 累計  43.9分)
  iter 943/2000: rollout平均ep報酬=   677.6 (エピソード数  4) policy_loss=-0.0717 value_loss=  32.042 entropy=-2.009 (この反復   2.5秒, 累計  44.0分)
  iter 944/2000: rollout平均ep報酬=   380.9 (エピソード数  7) policy_loss=+0.0492 value_loss= 201.697 entropy=-2.000 (この反復   2.5秒, 累計  44.0分)
  iter 945/2000: rollout平均ep報酬=   206.3 (エピソード数  8) policy_loss=+0.0200 value_loss=  95.716 entropy=-1.993 (この反復   2.5秒, 累計  44.1分)
    → 決定的方策の評価: best_reward候補 = 1094.1 (これまでのベスト = 1232.3)
  iter 946/2000: rollout平均ep報酬=   207.2 (エピソード数  9) policy_loss=-0.0317 value_loss=  80.235 entropy=-2.000 (この反復   2.5秒, 累計  44.1分)
  iter 947/2000: rollout平均ep報酬=   237.6 (エピソード数  9) policy_loss=-0.0277 value_loss=  13.796 entropy=-2.000 (この反復   2.7秒, 累計  44.2分)
  iter 948/2000: rollout平均ep報酬=   556.1 (エピソード数  4) policy_loss=-0.0600 value_loss=  20.517 entropy=-1.998 (この反復   2.5秒, 累計  44.2分)
  iter 949/2000: rollout平均ep報酬=   215.1 (エピソード数  6) policy_loss=+0.0140 value_loss=  21.049 entropy=-1.989 (この反復   2.4秒, 累計  44.3分)
  iter 950/2000: rollout平均ep報酬=    70.1 (エピソード数 11) policy_loss=-0.0316 value_loss=  39.350 entropy=-1.987 (この反復   2.4秒, 累計  44.3分)
    → 決定的方策の評価: best_reward候補 = 635.1 (これまでのベスト = 1232.3)
  [checkpoint] これまでのベスト重みを ev3way_w1.npy/ev3way_w2.npy に中間保存しました
  iter 951/2000: rollout平均ep報酬=   224.9 (エピソード数  8) policy_loss=+0.0468 value_loss= 120.594 entropy=-2.002 (この反復   2.5秒, 累計  44.4分)
  iter 952/2000: rollout平均ep報酬=   252.6 (エピソード数  7) policy_loss=+0.0869 value_loss= 106.265 entropy=-2.007 (この反復   2.5秒, 累計  44.4分)
  iter 953/2000: rollout平均ep報酬=   352.2 (エピソード数  7) policy_loss=+0.0328 value_loss=  30.517 entropy=-2.007 (この反復   2.7秒, 累計  44.5分)
  iter 954/2000: rollout平均ep報酬=   188.4 (エピソード数  8) policy_loss=+0.0596 value_loss=  51.935 entropy=-2.004 (この反復   2.5秒, 累計  44.5分)
  iter 955/2000: rollout平均ep報酬=   402.8 (エピソード数  5) policy_loss=-0.0397 value_loss=  16.682 entropy=-1.997 (この反復   2.5秒, 累計  44.5分)
    → 決定的方策の評価: best_reward候補 = 623.6 (これまでのベスト = 1232.3)
  iter 956/2000: rollout平均ep報酬=   130.3 (エピソード数 11) policy_loss=-0.0764 value_loss=  10.953 entropy=-1.984 (この反復   2.3秒, 累計  44.6分)
  iter 957/2000: rollout平均ep報酬=   594.5 (エピソード数  5) policy_loss=+0.0207 value_loss=  76.378 entropy=-1.975 (この反復   2.3秒, 累計  44.6分)
  iter 958/2000: rollout平均ep報酬=   537.7 (エピソード数  5) policy_loss=+0.0061 value_loss=  51.113 entropy=-1.971 (この反復   2.6秒, 累計  44.7分)
  iter 959/2000: rollout平均ep報酬=   194.6 (エピソード数  6) policy_loss=-0.0231 value_loss=  38.211 entropy=-1.969 (この反復   2.4秒, 累計  44.7分)
  iter 960/2000: rollout平均ep報酬=   924.9 (エピソード数  4) policy_loss=-0.0000 value_loss=   2.932 entropy=-1.974 (この反復   2.7秒, 累計  44.8分)
    → 決定的方策の評価: best_reward候補 = 646.5 (これまでのベスト = 1232.3)
  [checkpoint] これまでのベスト重みを ev3way_w1.npy/ev3way_w2.npy に中間保存しました
  iter 961/2000: rollout平均ep報酬=   573.0 (エピソード数  4) policy_loss=+0.0230 value_loss=  62.789 entropy=-1.969 (この反復   2.3秒, 累計  44.8分)
  iter 962/2000: rollout平均ep報酬=   888.5 (エピソード数  4) policy_loss=-0.0196 value_loss=  13.536 entropy=-1.953 (この反復   2.6秒, 累計  44.9分)
  iter 963/2000: rollout平均ep報酬=   279.7 (エピソード数  8) policy_loss=+0.0344 value_loss=  99.557 entropy=-1.957 (この反復   2.7秒, 累計  44.9分)
  iter 964/2000: rollout平均ep報酬=   943.7 (エピソード数  4) policy_loss=-0.0676 value_loss=   6.684 entropy=-1.965 (この反復   2.7秒, 累計  45.0分)
  iter 965/2000: rollout平均ep報酬=   725.4 (エピソード数  4) policy_loss=+0.0231 value_loss=  17.354 entropy=-1.989 (この反復   2.4秒, 累計  45.0分)
    → 決定的方策の評価: best_reward候補 = 635.4 (これまでのベスト = 1232.3)
  iter 966/2000: rollout平均ep報酬=   457.3 (エピソード数  5) policy_loss=-0.0404 value_loss=  43.544 entropy=-1.982 (この反復   2.6秒, 累計  45.1分)
  iter 967/2000: rollout平均ep報酬=   364.5 (エピソード数  5) policy_loss=-0.0262 value_loss=  32.561 entropy=-1.989 (この反復   2.4秒, 累計  45.1分)
  iter 968/2000: rollout平均ep報酬=   127.6 (エピソード数  9) policy_loss=-0.0224 value_loss=  48.285 entropy=-1.993 (この反復   2.3秒, 累計  45.2分)
  iter 969/2000: rollout平均ep報酬=   251.2 (エピソード数  5) policy_loss=-0.0776 value_loss=  21.861 entropy=-1.992 (この反復   2.5秒, 累計  45.2分)
  iter 970/2000: rollout平均ep報酬=    71.2 (エピソード数  8) policy_loss=-0.0067 value_loss=  90.379 entropy=-1.990 (この反復   2.5秒, 累計  45.2分)
    → 決定的方策の評価: best_reward候補 = 1092.8 (これまでのベスト = 1232.3)
  [checkpoint] これまでのベスト重みを ev3way_w1.npy/ev3way_w2.npy に中間保存しました
  iter 971/2000: rollout平均ep報酬=   299.4 (エピソード数  8) policy_loss=-0.0452 value_loss=  34.756 entropy=-1.981 (この反復   2.8秒, 累計  45.3分)
  iter 972/2000: rollout平均ep報酬=   200.0 (エピソード数  9) policy_loss=-0.0413 value_loss=  51.007 entropy=-1.975 (この反復   2.6秒, 累計  45.4分)
  iter 973/2000: rollout平均ep報酬=   131.5 (エピソード数  9) policy_loss=-0.0122 value_loss=  62.926 entropy=-1.964 (この反復   2.4秒, 累計  45.4分)
  iter 974/2000: rollout平均ep報酬=   187.5 (エピソード数  8) policy_loss=-0.0579 value_loss=  46.600 entropy=-1.963 (この反復   2.3秒, 累計  45.4分)
  iter 975/2000: rollout平均ep報酬=   160.1 (エピソード数  7) policy_loss=+0.0202 value_loss=  78.695 entropy=-1.963 (この反復   2.4秒, 累計  45.5分)
    → 決定的方策の評価: best_reward候補 = 1098.1 (これまでのベスト = 1232.3)
  iter 976/2000: rollout平均ep報酬=   147.8 (エピソード数  8) policy_loss=+0.0175 value_loss=  40.952 entropy=-1.959 (この反復   2.5秒, 累計  45.6分)
  iter 977/2000: rollout平均ep報酬=   196.8 (エピソード数  8) policy_loss=+0.0758 value_loss= 115.702 entropy=-1.952 (この反復   2.6秒, 累計  45.6分)
  iter 978/2000: rollout平均ep報酬=   927.3 (エピソード数  4) policy_loss=+0.0072 value_loss=  24.643 entropy=-1.946 (この反復   2.7秒, 累計  45.7分)
  iter 979/2000: rollout平均ep報酬=   426.9 (エピソード数  5) policy_loss=-0.0758 value_loss=   2.658 entropy=-1.960 (この反復   2.3秒, 累計  45.7分)
  iter 980/2000: rollout平均ep報酬=   601.1 (エピソード数  4) policy_loss=+0.0484 value_loss=  13.148 entropy=-1.963 (この反復   2.7秒, 累計  45.7分)
    → 決定的方策の評価: best_reward候補 = 634.5 (これまでのベスト = 1232.3)
  [checkpoint] これまでのベスト重みを ev3way_w1.npy/ev3way_w2.npy に中間保存しました
  iter 981/2000: rollout平均ep報酬=   447.9 (エピソード数  5) policy_loss=-0.0643 value_loss=  26.000 entropy=-1.958 (この反復   2.4秒, 累計  45.8分)
  iter 982/2000: rollout平均ep報酬=   821.5 (エピソード数  4) policy_loss=-0.0106 value_loss=  15.540 entropy=-1.963 (この反復   2.5秒, 累計  45.8分)
  iter 983/2000: rollout平均ep報酬=   107.2 (エピソード数 13) policy_loss=-0.0754 value_loss=  45.990 entropy=-1.963 (この反復   2.4秒, 累計  45.9分)
  iter 984/2000: rollout平均ep報酬=   193.2 (エピソード数  8) policy_loss=+0.0339 value_loss=  95.508 entropy=-1.957 (この反復   2.5秒, 累計  45.9分)
  iter 985/2000: rollout平均ep報酬=   385.8 (エピソード数  6) policy_loss=-0.0663 value_loss=  24.218 entropy=-1.954 (この反復   2.3秒, 累計  46.0分)
    → 決定的方策の評価: best_reward候補 = 629.1 (これまでのベスト = 1232.3)
  iter 986/2000: rollout平均ep報酬=   417.6 (エピソード数  6) policy_loss=-0.0493 value_loss=  14.366 entropy=-1.951 (この反復   2.5秒, 累計  46.0分)
  iter 987/2000: rollout平均ep報酬=   161.6 (エピソード数  9) policy_loss=-0.0195 value_loss=  35.821 entropy=-1.944 (この反復   2.5秒, 累計  46.1分)
  iter 988/2000: rollout平均ep報酬=   178.8 (エピソード数  9) policy_loss=-0.0132 value_loss=  73.409 entropy=-1.941 (この反復   2.6秒, 累計  46.1分)
  iter 989/2000: rollout平均ep報酬=   424.4 (エピソード数  6) policy_loss=-0.0158 value_loss=  76.532 entropy=-1.938 (この反復   2.3秒, 累計  46.2分)
  iter 990/2000: rollout平均ep報酬=   440.0 (エピソード数  5) policy_loss=-0.0104 value_loss=  35.252 entropy=-1.945 (この反復   2.5秒, 累計  46.2分)
    → 決定的方策の評価: best_reward候補 = 643.0 (これまでのベスト = 1232.3)
  [checkpoint] これまでのベスト重みを ev3way_w1.npy/ev3way_w2.npy に中間保存しました
  iter 991/2000: rollout平均ep報酬=   115.3 (エピソード数 10) policy_loss=+0.0359 value_loss=  73.863 entropy=-1.940 (この反復   2.4秒, 累計  46.3分)
  iter 992/2000: rollout平均ep報酬=   772.7 (エピソード数  4) policy_loss=+0.0505 value_loss=  40.598 entropy=-1.944 (この反復   2.3秒, 累計  46.3分)
  iter 993/2000: rollout平均ep報酬=   371.9 (エピソード数  7) policy_loss=-0.0388 value_loss=  52.547 entropy=-1.933 (この反復   2.6秒, 累計  46.3分)
  iter 994/2000: rollout平均ep報酬=   769.0 (エピソード数  4) policy_loss=+0.0539 value_loss=  22.558 entropy=-1.943 (この反復   2.5秒, 累計  46.4分)
  iter 995/2000: rollout平均ep報酬=   341.1 (エピソード数  6) policy_loss=+0.0209 value_loss=  61.031 entropy=-1.931 (この反復   2.6秒, 累計  46.4分)
    → 決定的方策の評価: best_reward候補 = 635.0 (これまでのベスト = 1232.3)
  iter 996/2000: rollout平均ep報酬=   285.6 (エピソード数  7) policy_loss=-0.0123 value_loss= 154.266 entropy=-1.931 (この反復   2.3秒, 累計  46.5分)
  iter 997/2000: rollout平均ep報酬=   537.3 (エピソード数  4) policy_loss=-0.0107 value_loss=  74.181 entropy=-1.937 (この反復   2.2秒, 累計  46.5分)
  iter 998/2000: rollout平均ep報酬=    36.7 (エピソード数 11) policy_loss=-0.0997 value_loss=  50.639 entropy=-1.944 (この反復   2.4秒, 累計  46.6分)
  iter 999/2000: rollout平均ep報酬=   419.2 (エピソード数  6) policy_loss=-0.0042 value_loss=  43.736 entropy=-1.939 (この反復   2.6秒, 累計  46.6分)
  iter 1000/2000: rollout平均ep報酬=   795.5 (エピソード数  4) policy_loss=+0.0222 value_loss=  16.285 entropy=-1.942 (この反復   2.4秒, 累計  46.7分)
    → 決定的方策の評価: best_reward候補 = 1107.5 (これまでのベスト = 1232.3)
  [checkpoint] これまでのベスト重みを ev3way_w1.npy/ev3way_w2.npy に中間保存しました
  iter 1001/2000: rollout平均ep報酬=   621.0 (エピソード数  4) policy_loss=+0.0060 value_loss=  37.894 entropy=-1.959 (この反復   2.3秒, 累計  46.7分)
  iter 1002/2000: rollout平均ep報酬=   371.0 (エピソード数  4) policy_loss=-0.0323 value_loss=  22.523 entropy=-1.968 (この反復   2.4秒, 累計  46.8分)
  iter 1003/2000: rollout平均ep報酬=   331.4 (エピソード数  7) policy_loss=+0.0011 value_loss=  36.524 entropy=-1.966 (この反復   2.5秒, 累計  46.8分)
  iter 1004/2000: rollout平均ep報酬=   460.9 (エピソード数  5) policy_loss=+0.1365 value_loss= 275.092 entropy=-1.966 (この反復   2.3秒, 累計  46.9分)
  iter 1005/2000: rollout平均ep報酬=   242.0 (エピソード数  7) policy_loss=+0.1496 value_loss=  40.376 entropy=-1.961 (この反復   2.6秒, 累計  46.9分)
    → 決定的方策の評価: best_reward候補 = 1099.0 (これまでのベスト = 1232.3)
  iter 1006/2000: rollout平均ep報酬=   562.8 (エピソード数  4) policy_loss=+0.0830 value_loss=  75.828 entropy=-1.961 (この反復   2.5秒, 累計  47.0分)
  iter 1007/2000: rollout平均ep報酬=    16.0 (エピソード数 12) policy_loss=-0.1099 value_loss=  23.744 entropy=-1.960 (この反復   2.3秒, 累計  47.0分)
  iter 1008/2000: rollout平均ep報酬=   319.2 (エピソード数  5) policy_loss=-0.1024 value_loss=  15.027 entropy=-1.964 (この反復   2.3秒, 累計  47.1分)
  iter 1009/2000: rollout平均ep報酬=   227.6 (エピソード数  9) policy_loss=-0.0015 value_loss=  84.504 entropy=-1.953 (この反復   2.6秒, 累計  47.1分)
  iter 1010/2000: rollout平均ep報酬=   471.2 (エピソード数  5) policy_loss=+0.1752 value_loss= 158.691 entropy=-1.955 (この反復   2.3秒, 累計  47.1分)
    → 決定的方策の評価: best_reward候補 = 673.0 (これまでのベスト = 1232.3)
  [checkpoint] これまでのベスト重みを ev3way_w1.npy/ev3way_w2.npy に中間保存しました
  iter 1011/2000: rollout平均ep報酬=   241.1 (エピソード数  6) policy_loss=+0.0163 value_loss=  30.138 entropy=-1.957 (この反復   2.4秒, 累計  47.2分)
  iter 1012/2000: rollout平均ep報酬=   157.8 (エピソード数  8) policy_loss=+0.0099 value_loss=  53.068 entropy=-1.949 (この反復   2.4秒, 累計  47.2分)
  iter 1013/2000: rollout平均ep報酬=   441.0 (エピソード数  6) policy_loss=+0.0130 value_loss=  34.283 entropy=-1.945 (この反復   2.5秒, 累計  47.3分)
  iter 1014/2000: rollout平均ep報酬=   113.3 (エピソード数  9) policy_loss=+0.0250 value_loss= 119.227 entropy=-1.944 (この反復   2.4秒, 累計  47.3分)
  iter 1015/2000: rollout平均ep報酬=   586.4 (エピソード数  4) policy_loss=-0.0285 value_loss=  37.543 entropy=-1.932 (この反復   2.5秒, 累計  47.4分)
    → 決定的方策の評価: best_reward候補 = 1101.3 (これまでのベスト = 1232.3)
  iter 1016/2000: rollout平均ep報酬=   418.3 (エピソード数  6) policy_loss=+0.0010 value_loss=  60.328 entropy=-1.925 (この反復   2.4秒, 累計  47.5分)
  iter 1017/2000: rollout平均ep報酬=   258.4 (エピソード数  7) policy_loss=+0.0190 value_loss=  37.246 entropy=-1.919 (この反復   2.5秒, 累計  47.5分)
  iter 1018/2000: rollout平均ep報酬=   338.1 (エピソード数  5) policy_loss=-0.0252 value_loss=  47.942 entropy=-1.911 (この反復   2.4秒, 累計  47.5分)
  iter 1019/2000: rollout平均ep報酬=   512.6 (エピソード数  4) policy_loss=-0.0355 value_loss=  12.175 entropy=-1.898 (この反復   2.4秒, 累計  47.6分)
  iter 1020/2000: rollout平均ep報酬=   406.3 (エピソード数  6) policy_loss=-0.0404 value_loss=  33.832 entropy=-1.908 (この反復   2.4秒, 累計  47.6分)
    → 決定的方策の評価: best_reward候補 = 1096.3 (これまでのベスト = 1232.3)
  [checkpoint] これまでのベスト重みを ev3way_w1.npy/ev3way_w2.npy に中間保存しました
  iter 1021/2000: rollout平均ep報酬=   186.9 (エピソード数  9) policy_loss=-0.0470 value_loss=  28.931 entropy=-1.906 (この反復   2.5秒, 累計  47.7分)
  iter 1022/2000: rollout平均ep報酬=   171.8 (エピソード数  9) policy_loss=-0.0150 value_loss=  56.037 entropy=-1.905 (この反復   2.6秒, 累計  47.7分)
  iter 1023/2000: rollout平均ep報酬=   332.1 (エピソード数  7) policy_loss=-0.0267 value_loss=  41.775 entropy=-1.907 (この反復   2.4秒, 累計  47.8分)
  iter 1024/2000: rollout平均ep報酬=   213.4 (エピソード数  7) policy_loss=-0.0320 value_loss= 146.199 entropy=-1.912 (この反復   2.2秒, 累計  47.8分)
  iter 1025/2000: rollout平均ep報酬=   398.3 (エピソード数  4) policy_loss=+0.0487 value_loss=  23.038 entropy=-1.940 (この反復   2.3秒, 累計  47.9分)
    → 決定的方策の評価: best_reward候補 = 1114.0 (これまでのベスト = 1232.3)
  iter 1026/2000: rollout平均ep報酬=    70.0 (エピソード数 14) policy_loss=+0.0165 value_loss=  46.809 entropy=-1.936 (この反復   2.5秒, 累計  47.9分)
  iter 1027/2000: rollout平均ep報酬=   468.4 (エピソード数  5) policy_loss=-0.0202 value_loss=  13.181 entropy=-1.932 (この反復   2.6秒, 累計  48.0分)
  iter 1028/2000: rollout平均ep報酬=   135.8 (エピソード数 11) policy_loss=-0.0393 value_loss=  38.815 entropy=-1.926 (この反復   2.3秒, 累計  48.0分)
  iter 1029/2000: rollout平均ep報酬=   490.2 (エピソード数  4) policy_loss=-0.0164 value_loss=  32.734 entropy=-1.930 (この反復   2.4秒, 累計  48.1分)
  iter 1030/2000: rollout平均ep報酬=   128.6 (エピソード数 12) policy_loss=+0.0345 value_loss= 122.921 entropy=-1.911 (この反復   2.4秒, 累計  48.1分)
    → 決定的方策の評価: best_reward候補 = 640.2 (これまでのベスト = 1232.3)
  [checkpoint] これまでのベスト重みを ev3way_w1.npy/ev3way_w2.npy に中間保存しました
  iter 1031/2000: rollout平均ep報酬=   460.5 (エピソード数  6) policy_loss=-0.0069 value_loss=  26.112 entropy=-1.911 (この反復   2.6秒, 累計  48.2分)
  iter 1032/2000: rollout平均ep報酬=   181.6 (エピソード数 10) policy_loss=-0.0713 value_loss=  32.861 entropy=-1.911 (この反復   2.6秒, 累計  48.2分)
  iter 1033/2000: rollout平均ep報酬=   278.1 (エピソード数  7) policy_loss=+0.0132 value_loss= 109.541 entropy=-1.910 (この反復   2.4秒, 累計  48.3分)
  iter 1034/2000: rollout平均ep報酬=   197.4 (エピソード数  8) policy_loss=-0.0319 value_loss=  39.631 entropy=-1.907 (この反復   2.3秒, 累計  48.3分)
  iter 1035/2000: rollout平均ep報酬=    90.8 (エピソード数 12) policy_loss=+0.0820 value_loss= 139.671 entropy=-1.904 (この反復   2.3秒, 累計  48.3分)
    → 決定的方策の評価: best_reward候補 = 668.8 (これまでのベスト = 1232.3)
  iter 1036/2000: rollout平均ep報酬=   242.3 (エピソード数  7) policy_loss=-0.0023 value_loss=  51.188 entropy=-1.903 (この反復   2.3秒, 累計  48.4分)
  iter 1037/2000: rollout平均ep報酬=   522.4 (エピソード数  5) policy_loss=-0.0495 value_loss=  14.577 entropy=-1.903 (この反復   2.7秒, 累計  48.4分)
  iter 1038/2000: rollout平均ep報酬=   100.7 (エピソード数 12) policy_loss=-0.0228 value_loss=  58.976 entropy=-1.901 (この反復   2.3秒, 累計  48.5分)
  iter 1039/2000: rollout平均ep報酬=   163.7 (エピソード数  8) policy_loss=+0.0340 value_loss=  70.954 entropy=-1.903 (この反復   2.3秒, 累計  48.5分)
  iter 1040/2000: rollout平均ep報酬=   341.5 (エピソード数  6) policy_loss=-0.1044 value_loss=  37.090 entropy=-1.903 (この反復   2.4秒, 累計  48.6分)
    → 決定的方策の評価: best_reward候補 = 628.4 (これまでのベスト = 1232.3)
  [checkpoint] これまでのベスト重みを ev3way_w1.npy/ev3way_w2.npy に中間保存しました
  iter 1041/2000: rollout平均ep報酬=   252.8 (エピソード数  7) policy_loss=-0.0155 value_loss=  66.371 entropy=-1.908 (この反復   2.4秒, 累計  48.6分)
  iter 1042/2000: rollout平均ep報酬=   167.7 (エピソード数 10) policy_loss=-0.0741 value_loss=  71.576 entropy=-1.901 (この反復   2.5秒, 累計  48.7分)
  iter 1043/2000: rollout平均ep報酬=   414.2 (エピソード数  6) policy_loss=-0.0113 value_loss=  46.608 entropy=-1.892 (この反復   2.5秒, 累計  48.7分)
  iter 1044/2000: rollout平均ep報酬=   362.7 (エピソード数  7) policy_loss=-0.0741 value_loss=   7.981 entropy=-1.880 (この反復   2.4秒, 累計  48.7分)
  iter 1045/2000: rollout平均ep報酬=   173.6 (エピソード数 11) policy_loss=+0.0455 value_loss= 105.840 entropy=-1.874 (この反復   2.3秒, 累計  48.8分)
    → 決定的方策の評価: best_reward候補 = 631.4 (これまでのベスト = 1232.3)
  iter 1046/2000: rollout平均ep報酬=   289.6 (エピソード数  7) policy_loss=-0.0949 value_loss=  10.329 entropy=-1.868 (この反復   2.6秒, 累計  48.9分)
  iter 1047/2000: rollout平均ep報酬=    44.1 (エピソード数 15) policy_loss=+0.0476 value_loss=  87.217 entropy=-1.874 (この反復   2.3秒, 累計  48.9分)
  iter 1048/2000: rollout平均ep報酬=   370.0 (エピソード数  7) policy_loss=-0.0830 value_loss=   8.262 entropy=-1.881 (この反復   2.5秒, 累計  48.9分)
  iter 1049/2000: rollout平均ep報酬=   496.9 (エピソード数  5) policy_loss=+0.0584 value_loss=   5.948 entropy=-1.888 (この反復   2.5秒, 累計  49.0分)
  iter 1050/2000: rollout平均ep報酬=   216.6 (エピソード数  8) policy_loss=-0.1020 value_loss=  26.682 entropy=-1.893 (この反復   2.6秒, 累計  49.0分)
    → 決定的方策の評価: best_reward候補 = 608.7 (これまでのベスト = 1232.3)
  [checkpoint] これまでのベスト重みを ev3way_w1.npy/ev3way_w2.npy に中間保存しました
  iter 1051/2000: rollout平均ep報酬=   286.5 (エピソード数  8) policy_loss=+0.0005 value_loss=  29.801 entropy=-1.894 (この反復   2.6秒, 累計  49.1分)
  iter 1052/2000: rollout平均ep報酬=   220.5 (エピソード数 10) policy_loss=+0.0368 value_loss= 110.752 entropy=-1.892 (この反復   2.4秒, 累計  49.1分)
  iter 1053/2000: rollout平均ep報酬=   160.5 (エピソード数  9) policy_loss=+0.0420 value_loss= 101.979 entropy=-1.888 (この反復   2.5秒, 累計  49.2分)
  iter 1054/2000: rollout平均ep報酬=    98.6 (エピソード数 13) policy_loss=-0.0312 value_loss=  35.587 entropy=-1.887 (この反復   2.5秒, 累計  49.2分)
  iter 1055/2000: rollout平均ep報酬=   135.3 (エピソード数 10) policy_loss=-0.0091 value_loss=  51.812 entropy=-1.899 (この反復   2.3秒, 累計  49.2分)
    → 決定的方策の評価: best_reward候補 = 620.2 (これまでのベスト = 1232.3)
  iter 1056/2000: rollout平均ep報酬=   235.0 (エピソード数  9) policy_loss=+0.1190 value_loss= 118.318 entropy=-1.906 (この反復   2.5秒, 累計  49.3分)
  iter 1057/2000: rollout平均ep報酬=   339.2 (エピソード数  7) policy_loss=+0.0829 value_loss= 156.206 entropy=-1.894 (この反復   2.4秒, 累計  49.3分)
  iter 1058/2000: rollout平均ep報酬=   122.4 (エピソード数 14) policy_loss=+0.0110 value_loss=  49.407 entropy=-1.887 (この反復   2.4秒, 累計  49.4分)
  iter 1059/2000: rollout平均ep報酬=   389.7 (エピソード数  6) policy_loss=+0.0308 value_loss=  23.009 entropy=-1.869 (この反復   2.4秒, 累計  49.4分)
  iter 1060/2000: rollout平均ep報酬=   182.1 (エピソード数 11) policy_loss=+0.0121 value_loss= 101.317 entropy=-1.865 (この反復   2.3秒, 累計  49.5分)
    → 決定的方策の評価: best_reward候補 = 617.4 (これまでのベスト = 1232.3)
  [checkpoint] これまでのベスト重みを ev3way_w1.npy/ev3way_w2.npy に中間保存しました
  iter 1061/2000: rollout平均ep報酬=   139.3 (エピソード数  9) policy_loss=-0.0228 value_loss=  58.053 entropy=-1.871 (この反復   2.3秒, 累計  49.5分)
  iter 1062/2000: rollout平均ep報酬=   222.8 (エピソード数  7) policy_loss=+0.0629 value_loss=  50.627 entropy=-1.875 (この反復   2.4秒, 累計  49.6分)
  iter 1063/2000: rollout平均ep報酬=   300.4 (エピソード数  6) policy_loss=+0.0452 value_loss=  24.675 entropy=-1.879 (この反復   2.5秒, 累計  49.6分)
  iter 1064/2000: rollout平均ep報酬=   334.3 (エピソード数  7) policy_loss=+0.0644 value_loss= 134.689 entropy=-1.878 (この反復   2.3秒, 累計  49.7分)
  iter 1065/2000: rollout平均ep報酬=    50.3 (エピソード数 16) policy_loss=-0.0169 value_loss=  74.649 entropy=-1.881 (この反復   2.5秒, 累計  49.7分)
    → 決定的方策の評価: best_reward候補 = 608.0 (これまでのベスト = 1232.3)
  iter 1066/2000: rollout平均ep報酬=   225.7 (エピソード数  6) policy_loss=+0.0878 value_loss= 129.394 entropy=-1.889 (この反復   2.4秒, 累計  49.8分)
  iter 1067/2000: rollout平均ep報酬=   204.9 (エピソード数  8) policy_loss=-0.0534 value_loss=  26.769 entropy=-1.882 (この反復   2.5秒, 累計  49.8分)
  iter 1068/2000: rollout平均ep報酬=   241.8 (エピソード数  8) policy_loss=+0.0632 value_loss=  48.946 entropy=-1.875 (この反復   2.5秒, 累計  49.8分)
  iter 1069/2000: rollout平均ep報酬=   243.7 (エピソード数  7) policy_loss=-0.0952 value_loss=  23.024 entropy=-1.878 (この反復   2.5秒, 累計  49.9分)
  iter 1070/2000: rollout平均ep報酬=   217.5 (エピソード数  7) policy_loss=-0.0222 value_loss=  20.695 entropy=-1.881 (この反復   2.4秒, 累計  49.9分)
    → 決定的方策の評価: best_reward候補 = 137.8 (これまでのベスト = 1232.3)
  [checkpoint] これまでのベスト重みを ev3way_w1.npy/ev3way_w2.npy に中間保存しました
  iter 1071/2000: rollout平均ep報酬=   282.8 (エピソード数  8) policy_loss=+0.0034 value_loss=  30.371 entropy=-1.871 (この反復   2.7秒, 累計  50.0分)
  iter 1072/2000: rollout平均ep報酬=   365.8 (エピソード数  5) policy_loss=+0.1277 value_loss= 139.839 entropy=-1.863 (この反復   2.2秒, 累計  50.0分)
  iter 1073/2000: rollout平均ep報酬=   250.4 (エピソード数  9) policy_loss=+0.0078 value_loss=  54.347 entropy=-1.864 (この反復   2.4秒, 累計  50.1分)
  iter 1074/2000: rollout平均ep報酬=   285.6 (エピソード数  6) policy_loss=+0.0266 value_loss=  49.131 entropy=-1.868 (この反復   2.2秒, 累計  50.1分)
  iter 1075/2000: rollout平均ep報酬=   295.9 (エピソード数  7) policy_loss=-0.0618 value_loss=   9.659 entropy=-1.884 (この反復   2.5秒, 累計  50.1分)
    → 決定的方策の評価: best_reward候補 = 373.5 (これまでのベスト = 1232.3)
  iter 1076/2000: rollout平均ep報酬=   517.2 (エピソード数  5) policy_loss=-0.0635 value_loss=  15.775 entropy=-1.881 (この反復   2.3秒, 累計  50.2分)
  iter 1077/2000: rollout平均ep報酬=   369.8 (エピソード数  7) policy_loss=+0.0226 value_loss=  93.567 entropy=-1.886 (この反復   2.6秒, 累計  50.2分)
  iter 1078/2000: rollout平均ep報酬=   303.4 (エピソード数  7) policy_loss=+0.0235 value_loss=  60.121 entropy=-1.875 (この反復   2.4秒, 累計  50.3分)
  iter 1079/2000: rollout平均ep報酬=    96.9 (エピソード数 14) policy_loss=-0.0352 value_loss=  63.989 entropy=-1.875 (この反復   2.5秒, 累計  50.3分)
  iter 1080/2000: rollout平均ep報酬=   571.1 (エピソード数  4) policy_loss=-0.0748 value_loss=   9.378 entropy=-1.875 (この反復   2.3秒, 累計  50.4分)
    → 決定的方策の評価: best_reward候補 = 602.2 (これまでのベスト = 1232.3)
  [checkpoint] これまでのベスト重みを ev3way_w1.npy/ev3way_w2.npy に中間保存しました
  iter 1081/2000: rollout平均ep報酬=   353.2 (エピソード数  7) policy_loss=+0.0758 value_loss=  58.806 entropy=-1.864 (この反復   2.6秒, 累計  50.4分)
  iter 1082/2000: rollout平均ep報酬=   241.4 (エピソード数  8) policy_loss=-0.0476 value_loss=  20.161 entropy=-1.860 (この反復   2.3秒, 累計  50.5分)
  iter 1083/2000: rollout平均ep報酬=   370.7 (エピソード数  7) policy_loss=+0.0400 value_loss=  44.982 entropy=-1.864 (この反復   2.4秒, 累計  50.5分)
  iter 1084/2000: rollout平均ep報酬=   255.5 (エピソード数  6) policy_loss=+0.0034 value_loss=  31.387 entropy=-1.873 (この反復   2.3秒, 累計  50.5分)
  iter 1085/2000: rollout平均ep報酬=   603.6 (エピソード数  4) policy_loss=-0.0278 value_loss=  30.637 entropy=-1.869 (この反復   2.4秒, 累計  50.6分)
    → 決定的方策の評価: best_reward候補 = 609.8 (これまでのベスト = 1232.3)
  iter 1086/2000: rollout平均ep報酬=   394.0 (エピソード数  6) policy_loss=-0.0793 value_loss=  21.173 entropy=-1.884 (この反復   2.2秒, 累計  50.6分)
  iter 1087/2000: rollout平均ep報酬=   345.4 (エピソード数  5) policy_loss=-0.0340 value_loss=  29.667 entropy=-1.911 (この反復   2.5秒, 累計  50.7分)
  iter 1088/2000: rollout平均ep報酬=   186.4 (エピソード数  9) policy_loss=+0.1281 value_loss= 130.275 entropy=-1.900 (この反復   2.5秒, 累計  50.7分)
  iter 1089/2000: rollout平均ep報酬=   421.2 (エピソード数  6) policy_loss=+0.0494 value_loss=  25.096 entropy=-1.888 (この反復   2.4秒, 累計  50.8分)
  iter 1090/2000: rollout平均ep報酬=   494.6 (エピソード数  5) policy_loss=+0.1473 value_loss=  98.500 entropy=-1.894 (この反復   2.4秒, 累計  50.8分)
    → 決定的方策の評価: best_reward候補 = 380.3 (これまでのベスト = 1232.3)
  [checkpoint] これまでのベスト重みを ev3way_w1.npy/ev3way_w2.npy に中間保存しました
  iter 1091/2000: rollout平均ep報酬=   106.9 (エピソード数  8) policy_loss=-0.0540 value_loss=  35.337 entropy=-1.888 (この反復   2.4秒, 累計  50.9分)
  iter 1092/2000: rollout平均ep報酬=   332.7 (エピソード数  6) policy_loss=+0.0308 value_loss=  62.006 entropy=-1.892 (この反復   2.4秒, 累計  50.9分)
  iter 1093/2000: rollout平均ep報酬=   325.1 (エピソード数  6) policy_loss=-0.0586 value_loss=  24.934 entropy=-1.900 (この反復   2.5秒, 累計  50.9分)
  iter 1094/2000: rollout平均ep報酬=   299.7 (エピソード数  7) policy_loss=+0.0925 value_loss= 139.121 entropy=-1.891 (この反復   2.4秒, 累計  51.0分)
  iter 1095/2000: rollout平均ep報酬=   365.3 (エピソード数  6) policy_loss=+0.0137 value_loss=  15.370 entropy=-1.890 (この反復   2.3秒, 累計  51.0分)
    → 決定的方策の評価: best_reward候補 = 632.6 (これまでのベスト = 1232.3)
  iter 1096/2000: rollout平均ep報酬=   172.2 (エピソード数 11) policy_loss=+0.0354 value_loss=  38.796 entropy=-1.894 (この反復   2.6秒, 累計  51.1分)
  iter 1097/2000: rollout平均ep報酬=   401.9 (エピソード数  6) policy_loss=+0.0104 value_loss=  45.817 entropy=-1.888 (この反復   3.0秒, 累計  51.1分)
  iter 1098/2000: rollout平均ep報酬=   412.4 (エピソード数  5) policy_loss=-0.0093 value_loss=  23.394 entropy=-1.894 (この反復   2.5秒, 累計  51.2分)
  iter 1099/2000: rollout平均ep報酬=   439.9 (エピソード数  6) policy_loss=+0.0366 value_loss=  60.443 entropy=-1.887 (この反復   2.6秒, 累計  51.2分)
  iter 1100/2000: rollout平均ep報酬=   175.3 (エピソード数 12) policy_loss=+0.0344 value_loss= 118.887 entropy=-1.882 (この反復   2.6秒, 累計  51.3分)
    → 決定的方策の評価: best_reward候補 = 637.2 (これまでのベスト = 1232.3)
  [checkpoint] これまでのベスト重みを ev3way_w1.npy/ev3way_w2.npy に中間保存しました
  iter 1101/2000: rollout平均ep報酬=   129.2 (エピソード数 11) policy_loss=-0.0626 value_loss=  16.770 entropy=-1.872 (この反復   2.5秒, 累計  51.3分)
  iter 1102/2000: rollout平均ep報酬=   221.6 (エピソード数  8) policy_loss=-0.0896 value_loss=  73.820 entropy=-1.869 (この反復   2.4秒, 累計  51.4分)
  iter 1103/2000: rollout平均ep報酬=   453.2 (エピソード数  5) policy_loss=-0.0275 value_loss=   9.750 entropy=-1.865 (この反復   2.7秒, 累計  51.4分)
  iter 1104/2000: rollout平均ep報酬=   281.9 (エピソード数  7) policy_loss=-0.0390 value_loss=  35.331 entropy=-1.864 (この反復   2.5秒, 累計  51.5分)
  iter 1105/2000: rollout平均ep報酬=   852.9 (エピソード数  4) policy_loss=+0.0732 value_loss=  13.501 entropy=-1.889 (この反復   2.3秒, 累計  51.5分)
    → 決定的方策の評価: best_reward候補 = 608.1 (これまでのベスト = 1232.3)
  iter 1106/2000: rollout平均ep報酬=   560.2 (エピソード数  4) policy_loss=+0.1029 value_loss=  51.230 entropy=-1.899 (この反復   2.5秒, 累計  51.6分)
  iter 1107/2000: rollout平均ep報酬=   160.5 (エピソード数  7) policy_loss=+0.1560 value_loss= 159.497 entropy=-1.895 (この反復   2.6秒, 累計  51.6分)
  iter 1108/2000: rollout平均ep報酬=   551.9 (エピソード数  5) policy_loss=+0.0001 value_loss=  55.550 entropy=-1.885 (この反復   2.6秒, 累計  51.7分)
  iter 1109/2000: rollout平均ep報酬=   469.6 (エピソード数  5) policy_loss=+0.0229 value_loss=  10.598 entropy=-1.887 (この反復   2.5秒, 累計  51.7分)
  iter 1110/2000: rollout平均ep報酬=   143.7 (エピソード数  9) policy_loss=+0.0668 value_loss=  46.799 entropy=-1.885 (この反復   2.3秒, 累計  51.7分)
    → 決定的方策の評価: best_reward候補 = 623.6 (これまでのベスト = 1232.3)
  [checkpoint] これまでのベスト重みを ev3way_w1.npy/ev3way_w2.npy に中間保存しました
  iter 1111/2000: rollout平均ep報酬=   435.9 (エピソード数  6) policy_loss=+0.0840 value_loss=  39.958 entropy=-1.888 (この反復   2.6秒, 累計  51.8分)
  iter 1112/2000: rollout平均ep報酬=   155.5 (エピソード数 11) policy_loss=-0.0769 value_loss=  77.291 entropy=-1.874 (この反復   2.6秒, 累計  51.8分)
  iter 1113/2000: rollout平均ep報酬=   411.9 (エピソード数  6) policy_loss=+0.1274 value_loss= 138.999 entropy=-1.876 (この反復   2.5秒, 累計  51.9分)
  iter 1114/2000: rollout平均ep報酬=   292.3 (エピソード数  7) policy_loss=+0.0160 value_loss=  36.907 entropy=-1.877 (この反復   2.6秒, 累計  51.9分)
  iter 1115/2000: rollout平均ep報酬=   214.5 (エピソード数  7) policy_loss=+0.0087 value_loss=  15.333 entropy=-1.881 (この反復   2.4秒, 累計  52.0分)
    → 決定的方策の評価: best_reward候補 = 667.9 (これまでのベスト = 1232.3)
  iter 1116/2000: rollout平均ep報酬=   529.3 (エピソード数  5) policy_loss=+0.0062 value_loss=  75.108 entropy=-1.878 (この反復   2.5秒, 累計  52.0分)
  iter 1117/2000: rollout平均ep報酬=   904.5 (エピソード数  4) policy_loss=+0.0194 value_loss=  72.598 entropy=-1.884 (この反復   2.4秒, 累計  52.1分)
  iter 1118/2000: rollout平均ep報酬=   111.8 (エピソード数 11) policy_loss=-0.0077 value_loss=  14.490 entropy=-1.872 (この反復   2.6秒, 累計  52.1分)
  iter 1119/2000: rollout平均ep報酬=   335.4 (エピソード数  5) policy_loss=+0.0052 value_loss=  55.324 entropy=-1.872 (この反復   2.6秒, 累計  52.2分)
  iter 1120/2000: rollout平均ep報酬=   560.3 (エピソード数  5) policy_loss=-0.0236 value_loss=  26.389 entropy=-1.867 (この反復   2.4秒, 累計  52.2分)
    → 決定的方策の評価: best_reward候補 = 627.4 (これまでのベスト = 1232.3)
  [checkpoint] これまでのベスト重みを ev3way_w1.npy/ev3way_w2.npy に中間保存しました
  iter 1121/2000: rollout平均ep報酬=   421.0 (エピソード数  5) policy_loss=+0.0115 value_loss=  28.439 entropy=-1.865 (この反復   2.6秒, 累計  52.3分)
  iter 1122/2000: rollout平均ep報酬=    66.7 (エピソード数 15) policy_loss=-0.0758 value_loss=  32.307 entropy=-1.858 (この反復   2.2秒, 累計  52.3分)
  iter 1123/2000: rollout平均ep報酬=   205.2 (エピソード数 10) policy_loss=-0.0223 value_loss=  51.645 entropy=-1.850 (この反復   2.5秒, 累計  52.3分)
  iter 1124/2000: rollout平均ep報酬=    79.3 (エピソード数  7) policy_loss=-0.0606 value_loss= 127.304 entropy=-1.845 (この反復   2.2秒, 累計  52.4分)
  iter 1125/2000: rollout平均ep報酬=   275.7 (エピソード数  6) policy_loss=-0.0043 value_loss=  37.584 entropy=-1.845 (この反復   2.3秒, 累計  52.4分)
    → 決定的方策の評価: best_reward候補 = 623.8 (これまでのベスト = 1232.3)
  iter 1126/2000: rollout平均ep報酬=   895.2 (エピソード数  4) policy_loss=+0.0058 value_loss=  31.848 entropy=-1.851 (この反復   2.2秒, 累計  52.5分)
  iter 1127/2000: rollout平均ep報酬=   306.7 (エピソード数  6) policy_loss=-0.0635 value_loss=  62.856 entropy=-1.849 (この反復   2.4秒, 累計  52.5分)
  iter 1128/2000: rollout平均ep報酬=   421.4 (エピソード数  6) policy_loss=+0.0179 value_loss= 108.698 entropy=-1.847 (この反復   2.6秒, 累計  52.6分)
  iter 1129/2000: rollout平均ep報酬=   756.6 (エピソード数  4) policy_loss=+0.0094 value_loss=  25.319 entropy=-1.868 (この反復   2.3秒, 累計  52.6分)
  iter 1130/2000: rollout平均ep報酬=   174.7 (エピソード数  9) policy_loss=+0.0553 value_loss= 112.510 entropy=-1.865 (この反復   2.2秒, 累計  52.6分)
    → 決定的方策の評価: best_reward候補 = 613.9 (これまでのベスト = 1232.3)
  [checkpoint] これまでのベスト重みを ev3way_w1.npy/ev3way_w2.npy に中間保存しました
  iter 1131/2000: rollout平均ep報酬=   244.0 (エピソード数  8) policy_loss=+0.0629 value_loss=  69.469 entropy=-1.871 (この反復   2.2秒, 累計  52.7分)
  iter 1132/2000: rollout平均ep報酬=   343.6 (エピソード数  7) policy_loss=-0.0450 value_loss=  34.415 entropy=-1.869 (この反復   2.4秒, 累計  52.7分)
  iter 1133/2000: rollout平均ep報酬=   873.7 (エピソード数  4) policy_loss=+0.0275 value_loss=   4.179 entropy=-1.913 (この反復   2.4秒, 累計  52.8分)
  iter 1134/2000: rollout平均ep報酬=   286.7 (エピソード数  7) policy_loss=+0.0624 value_loss= 174.499 entropy=-1.909 (この反復   2.7秒, 累計  52.8分)
  iter 1135/2000: rollout平均ep報酬=   250.7 (エピソード数  7) policy_loss=-0.0006 value_loss=  81.523 entropy=-1.908 (この反復   2.6秒, 累計  52.9分)
    → 決定的方策の評価: best_reward候補 = 620.2 (これまでのベスト = 1232.3)
  iter 1136/2000: rollout平均ep報酬=   175.3 (エピソード数  8) policy_loss=-0.0777 value_loss=  20.969 entropy=-1.905 (この反復   2.2秒, 累計  52.9分)
  iter 1137/2000: rollout平均ep報酬=   764.5 (エピソード数  4) policy_loss=-0.1032 value_loss=  30.779 entropy=-1.910 (この反復   2.6秒, 累計  53.0分)
  iter 1138/2000: rollout平均ep報酬=   183.7 (エピソード数  8) policy_loss=+0.0609 value_loss=  92.049 entropy=-1.898 (この反復   2.2秒, 累計  53.0分)
  iter 1139/2000: rollout平均ep報酬=   466.2 (エピソード数  5) policy_loss=-0.0464 value_loss=  26.994 entropy=-1.900 (この反復   2.5秒, 累計  53.1分)
  iter 1140/2000: rollout平均ep報酬=   666.2 (エピソード数  4) policy_loss=+0.0261 value_loss=   2.219 entropy=-1.955 (この反復   2.3秒, 累計  53.1分)
    → 決定的方策の評価: best_reward候補 = 628.9 (これまでのベスト = 1232.3)
  [checkpoint] これまでのベスト重みを ev3way_w1.npy/ev3way_w2.npy に中間保存しました
  iter 1141/2000: rollout平均ep報酬=   210.3 (エピソード数  7) policy_loss=+0.0326 value_loss=  65.637 entropy=-1.965 (この反復   2.5秒, 累計  53.2分)
  iter 1142/2000: rollout平均ep報酬=  1001.5 (エピソード数  4) policy_loss=+0.0378 value_loss=   2.390 entropy=-1.984 (この反復   2.5秒, 累計  53.2分)
  iter 1143/2000: rollout平均ep報酬=    32.9 (エピソード数 12) policy_loss=-0.1105 value_loss=  74.899 entropy=-1.986 (この反復   2.2秒, 累計  53.2分)
  iter 1144/2000: rollout平均ep報酬=   116.5 (エピソード数 14) policy_loss=+0.0017 value_loss=  79.165 entropy=-1.993 (この反復   2.3秒, 累計  53.3分)
  iter 1145/2000: rollout平均ep報酬=    89.6 (エピソード数 10) policy_loss=-0.0895 value_loss=  28.716 entropy=-1.998 (この反復   2.3秒, 累計  53.3分)
    → 決定的方策の評価: best_reward候補 = 603.6 (これまでのベスト = 1232.3)
  iter 1146/2000: rollout平均ep報酬=    93.8 (エピソード数 12) policy_loss=-0.0568 value_loss=  55.660 entropy=-1.998 (この反復   2.3秒, 累計  53.4分)
  iter 1147/2000: rollout平均ep報酬=  1067.3 (エピソード数  4) policy_loss=+0.0294 value_loss=   3.838 entropy=-2.004 (この反復   2.6秒, 累計  53.4分)
  iter 1148/2000: rollout平均ep報酬=   651.8 (エピソード数  4) policy_loss=-0.0658 value_loss=   6.076 entropy=-2.004 (この反復   2.5秒, 累計  53.5分)
  iter 1149/2000: rollout平均ep報酬=   229.7 (エピソード数  8) policy_loss=+0.0335 value_loss= 166.218 entropy=-2.004 (この反復   2.4秒, 累計  53.5分)
  iter 1150/2000: rollout平均ep報酬=   131.1 (エピソード数 12) policy_loss=+0.0075 value_loss=  33.092 entropy=-1.998 (この反復   2.4秒, 累計  53.6分)
    → 決定的方策の評価: best_reward候補 = 616.5 (これまでのベスト = 1232.3)
  [checkpoint] これまでのベスト重みを ev3way_w1.npy/ev3way_w2.npy に中間保存しました
  iter 1151/2000: rollout平均ep報酬=   160.3 (エピソード数 10) policy_loss=+0.0154 value_loss=  41.909 entropy=-2.003 (この反復   2.5秒, 累計  53.6分)
  iter 1152/2000: rollout平均ep報酬=   318.7 (エピソード数  7) policy_loss=-0.0313 value_loss=  18.669 entropy=-2.010 (この反復   2.4秒, 累計  53.7分)
  iter 1153/2000: rollout平均ep報酬=   229.7 (エピソード数  7) policy_loss=+0.0693 value_loss=  99.009 entropy=-2.011 (この反復   2.3秒, 累計  53.7分)
  iter 1154/2000: rollout平均ep報酬=   373.8 (エピソード数  6) policy_loss=-0.0450 value_loss=   8.163 entropy=-2.032 (この反復   2.3秒, 累計  53.7分)
  iter 1155/2000: rollout平均ep報酬=    74.4 (エピソード数 13) policy_loss=-0.0434 value_loss=  38.899 entropy=-2.032 (この反復   2.3秒, 累計  53.8分)
    → 決定的方策の評価: best_reward候補 = 629.7 (これまでのベスト = 1232.3)
  iter 1156/2000: rollout平均ep報酬=   365.4 (エピソード数  6) policy_loss=-0.0756 value_loss=   8.022 entropy=-2.038 (この反復   2.4秒, 累計  53.8分)
  iter 1157/2000: rollout平均ep報酬=   237.4 (エピソード数  9) policy_loss=-0.0414 value_loss=  77.719 entropy=-2.037 (この反復   2.6秒, 累計  53.9分)
  iter 1158/2000: rollout平均ep報酬=   116.9 (エピソード数 12) policy_loss=+0.0358 value_loss= 263.257 entropy=-2.027 (この反復   2.4秒, 累計  53.9分)
  iter 1159/2000: rollout平均ep報酬=   405.1 (エピソード数  6) policy_loss=+0.0356 value_loss=  27.838 entropy=-2.026 (この反復   2.5秒, 累計  54.0分)
  iter 1160/2000: rollout平均ep報酬=   113.9 (エピソード数 12) policy_loss=+0.0854 value_loss= 111.882 entropy=-2.029 (この反復   2.4秒, 累計  54.0分)
    → 決定的方策の評価: best_reward候補 = 626.4 (これまでのベスト = 1232.3)
  [checkpoint] これまでのベスト重みを ev3way_w1.npy/ev3way_w2.npy に中間保存しました
  iter 1161/2000: rollout平均ep報酬=  1028.1 (エピソード数  4) policy_loss=-0.0766 value_loss=   5.223 entropy=-2.017 (この反復   2.8秒, 累計  54.1分)
  iter 1162/2000: rollout平均ep報酬=   439.1 (エピソード数  6) policy_loss=+0.0016 value_loss=  44.589 entropy=-2.025 (この反復   2.4秒, 累計  54.1分)
  iter 1163/2000: rollout平均ep報酬=   303.6 (エピソード数  5) policy_loss=-0.0500 value_loss=  19.625 entropy=-2.022 (この反復   2.4秒, 累計  54.2分)
  iter 1164/2000: rollout平均ep報酬=   115.5 (エピソード数 14) policy_loss=-0.0025 value_loss= 137.258 entropy=-2.016 (この反復   2.3秒, 累計  54.2分)
  iter 1165/2000: rollout平均ep報酬=   247.0 (エピソード数  7) policy_loss=+0.0657 value_loss=  47.509 entropy=-2.012 (この反復   2.4秒, 累計  54.2分)
    → 決定的方策の評価: best_reward候補 = 617.8 (これまでのベスト = 1232.3)
  iter 1166/2000: rollout平均ep報酬=   958.0 (エピソード数  4) policy_loss=-0.0540 value_loss=   5.088 entropy=-2.026 (この反復   2.4秒, 累計  54.3分)
  iter 1167/2000: rollout平均ep報酬=  1011.2 (エピソード数  4) policy_loss=-0.0806 value_loss=   3.013 entropy=-2.009 (この反復   2.7秒, 累計  54.4分)
  iter 1168/2000: rollout平均ep報酬=   285.6 (エピソード数  6) policy_loss=+0.0567 value_loss=  95.075 entropy=-2.014 (この反復   2.3秒, 累計  54.4分)
  iter 1169/2000: rollout平均ep報酬=   162.2 (エピソード数 12) policy_loss=-0.0604 value_loss=  61.719 entropy=-2.010 (この反復   2.6秒, 累計  54.4分)
  iter 1170/2000: rollout平均ep報酬=   131.0 (エピソード数  8) policy_loss=-0.0172 value_loss=  74.931 entropy=-2.008 (この反復   2.4秒, 累計  54.5分)
    → 決定的方策の評価: best_reward候補 = 391.1 (これまでのベスト = 1232.3)
  [checkpoint] これまでのベスト重みを ev3way_w1.npy/ev3way_w2.npy に中間保存しました
  iter 1171/2000: rollout平均ep報酬=   130.1 (エピソード数 14) policy_loss=+0.0140 value_loss=  80.872 entropy=-2.008 (この反復   2.4秒, 累計  54.5分)
  iter 1172/2000: rollout平均ep報酬=   482.0 (エピソード数  5) policy_loss=+0.0961 value_loss=  31.385 entropy=-2.012 (この反復   2.5秒, 累計  54.6分)
  iter 1173/2000: rollout平均ep報酬=   149.0 (エピソード数 12) policy_loss=-0.0124 value_loss=  87.612 entropy=-2.009 (この反復   2.4秒, 累計  54.6分)
  iter 1174/2000: rollout平均ep報酬=   103.3 (エピソード数 12) policy_loss=-0.0832 value_loss=  34.901 entropy=-2.009 (この反復   2.6秒, 累計  54.7分)
  iter 1175/2000: rollout平均ep報酬=   446.4 (エピソード数  5) policy_loss=-0.0243 value_loss=  24.302 entropy=-2.008 (この反復   2.2秒, 累計  54.7分)
    → 決定的方策の評価: best_reward候補 = 614.2 (これまでのベスト = 1232.3)
  iter 1176/2000: rollout平均ep報酬=    84.7 (エピソード数 11) policy_loss=-0.0591 value_loss=  32.523 entropy=-2.008 (この反復   2.4秒, 累計  54.8分)
  iter 1177/2000: rollout平均ep報酬=   516.0 (エピソード数  5) policy_loss=+0.0305 value_loss=  57.962 entropy=-2.011 (この反復   2.4秒, 累計  54.8分)
  iter 1178/2000: rollout平均ep報酬=   276.4 (エピソード数  9) policy_loss=+0.0342 value_loss=  90.108 entropy=-2.011 (この反復   2.5秒, 累計  54.8分)
  iter 1179/2000: rollout平均ep報酬=   331.0 (エピソード数  7) policy_loss=-0.0021 value_loss=  41.193 entropy=-2.014 (この反復   2.5秒, 累計  54.9分)
  iter 1180/2000: rollout平均ep報酬=   438.4 (エピソード数  6) policy_loss=-0.0435 value_loss=  15.718 entropy=-2.017 (この反復   2.6秒, 累計  54.9分)
    → 決定的方策の評価: best_reward候補 = 647.7 (これまでのベスト = 1232.3)
  [checkpoint] これまでのベスト重みを ev3way_w1.npy/ev3way_w2.npy に中間保存しました
  iter 1181/2000: rollout平均ep報酬=   342.7 (エピソード数  7) policy_loss=+0.0375 value_loss=  66.122 entropy=-2.012 (この反復   2.6秒, 累計  55.0分)
  iter 1182/2000: rollout平均ep報酬=   338.7 (エピソード数  6) policy_loss=+0.0365 value_loss=  54.963 entropy=-2.006 (この反復   2.6秒, 累計  55.0分)
  iter 1183/2000: rollout平均ep報酬=   289.5 (エピソード数  7) policy_loss=-0.0351 value_loss=  23.962 entropy=-2.007 (この反復   2.4秒, 累計  55.1分)
  iter 1184/2000: rollout平均ep報酬=   271.6 (エピソード数  6) policy_loss=-0.0101 value_loss=  78.378 entropy=-2.006 (この反復   2.6秒, 累計  55.1分)
  iter 1185/2000: rollout平均ep報酬=   297.8 (エピソード数  7) policy_loss=-0.0583 value_loss=  23.123 entropy=-2.016 (この反復   2.6秒, 累計  55.2分)
    → 決定的方策の評価: best_reward候補 = 644.1 (これまでのベスト = 1232.3)
  iter 1186/2000: rollout平均ep報酬=   134.6 (エピソード数  9) policy_loss=+0.0114 value_loss=  52.888 entropy=-2.015 (この反復   2.4秒, 累計  55.2分)
  iter 1187/2000: rollout平均ep報酬=   188.4 (エピソード数  8) policy_loss=+0.0423 value_loss=  75.809 entropy=-2.007 (この反復   2.4秒, 累計  55.3分)
  iter 1188/2000: rollout平均ep報酬=   250.7 (エピソード数  9) policy_loss=+0.0472 value_loss= 123.596 entropy=-2.001 (この反復   2.5秒, 累計  55.3分)
  iter 1189/2000: rollout平均ep報酬=   197.6 (エピソード数 11) policy_loss=-0.0720 value_loss=  47.229 entropy=-1.999 (この反復   2.4秒, 累計  55.4分)
  iter 1190/2000: rollout平均ep報酬=   436.3 (エピソード数  6) policy_loss=+0.0329 value_loss=  25.288 entropy=-1.997 (この反復   2.7秒, 累計  55.4分)
    → 決定的方策の評価: best_reward候補 = 868.4 (これまでのベスト = 1232.3)
  [checkpoint] これまでのベスト重みを ev3way_w1.npy/ev3way_w2.npy に中間保存しました
  iter 1191/2000: rollout平均ep報酬=   287.8 (エピソード数  7) policy_loss=-0.0744 value_loss=  26.438 entropy=-1.991 (この反復   2.3秒, 累計  55.5分)
  iter 1192/2000: rollout平均ep報酬=   332.1 (エピソード数  6) policy_loss=+0.0416 value_loss=  84.486 entropy=-1.989 (この反復   2.3秒, 累計  55.5分)
  iter 1193/2000: rollout平均ep報酬=   266.2 (エピソード数  8) policy_loss=+0.0747 value_loss=  79.972 entropy=-1.985 (この反復   2.3秒, 累計  55.6分)
  iter 1194/2000: rollout平均ep報酬=   537.5 (エピソード数  4) policy_loss=-0.0225 value_loss=  13.594 entropy=-1.987 (この反復   2.4秒, 累計  55.6分)
  iter 1195/2000: rollout平均ep報酬=   704.6 (エピソード数  4) policy_loss=+0.0655 value_loss=  34.570 entropy=-1.993 (この反復   2.3秒, 累計  55.6分)
    → 決定的方策の評価: best_reward候補 = 618.3 (これまでのベスト = 1232.3)
  iter 1196/2000: rollout平均ep報酬=   262.1 (エピソード数  8) policy_loss=+0.0196 value_loss=  34.167 entropy=-1.993 (この反復   2.3秒, 累計  55.7分)
  iter 1197/2000: rollout平均ep報酬=   327.1 (エピソード数  7) policy_loss=+0.0282 value_loss= 105.109 entropy=-1.994 (この反復   2.4秒, 累計  55.7分)
  iter 1198/2000: rollout平均ep報酬=   272.5 (エピソード数  7) policy_loss=+0.0165 value_loss=  36.882 entropy=-1.998 (この反復   2.3秒, 累計  55.8分)
  iter 1199/2000: rollout平均ep報酬=   444.0 (エピソード数  6) policy_loss=-0.0430 value_loss=  25.076 entropy=-1.992 (この反復   2.8秒, 累計  55.8分)
  iter 1200/2000: rollout平均ep報酬=   467.0 (エピソード数  4) policy_loss=-0.0093 value_loss=  38.273 entropy=-1.985 (この反復   2.3秒, 累計  55.9分)
    → 決定的方策の評価: best_reward候補 = 621.2 (これまでのベスト = 1232.3)
  [checkpoint] これまでのベスト重みを ev3way_w1.npy/ev3way_w2.npy に中間保存しました
  iter 1201/2000: rollout平均ep報酬=   443.0 (エピソード数  5) policy_loss=-0.0741 value_loss=  10.784 entropy=-1.981 (この反復   2.4秒, 累計  55.9分)
  iter 1202/2000: rollout平均ep報酬=   519.6 (エピソード数  5) policy_loss=-0.0018 value_loss=  61.422 entropy=-1.979 (この反復   2.4秒, 累計  56.0分)
  iter 1203/2000: rollout平均ep報酬=   273.6 (エピソード数  7) policy_loss=+0.0575 value_loss=  73.716 entropy=-1.974 (この反復   2.5秒, 累計  56.0分)
  iter 1204/2000: rollout平均ep報酬=   255.2 (エピソード数  8) policy_loss=+0.0340 value_loss=  87.198 entropy=-1.970 (この反復   2.6秒, 累計  56.1分)
  iter 1205/2000: rollout平均ep報酬=   146.5 (エピソード数 12) policy_loss=-0.0116 value_loss= 123.367 entropy=-1.962 (この反復   2.4秒, 累計  56.1分)
    → 決定的方策の評価: best_reward候補 = 630.6 (これまでのベスト = 1232.3)
  iter 1206/2000: rollout平均ep報酬=   145.6 (エピソード数  9) policy_loss=+0.0264 value_loss=  80.359 entropy=-1.963 (この反復   2.4秒, 累計  56.2分)
  iter 1207/2000: rollout平均ep報酬=   282.3 (エピソード数  7) policy_loss=-0.0224 value_loss=  89.301 entropy=-1.938 (この反復   2.4秒, 累計  56.2分)
  iter 1208/2000: rollout平均ep報酬=   124.1 (エピソード数  7) policy_loss=-0.0246 value_loss=  67.575 entropy=-1.935 (この反復   2.4秒, 累計  56.2分)
  iter 1209/2000: rollout平均ep報酬=   303.1 (エピソード数  5) policy_loss=-0.0494 value_loss=  21.135 entropy=-1.936 (この反復   2.4秒, 累計  56.3分)
  iter 1210/2000: rollout平均ep報酬=   242.9 (エピソード数  8) policy_loss=-0.0029 value_loss=  32.034 entropy=-1.935 (この反復   2.5秒, 累計  56.3分)
    → 決定的方策の評価: best_reward候補 = 640.7 (これまでのベスト = 1232.3)
  [checkpoint] これまでのベスト重みを ev3way_w1.npy/ev3way_w2.npy に中間保存しました
  iter 1211/2000: rollout平均ep報酬=   143.4 (エピソード数 10) policy_loss=+0.0314 value_loss= 120.481 entropy=-1.944 (この反復   2.4秒, 累計  56.4分)
  iter 1212/2000: rollout平均ep報酬=   486.4 (エピソード数  5) policy_loss=+0.0628 value_loss=  45.475 entropy=-1.945 (この反復   2.6秒, 累計  56.4分)
  iter 1213/2000: rollout平均ep報酬=   384.2 (エピソード数  5) policy_loss=-0.0888 value_loss=  20.709 entropy=-1.944 (この反復   2.7秒, 累計  56.5分)
  iter 1214/2000: rollout平均ep報酬=   199.7 (エピソード数  9) policy_loss=-0.0051 value_loss=  71.968 entropy=-1.939 (この反復   2.4秒, 累計  56.5分)
  iter 1215/2000: rollout平均ep報酬=   343.9 (エピソード数  6) policy_loss=-0.0368 value_loss=  12.608 entropy=-1.935 (この反復   2.5秒, 累計  56.6分)
    → 決定的方策の評価: best_reward候補 = 1105.1 (これまでのベスト = 1232.3)
  iter 1216/2000: rollout平均ep報酬=   174.1 (エピソード数  7) policy_loss=+0.0162 value_loss=  65.988 entropy=-1.936 (この反復   2.4秒, 累計  56.6分)
  iter 1217/2000: rollout平均ep報酬=   474.0 (エピソード数  5) policy_loss=+0.0070 value_loss=   4.580 entropy=-1.934 (この反復   2.4秒, 累計  56.7分)
  iter 1218/2000: rollout平均ep報酬=   527.0 (エピソード数  5) policy_loss=-0.0031 value_loss=  35.057 entropy=-1.937 (この反復   2.5秒, 累計  56.7分)
  iter 1219/2000: rollout平均ep報酬=   610.8 (エピソード数  4) policy_loss=-0.0104 value_loss=  16.987 entropy=-1.934 (この反復   2.4秒, 累計  56.8分)
  iter 1220/2000: rollout平均ep報酬=   168.3 (エピソード数  9) policy_loss=-0.0277 value_loss=  49.881 entropy=-1.938 (この反復   2.3秒, 累計  56.8分)
    → 決定的方策の評価: best_reward候補 = 1098.3 (これまでのベスト = 1232.3)
  [checkpoint] これまでのベスト重みを ev3way_w1.npy/ev3way_w2.npy に中間保存しました
  iter 1221/2000: rollout平均ep報酬=   633.9 (エピソード数  4) policy_loss=-0.0179 value_loss=  28.423 entropy=-1.935 (この反復   2.4秒, 累計  56.9分)
  iter 1222/2000: rollout平均ep報酬=    24.2 (エピソード数  8) policy_loss=-0.0082 value_loss=  53.258 entropy=-1.930 (この反復   2.5秒, 累計  56.9分)
  iter 1223/2000: rollout平均ep報酬=   718.4 (エピソード数  4) policy_loss=+0.0548 value_loss=  18.666 entropy=-1.938 (この反復   2.4秒, 累計  57.0分)
  iter 1224/2000: rollout平均ep報酬=   204.1 (エピソード数  9) policy_loss=-0.0577 value_loss=  24.850 entropy=-1.939 (この反復   2.5秒, 累計  57.0分)
  iter 1225/2000: rollout平均ep報酬=   642.9 (エピソード数  4) policy_loss=-0.0048 value_loss=  77.136 entropy=-1.935 (この反復   2.1秒, 累計  57.1分)
    → 決定的方策の評価: best_reward候補 = 1096.4 (これまでのベスト = 1232.3)
  iter 1226/2000: rollout平均ep報酬=   342.6 (エピソード数  6) policy_loss=-0.0111 value_loss=  37.921 entropy=-1.915 (この反復   2.4秒, 累計  57.1分)
  iter 1227/2000: rollout平均ep報酬=   411.4 (エピソード数  5) policy_loss=-0.0001 value_loss=  42.767 entropy=-1.896 (この反復   2.4秒, 累計  57.2分)
  iter 1228/2000: rollout平均ep報酬=   198.1 (エピソード数  6) policy_loss=-0.0233 value_loss=  25.172 entropy=-1.886 (この反復   2.4秒, 累計  57.2分)
  iter 1229/2000: rollout平均ep報酬=   468.9 (エピソード数  5) policy_loss=+0.0621 value_loss=  14.280 entropy=-1.890 (この反復   2.8秒, 累計  57.3分)
  iter 1230/2000: rollout平均ep報酬=   457.1 (エピソード数  4) policy_loss=-0.0767 value_loss=  28.708 entropy=-1.890 (この反復   2.3秒, 累計  57.3分)
    → 決定的方策の評価: best_reward候補 = 635.1 (これまでのベスト = 1232.3)
  [checkpoint] これまでのベスト重みを ev3way_w1.npy/ev3way_w2.npy に中間保存しました
  iter 1231/2000: rollout平均ep報酬=   424.3 (エピソード数  5) policy_loss=+0.0522 value_loss=  45.243 entropy=-1.886 (この反復   2.3秒, 累計  57.4分)
  iter 1232/2000: rollout平均ep報酬=   181.5 (エピソード数  9) policy_loss=-0.0540 value_loss=  13.024 entropy=-1.892 (この反復   2.4秒, 累計  57.4分)
  iter 1233/2000: rollout平均ep報酬=  1031.0 (エピソード数  4) policy_loss=-0.0712 value_loss=   2.727 entropy=-1.899 (この反復   2.7秒, 累計  57.5分)
  iter 1234/2000: rollout平均ep報酬=   133.4 (エピソード数 11) policy_loss=+0.0033 value_loss=  85.657 entropy=-1.900 (この反復   2.5秒, 累計  57.5分)
  iter 1235/2000: rollout平均ep報酬=   370.5 (エピソード数  7) policy_loss=-0.0256 value_loss=  45.912 entropy=-1.896 (この反復   2.5秒, 累計  57.5分)
    → 決定的方策の評価: best_reward候補 = 636.6 (これまでのベスト = 1232.3)
  iter 1236/2000: rollout平均ep報酬=   267.5 (エピソード数  7) policy_loss=-0.0459 value_loss=  37.180 entropy=-1.898 (この反復   2.3秒, 累計  57.6分)
  iter 1237/2000: rollout平均ep報酬=   383.5 (エピソード数  6) policy_loss=-0.0675 value_loss=  52.655 entropy=-1.898 (この反復   2.2秒, 累計  57.6分)
  iter 1238/2000: rollout平均ep報酬=   231.9 (エピソード数  6) policy_loss=+0.0732 value_loss=  69.791 entropy=-1.893 (この反復   2.5秒, 累計  57.7分)
  iter 1239/2000: rollout平均ep報酬=    62.4 (エピソード数 13) policy_loss=+0.0150 value_loss= 144.178 entropy=-1.889 (この反復   2.3秒, 累計  57.7分)
  iter 1240/2000: rollout平均ep報酬=   327.3 (エピソード数  7) policy_loss=+0.1049 value_loss= 110.889 entropy=-1.877 (この反復   2.4秒, 累計  57.8分)
    → 決定的方策の評価: best_reward候補 = 621.4 (これまでのベスト = 1232.3)
  [checkpoint] これまでのベスト重みを ev3way_w1.npy/ev3way_w2.npy に中間保存しました
  iter 1241/2000: rollout平均ep報酬=   961.0 (エピソード数  4) policy_loss=-0.0245 value_loss=  24.784 entropy=-1.877 (この反復   2.6秒, 累計  57.8分)
  iter 1242/2000: rollout平均ep報酬=   164.3 (エピソード数  8) policy_loss=-0.0474 value_loss=  41.203 entropy=-1.878 (この反復   2.3秒, 累計  57.9分)
  iter 1243/2000: rollout平均ep報酬=   249.6 (エピソード数  6) policy_loss=+0.0798 value_loss= 127.549 entropy=-1.889 (この反復   2.3秒, 累計  57.9分)
  iter 1244/2000: rollout平均ep報酬=   186.0 (エピソード数  8) policy_loss=-0.0934 value_loss=  17.898 entropy=-1.881 (この反復   2.3秒, 累計  57.9分)
  iter 1245/2000: rollout平均ep報酬=   110.9 (エピソード数  9) policy_loss=+0.0198 value_loss=  87.215 entropy=-1.873 (この反復   2.5秒, 累計  58.0分)
    → 決定的方策の評価: best_reward候補 = 608.9 (これまでのベスト = 1232.3)
  iter 1246/2000: rollout平均ep報酬=   100.1 (エピソード数 11) policy_loss=-0.0006 value_loss= 117.880 entropy=-1.872 (この反復   2.4秒, 累計  58.1分)
  iter 1247/2000: rollout平均ep報酬=   424.7 (エピソード数  6) policy_loss=+0.0237 value_loss=  25.165 entropy=-1.873 (この反復   2.6秒, 累計  58.1分)
  iter 1248/2000: rollout平均ep報酬=   228.1 (エピソード数  8) policy_loss=+0.0050 value_loss=  51.900 entropy=-1.887 (この反復   2.4秒, 累計  58.1分)
  iter 1249/2000: rollout平均ep報酬=   406.1 (エピソード数  6) policy_loss=+0.0972 value_loss=  44.287 entropy=-1.883 (この反復   2.6秒, 累計  58.2分)
  iter 1250/2000: rollout平均ep報酬=   431.9 (エピソード数  5) policy_loss=-0.0201 value_loss=  63.342 entropy=-1.876 (この反復   2.6秒, 累計  58.2分)
    → 決定的方策の評価: best_reward候補 = 616.9 (これまでのベスト = 1232.3)
  [checkpoint] これまでのベスト重みを ev3way_w1.npy/ev3way_w2.npy に中間保存しました
  iter 1251/2000: rollout平均ep報酬=   222.9 (エピソード数  8) policy_loss=+0.0104 value_loss=  42.969 entropy=-1.866 (この反復   2.3秒, 累計  58.3分)
  iter 1252/2000: rollout平均ep報酬=   185.1 (エピソード数 10) policy_loss=+0.0192 value_loss= 109.053 entropy=-1.856 (この反復   2.7秒, 累計  58.3分)
  iter 1253/2000: rollout平均ep報酬=   242.2 (エピソード数  8) policy_loss=-0.0606 value_loss= 101.367 entropy=-1.859 (この反復   2.1秒, 累計  58.4分)
  iter 1254/2000: rollout平均ep報酬=   327.9 (エピソード数  6) policy_loss=+0.0976 value_loss= 126.443 entropy=-1.867 (この反復   2.4秒, 累計  58.4分)
  iter 1255/2000: rollout平均ep報酬=    41.4 (エピソード数 16) policy_loss=-0.0017 value_loss=  43.623 entropy=-1.869 (この反復   2.3秒, 累計  58.5分)
    → 決定的方策の評価: best_reward候補 = 615.6 (これまでのベスト = 1232.3)
  iter 1256/2000: rollout平均ep報酬=   176.3 (エピソード数 10) policy_loss=+0.0147 value_loss=  44.321 entropy=-1.879 (この反復   2.3秒, 累計  58.5分)
  iter 1257/2000: rollout平均ep報酬=   316.9 (エピソード数  7) policy_loss=+0.0452 value_loss=  67.159 entropy=-1.864 (この反復   2.5秒, 累計  58.6分)
  iter 1258/2000: rollout平均ep報酬=   124.9 (エピソード数  8) policy_loss=+0.0205 value_loss= 117.282 entropy=-1.863 (この反復   2.3秒, 累計  58.6分)
  iter 1259/2000: rollout平均ep報酬=   274.4 (エピソード数  8) policy_loss=+0.0072 value_loss=  56.293 entropy=-1.859 (この反復   2.4秒, 累計  58.6分)
  iter 1260/2000: rollout平均ep報酬=   206.7 (エピソード数 10) policy_loss=+0.0263 value_loss=  66.890 entropy=-1.862 (この反復   2.6秒, 累計  58.7分)
    → 決定的方策の評価: best_reward候補 = 609.1 (これまでのベスト = 1232.3)
  [checkpoint] これまでのベスト重みを ev3way_w1.npy/ev3way_w2.npy に中間保存しました
  iter 1261/2000: rollout平均ep報酬=   310.6 (エピソード数  8) policy_loss=+0.0322 value_loss=  72.000 entropy=-1.866 (この反復   2.6秒, 累計  58.8分)
  iter 1262/2000: rollout平均ep報酬=   246.2 (エピソード数  8) policy_loss=-0.0207 value_loss=  61.889 entropy=-1.855 (この反復   2.3秒, 累計  58.8分)
  iter 1263/2000: rollout平均ep報酬=   183.6 (エピソード数 10) policy_loss=-0.0709 value_loss=  31.461 entropy=-1.847 (この反復   3.0秒, 累計  58.8分)
  iter 1264/2000: rollout平均ep報酬=   613.7 (エピソード数  4) policy_loss=+0.0519 value_loss=  53.573 entropy=-1.851 (この反復   2.3秒, 累計  58.9分)
  iter 1265/2000: rollout平均ep報酬=   -26.7 (エピソード数 25) policy_loss=+0.0598 value_loss= 158.602 entropy=-1.845 (この反復   2.5秒, 累計  58.9分)
    → 決定的方策の評価: best_reward候補 = 625.9 (これまでのベスト = 1232.3)
  iter 1266/2000: rollout平均ep報酬=   500.7 (エピソード数  5) policy_loss=-0.0154 value_loss=  13.648 entropy=-1.837 (この反復   2.6秒, 累計  59.0分)
  iter 1267/2000: rollout平均ep報酬=   345.4 (エピソード数  7) policy_loss=+0.0125 value_loss=  36.381 entropy=-1.836 (この反復   2.7秒, 累計  59.0分)
  iter 1268/2000: rollout平均ep報酬=   301.7 (エピソード数  6) policy_loss=-0.0521 value_loss=   7.891 entropy=-1.873 (この反復   2.4秒, 累計  59.1分)
  iter 1269/2000: rollout平均ep報酬=   134.4 (エピソード数 12) policy_loss=-0.0629 value_loss=  79.414 entropy=-1.879 (この反復   2.5秒, 累計  59.1分)
  iter 1270/2000: rollout平均ep報酬=   194.9 (エピソード数 10) policy_loss=+0.0956 value_loss=  29.603 entropy=-1.874 (この反復   2.5秒, 累計  59.2分)
    → 決定的方策の評価: best_reward候補 = 618.5 (これまでのベスト = 1232.3)
  [checkpoint] これまでのベスト重みを ev3way_w1.npy/ev3way_w2.npy に中間保存しました
  iter 1271/2000: rollout平均ep報酬=   395.8 (エピソード数  7) policy_loss=-0.0257 value_loss=  19.781 entropy=-1.872 (この反復   2.7秒, 累計  59.2分)
  iter 1272/2000: rollout平均ep報酬=   531.8 (エピソード数  5) policy_loss=-0.0699 value_loss=   9.319 entropy=-1.879 (この反復   2.4秒, 累計  59.3分)
  iter 1273/2000: rollout平均ep報酬=   460.2 (エピソード数  4) policy_loss=+0.1012 value_loss=  53.141 entropy=-1.886 (この反復   2.4秒, 累計  59.3分)
  iter 1274/2000: rollout平均ep報酬=   702.8 (エピソード数  4) policy_loss=-0.0272 value_loss=  17.090 entropy=-1.888 (この反復   2.7秒, 累計  59.4分)
  iter 1275/2000: rollout平均ep報酬=   208.0 (エピソード数 10) policy_loss=+0.0600 value_loss=  16.732 entropy=-1.884 (この反復   2.4秒, 累計  59.4分)
    → 決定的方策の評価: best_reward候補 = 598.9 (これまでのベスト = 1232.3)
  iter 1276/2000: rollout平均ep報酬=   164.7 (エピソード数  8) policy_loss=-0.0236 value_loss=  49.896 entropy=-1.884 (この反復   2.4秒, 累計  59.5分)
  iter 1277/2000: rollout平均ep報酬=  1034.2 (エピソード数  4) policy_loss=-0.0242 value_loss=  13.232 entropy=-1.893 (この反復   2.6秒, 累計  59.5分)
  iter 1278/2000: rollout平均ep報酬=   239.3 (エピソード数  9) policy_loss=-0.0714 value_loss=  57.601 entropy=-1.895 (この反復   2.4秒, 累計  59.5分)
  iter 1279/2000: rollout平均ep報酬=   265.2 (エピソード数  8) policy_loss=-0.0519 value_loss=  48.850 entropy=-1.894 (この反復   2.3秒, 累計  59.6分)
  iter 1280/2000: rollout平均ep報酬=   141.0 (エピソード数 10) policy_loss=-0.0180 value_loss=  54.947 entropy=-1.895 (この反復   2.4秒, 累計  59.6分)
    → 決定的方策の評価: best_reward候補 = 632.0 (これまでのベスト = 1232.3)
  [checkpoint] これまでのベスト重みを ev3way_w1.npy/ev3way_w2.npy に中間保存しました
  iter 1281/2000: rollout平均ep報酬=   356.0 (エピソード数  7) policy_loss=+0.0631 value_loss=  97.324 entropy=-1.894 (この反復   2.4秒, 累計  59.7分)
  iter 1282/2000: rollout平均ep報酬=   338.0 (エピソード数  6) policy_loss=+0.0265 value_loss=  71.018 entropy=-1.903 (この反復   2.4秒, 累計  59.7分)
  iter 1283/2000: rollout平均ep報酬=   331.2 (エピソード数  5) policy_loss=-0.0391 value_loss=  27.851 entropy=-1.913 (この反復   2.4秒, 累計  59.8分)
  iter 1284/2000: rollout平均ep報酬=   679.7 (エピソード数  4) policy_loss=-0.0622 value_loss=  13.194 entropy=-1.930 (この反復   2.3秒, 累計  59.8分)
  iter 1285/2000: rollout平均ep報酬=   791.6 (エピソード数  4) policy_loss=+0.0632 value_loss=   3.699 entropy=-1.954 (この反復   2.6秒, 累計  59.9分)
    → 決定的方策の評価: best_reward候補 = 379.2 (これまでのベスト = 1232.3)
  iter 1286/2000: rollout平均ep報酬=   168.9 (エピソード数 11) policy_loss=-0.1158 value_loss=  26.193 entropy=-1.953 (この反復   2.3秒, 累計  59.9分)
  iter 1287/2000: rollout平均ep報酬=    56.3 (エピソード数 16) policy_loss=+0.0221 value_loss= 119.915 entropy=-1.950 (この反復   2.3秒, 累計  60.0分)
  iter 1288/2000: rollout平均ep報酬=   135.2 (エピソード数 13) policy_loss=-0.0119 value_loss=  38.916 entropy=-1.949 (この反復   2.4秒, 累計  60.0分)
  iter 1289/2000: rollout平均ep報酬=   568.7 (エピソード数  5) policy_loss=-0.0328 value_loss=  26.619 entropy=-1.945 (この反復   2.5秒, 累計  60.0分)
  iter 1290/2000: rollout平均ep報酬=   298.6 (エピソード数  7) policy_loss=+0.0122 value_loss=  45.582 entropy=-1.943 (この反復   2.4秒, 累計  60.1分)
    → 決定的方策の評価: best_reward候補 = 388.9 (これまでのベスト = 1232.3)
  [checkpoint] これまでのベスト重みを ev3way_w1.npy/ev3way_w2.npy に中間保存しました
  iter 1291/2000: rollout平均ep報酬=   498.1 (エピソード数  5) policy_loss=-0.0200 value_loss=  40.218 entropy=-1.944 (この反復   2.3秒, 累計  60.1分)
  iter 1292/2000: rollout平均ep報酬=   509.6 (エピソード数  4) policy_loss=+0.0721 value_loss=  33.394 entropy=-1.941 (この反復   2.3秒, 累計  60.2分)
  iter 1293/2000: rollout平均ep報酬=   118.0 (エピソード数 10) policy_loss=+0.0179 value_loss= 148.431 entropy=-1.937 (この反復   2.3秒, 累計  60.2分)
  iter 1294/2000: rollout平均ep報酬=   151.7 (エピソード数  9) policy_loss=+0.0812 value_loss= 102.271 entropy=-1.938 (この反復   2.4秒, 累計  60.3分)
  iter 1295/2000: rollout平均ep報酬=   568.3 (エピソード数  4) policy_loss=-0.0216 value_loss=  30.570 entropy=-1.941 (この反復   2.4秒, 累計  60.3分)
    → 決定的方策の評価: best_reward候補 = 628.7 (これまでのベスト = 1232.3)
  iter 1296/2000: rollout平均ep報酬=    14.6 (エピソード数  8) policy_loss=+0.0349 value_loss=  37.053 entropy=-1.938 (この反復   2.4秒, 累計  60.4分)
  iter 1297/2000: rollout平均ep報酬=   187.5 (エピソード数 10) policy_loss=-0.0125 value_loss=  26.276 entropy=-1.935 (この反復   2.5秒, 累計  60.4分)
